-- MySQL dump 10.15  Distrib 10.0.38-MariaDB, for debian-linux-gnu (x86_64)
--
-- Host: localhost    Database: smartpmce
-- ------------------------------------------------------
-- Server version	10.0.38-MariaDB-0+deb8u1

/*!40101 SET @OLD_CHARACTER_SET_CLIENT=@@CHARACTER_SET_CLIENT */;
/*!40101 SET @OLD_CHARACTER_SET_RESULTS=@@CHARACTER_SET_RESULTS */;
/*!40101 SET @OLD_COLLATION_CONNECTION=@@COLLATION_CONNECTION */;
/*!40101 SET NAMES utf8 */;
/*!40103 SET @OLD_TIME_ZONE=@@TIME_ZONE */;
/*!40103 SET TIME_ZONE='+00:00' */;
/*!40014 SET @OLD_UNIQUE_CHECKS=@@UNIQUE_CHECKS, UNIQUE_CHECKS=0 */;
/*!40014 SET @OLD_FOREIGN_KEY_CHECKS=@@FOREIGN_KEY_CHECKS, FOREIGN_KEY_CHECKS=0 */;
/*!40101 SET @OLD_SQL_MODE=@@SQL_MODE, SQL_MODE='NO_AUTO_VALUE_ON_ZERO' */;
/*!40111 SET @OLD_SQL_NOTES=@@SQL_NOTES, SQL_NOTES=0 */;

--
-- Current Database: `smartpmce`
--


--
-- Table structure for table `admins`
--

DROP TABLE IF EXISTS `admins`;
/*!40101 SET @saved_cs_client     = @@character_set_client */;
/*!40101 SET character_set_client = utf8 */;
CREATE TABLE `admins` (
  `id` int(10) unsigned NOT NULL AUTO_INCREMENT,
  `empresa_id` int(10) unsigned DEFAULT NULL,
  `nombre` varchar(191) COLLATE utf8mb4_unicode_ci NOT NULL,
  `paterno` varchar(191) COLLATE utf8mb4_unicode_ci NOT NULL,
  `materno` varchar(191) COLLATE utf8mb4_unicode_ci NOT NULL,
  `email` varchar(191) COLLATE utf8mb4_unicode_ci NOT NULL,
  `foto` varchar(191) COLLATE utf8mb4_unicode_ci NOT NULL,
  `password` varchar(191) COLLATE utf8mb4_unicode_ci NOT NULL,
  `perfil` varchar(191) COLLATE utf8mb4_unicode_ci NOT NULL,
  `fecha` varchar(191) COLLATE utf8mb4_unicode_ci NOT NULL,
  `remember_token` varchar(100) COLLATE utf8mb4_unicode_ci DEFAULT NULL,
  `created_at` timestamp NULL DEFAULT NULL,
  `updated_at` timestamp NULL DEFAULT NULL,
  PRIMARY KEY (`id`),
  UNIQUE KEY `admins_email_unique` (`email`),
  KEY `admins_empresa_id_foreign` (`empresa_id`),
  CONSTRAINT `admins_empresa_id_foreign` FOREIGN KEY (`empresa_id`) REFERENCES `empresas` (`id`)
) ENGINE=InnoDB AUTO_INCREMENT=10 DEFAULT CHARSET=utf8mb4 COLLATE=utf8mb4_unicode_ci;
/*!40101 SET character_set_client = @saved_cs_client */;

--
-- Dumping data for table `admins`
--

LOCK TABLES `admins` WRITE;
/*!40000 ALTER TABLE `admins` DISABLE KEYS */;
INSERT INTO `admins` VALUES (1,1,'Ulisses','Mercado','Alvarez','ulisses@kan-ek.com','perfil92438.png','$2y$10$ySQYwp5WgR66nZdgdo.WaOkn6HaRds6vwoW3/e6HfW1VqGotVD9qa','admin','20 de Julio de 2019',NULL,'2019-03-18 17:23:44','2019-03-18 17:23:44'),(2,1,'Gerardo','Cabestany','Mier y Teran','gerardocabestani@hotmail.com','perfil92438.png','$2y$10$T2zH/0um7B6ZLFz40eK5Quxh9Yc9AX/FSZpVor4BBhuamJ6E097cu','admin','20 de Julio de 2019',NULL,'2019-03-18 17:23:44','2019-03-18 17:23:44'),(3,1,'Areli','Hernandez','','arelihrdz.26@gmail.com','perfil92438.png','$2y$10$T2zH/0um7B6ZLFz40eK5Quxh9Yc9AX/FSZpVor4BBhuamJ6E097cu','admin','2019-01-20 03:48:48',NULL,NULL,NULL),(4,1,'Olga Verónica','Esquivel','','o.esquivel@bitsolutions.com.mx','perfil92438.png','$2y$10$T2zH/0um7B6ZLFz40eK5Quxh9Yc9AX/FSZpVor4BBhuamJ6E097cu','compras','2019-01-20 03:49:55',NULL,NULL,NULL),(5,1,'Ernesto','Rivera','','e.rivera@bitsolutions.com.mx','perfil92438.png','$2y$10$T2zH/0um7B6ZLFz40eK5Quxh9Yc9AX/FSZpVor4BBhuamJ6E097cu','admin','2019-01-20 03:48:23',NULL,NULL,NULL),(6,1,'José Luis','Hernandez','','l.hernandez@bitsolutions.com.mx','perfil92438.png','$2y$10$T2zH/0um7B6ZLFz40eK5Quxh9Yc9AX/FSZpVor4BBhuamJ6E097cu','gerente','2019-01-20 03:48:23',NULL,NULL,NULL),(7,1,'Ariadna','Rivera','','a.rivera@bitsolutions.com.mx','perfil92438.png','$2y$10$T2zH/0um7B6ZLFz40eK5Quxh9Yc9AX/FSZpVor4BBhuamJ6E097cu','ventas','2019-01-20 03:51:57',NULL,NULL,NULL),(8,1,'Josué','Galvan','','j.galvan@bitsolutions.com.mx','perfil92438.png','$2y$10$T2zH/0um7B6ZLFz40eK5Quxh9Yc9AX/FSZpVor4BBhuamJ6E097cu','ventas','2019-01-20 03:51:57',NULL,NULL,NULL),(9,1,'Romeo','Ramos','','ramos_romeo@hotmail.com','perfil92438.png','$2y$10$T2zH/0um7B6ZLFz40eK5Quxh9Yc9AX/FSZpVor4BBhuamJ6E097cu','operaciones','2019-01-20 03:55:02',NULL,NULL,NULL);
/*!40000 ALTER TABLE `admins` ENABLE KEYS */;
UNLOCK TABLES;

--
-- Table structure for table `clientes`
--

DROP TABLE IF EXISTS `clientes`;
/*!40101 SET @saved_cs_client     = @@character_set_client */;
/*!40101 SET character_set_client = utf8 */;
CREATE TABLE `clientes` (
  `id` int(10) unsigned NOT NULL AUTO_INCREMENT,
  `empresa_id` int(10) unsigned DEFAULT NULL,
  `cliente` varchar(191) COLLATE utf8mb4_unicode_ci NOT NULL,
  `industria_id` int(10) unsigned DEFAULT NULL,
  `logo` varchar(191) COLLATE utf8mb4_unicode_ci NOT NULL,
  `rfc` varchar(191) COLLATE utf8mb4_unicode_ci NOT NULL,
  `razonSocial` varchar(191) COLLATE utf8mb4_unicode_ci NOT NULL,
  `credito_id` int(10) unsigned DEFAULT NULL,
  `created_at` timestamp NULL DEFAULT NULL,
  `updated_at` timestamp NULL DEFAULT NULL,
  PRIMARY KEY (`id`),
  KEY `clientes_empresa_id_foreign` (`empresa_id`),
  KEY `clientes_industria_id_foreign` (`industria_id`),
  KEY `clientes_credito_id_foreign` (`credito_id`),
  CONSTRAINT `clientes_credito_id_foreign` FOREIGN KEY (`credito_id`) REFERENCES `creditos` (`id`),
  CONSTRAINT `clientes_empresa_id_foreign` FOREIGN KEY (`empresa_id`) REFERENCES `empresas` (`id`),
  CONSTRAINT `clientes_industria_id_foreign` FOREIGN KEY (`industria_id`) REFERENCES `industrias` (`id`)
) ENGINE=InnoDB AUTO_INCREMENT=10 DEFAULT CHARSET=utf8mb4 COLLATE=utf8mb4_unicode_ci;
/*!40101 SET character_set_client = @saved_cs_client */;

--
-- Dumping data for table `clientes`
--

LOCK TABLES `clientes` WRITE;
/*!40000 ALTER TABLE `clientes` DISABLE KEYS */;
INSERT INTO `clientes` VALUES (1,1,'BLACK BOX',3,'avatar.jpg','BBM95012313A','BLACK BOX  S DE R.L',2,NULL,'2019-11-19 17:49:33'),(2,1,'ELEMENTIA',1,'avatar.jpg','EAT041011ID1','ELEMENTIA SERVICIOS ADMINISTRATIVOS     ',2,NULL,NULL),(3,1,'MELMARK',1,'avatar.jpg','MCO0808084W4','MELMARK CORP SA DE CV',1,NULL,NULL),(4,1,'GUILLERMO JESUS MARTINEZ',1,'avatar.jpg','MAMG6905186N2','GUILLERMO JESUS MARTINEZ MENDOZA',1,NULL,NULL),(5,1,'HIGH TECH',1,'avatar.jpg','HTS920320HJA','HIGH TECH SERVICES',1,NULL,NULL),(7,1,'QUINTANA INGENIEROS',1,'avatar.jpg','QIN840102IX1','QUINTANA INGENIEROS SA DE CV',1,NULL,NULL),(8,1,'SITWIFI',3,'1560907904.png','SIT070918IXA','SITWIFI S.A. DE C.V.',1,'2019-06-19 01:31:44','2019-06-19 01:31:44'),(9,1,'PUBLICO GENERAL',3,'avatar.jpg','NO APLICA','PUBLICO GENERAL',1,'2019-06-26 03:41:46','2019-06-26 03:41:46');
/*!40000 ALTER TABLE `clientes` ENABLE KEYS */;
UNLOCK TABLES;

--
-- Table structure for table `condicionesComerciales`
--

DROP TABLE IF EXISTS `condicionesComerciales`;
/*!40101 SET @saved_cs_client     = @@character_set_client */;
/*!40101 SET character_set_client = utf8 */;
CREATE TABLE `condicionesComerciales` (
  `id` int(10) unsigned NOT NULL AUTO_INCREMENT,
  `empresa_id` int(10) unsigned DEFAULT NULL,
  `orden` int(11) NOT NULL,
  `texto` text COLLATE utf8mb4_unicode_ci NOT NULL,
  `tipo` varchar(191) COLLATE utf8mb4_unicode_ci NOT NULL,
  `created_at` timestamp NULL DEFAULT NULL,
  `updated_at` timestamp NULL DEFAULT NULL,
  PRIMARY KEY (`id`),
  KEY `condicionescomerciales_empresa_id_foreign` (`empresa_id`),
  CONSTRAINT `condicionescomerciales_empresa_id_foreign` FOREIGN KEY (`empresa_id`) REFERENCES `empresas` (`id`)
) ENGINE=InnoDB AUTO_INCREMENT=21 DEFAULT CHARSET=utf8mb4 COLLATE=utf8mb4_unicode_ci;
/*!40101 SET character_set_client = @saved_cs_client */;

--
-- Dumping data for table `condicionesComerciales`
--

LOCK TABLES `condicionesComerciales` WRITE;
/*!40000 ALTER TABLE `condicionesComerciales` DISABLE KEYS */;
INSERT INTO `condicionesComerciales` VALUES (1,1,1,'Estos Términos y Condiciones de Venta (“Contrato) junto con la cotización y cualquier otro documento que haga referencia a este Contrato, así como cualquier adición o modificación al mismo, constituyen los términos bajo los cuales BIT (como indicado en la cotización “BIT”) le vende al Comprador (como indicado en la cotización el “Comprador”) los productos y/o servicios indicados en la cotización (“Productos”). Este Contrato constituye el acuerdo completo entre las partes con respecto al objeto del mismo, y aplicara a todas las subsiguientes compras que haga el Compardor a BIT.  \r\nCualquier discusión, entendimiento, acuerdos, representaciones, costumbres y usos del comercio hechos por las partes con respecto al objeto del Contrato se tendrán por incorporados en este Contrato. No obstante lo señalado anteriormente, en caso que BIT y el Comprador sean partes de un acuerdo firmado por ambos que regule el suministro y uso de los Productos (el “Acuerdo Pre-Existente”), se considerara que los términos y condiciones de dicho Acuerdo Pre-existente prevalecen sobre este Contrato respecto al objeto de dicho Acuerdo.  BIT rechaza y no estará obligado por términos adicionales o distintos ya sea que estén impresos o no, en cualquier orden de compra o comunicación del Comprador a BIT, a menos que sea acordado en un escrito por separado y firmado por las partes y únicamente con respecto a esos Productos cubiertos bajo ese Acuerdo Pre-existente. La ejecución de una orden de compra no deberá interpretarse como una aceptación de BIT a los términos y condiciones contenidos o referenciados en dicha orden.  Esos términos adicionales o distintos se presumirán como una modificación a este Contrato, y se considerara que el Comprador ha aceptado este Contrato sin esos términos adicionales o distintos.  Este Contrato podría ser actualizado periódicamente por BIT. Cada revisión será identificada por el número de versión correspondiente y por su fecha de vigencia. Cualquier versión subsiguiente aplicara solamente a las cotizaciones u órdenes emitidas en la fecha de vigencia de dicha versión o después de dicha fecha.  La aceptación del Comprador de los Productos o el uso de los mismos constituye aceptación de este Contrato.','venta',NULL,NULL),(2,1,2,'El precio y cantidad de los Productos son los que se indican en la cotización de BIT. El Comprador acepta pagar el precio de compra de los Productos y todos los gastos que se señalan en las facturas de BIT dentro del plazo establecido en la factura. En el caso que el Comprador no cumpla con pagar el precio total de compra en el plazo establecido en la factura, se aplicarán las tasas máximas de interés permitidas por las leyes aplicables a todas las facturas vencidas comenzando a partir de la fecha de vencimiento de la factura, hasta el día en que se realice el pago efectivo de las mismas. Además de ejercer todos los recursos legales a que tenga derecho, BIT también tendrá derecho a recuperar los honorarios razonables de abogados y cualesquier otros gastos en los que haya incurrido con el fin resarciese el pago del precio de compra así como de cualquier otra obligación a la que tenga derecho bajo este Contrato.  \r\nEl Comprador pagará el cargo correspondiente o el cargo máximo permitido por ley, por cada cheque devuelto por falta de fondos. BIT se reserva el derecho de modificar o cancelar el crédito otorgado en cualquier momento y sin previo aviso y exigir garantías o el pago adelantado por los productos la cantidad de venta. BIT podría deducir cualquier monto adeudado por el Comprador de cualquier importe que BIT pudiese adeudar al Comprador, ya sea o no en virtud de este Contrato. \r\nLos precios acordados entre el Comprador y BIT no incluyen IVA ni ningún otro tipo de impuesto. Cualquier impuesto ó gravamen aplicables a la prestación de servicios o la producción, venta, transporte, transferencia, consumo o uso de los Productos que BIT está obligado a pagar o cobrar al Comprador, serán pagados por el Comprador a BIT en el momento del pago por los Productos, a menos que el Comprador suministre a BIT los certificados de exención exigidos por las autoridades fiscales. Dichos montos deberán ser abonados estén o no incluidos en la factura.','venta',NULL,NULL),(3,1,3,'El precio de los Productos en la cotización de BIT está sujeto a cambios, por causas eventuales como cambio en los costos de nacionalización de la mercadería cotizada (fletes, seguro, aranceles) o bien en la lista de precios del fabricante. En caso que la orden de compra sea sobre la base de una cotización realizada con más de 15 días continuos anteriores a la orden del Comprador, BIT tiene la potestad de modificar los precios de la cotización y, hacerlo saber al Comprador, a los fines de una nueva orden de compra, a menos que se especifique lo contrario en la cotización. Nuevos impuestos y aranceles: en caso que durante la vigencia del contrato se establezcan modificaciones en los aranceles y/o nuevos impuestos que incrementen los precios de los productos o servicios propuestos en esta contratación, las partes negociarán por un plazo de treinta (30) días el modo en que absorberán y distribuirán el impacto de dicha modificación.  \r\nEn caso de no llegar a un acuerdo, cualquiera de las partes podrá rescindir la contratación sin que de ello se derive un derecho a indemnización. En caso de existir, a la fecha de rescisión, prestaciones pendientes de ejecución, BIT cumplirá con dichas prestaciones al precio comprometido antes de la modificación impositiva. Asimismo, en caso de rescisión, BIT se compromete a prestar toda su colaboración para que la rescisión cause el menor perjuicio posible al Comprador. \r\nEn caso de descuentos, los mismos sólo serán aplicables al precio de los productos sin impuestos, y bajo ninguna circunstancia se entenderá aplicable a cualquier otro gasto accesorio. Los precios con descuento por promoción quedan sujetos a la aprobación del fabricante. Los descuentos no se aplican a los cargos por embalajes, rieles, carretes o transporte. El precio de venta de los productos es franco a bordo (F.O.B.) primer punto de embarque, a menos que se indique lo contrario en la cotización.  El derecho de propiedad y el riesgo de pérdida de los Productos pasará al Comprador con la entrega al transportista F.O.B. primer punto de embarque. Salvo por acuerdo escrito firmado por los representantes debidamente autorizados de ambas partes, el título de cualquier software asociado con un Producto no pasará al Comprador y en la medida permitida en virtud de cualquier acuerdo de Licencia relacionado con este tipo de software, el Comprador se le otorga una licencia limitada para utilizar el software en relación con el Producto, en estricta conformidad con dicho acuerdo de licencia; además el Comprador acepta los términos de licencia pertenecientes al software. El Comprador debe, a su propio cargo, indemnizar y defender a BIT de todas las reclamaciones, responsabilidades, denuncias, demandas, acciones legales, investigaciones, juicios, resoluciones, investigaciones, requerimientos u otros procesos, ya sean formales o informales, llevados a cabo en contra de BIT, con respecto de cualesquiera daños, perjuicios, responsabilidades, pérdidas, costos, cargos, honorarios y gastos incluyendo sin limitar, honorarios y gastos de abogados, según se incurra en los mismos, en relación con cualquier reclamación o litigio relacionado con la violación de cualquier derecho de Propiedad Intelectual o cualquier otro derecho de terceros por el Comprador.','venta',NULL,NULL),(4,1,4,'La orden de compra del Comprador debe ser presentada en forma escrita, y deberá estar debidamente aprobada y firmada por un funcionario autorizado a tales efectos por el Comprador. La orden se entenderá aceptada por BIT siempre y  cuando BIT no le envíe al Comprador una comunicación escrita indicando lo contrario dentro de los dos (2) días hábiles siguientes a la fecha de recepción de la orden de compra por parte de BIT debidamente firmada y aprobada por un funcionario designado por éste último. Las especificaciones y documentación técnica forman parte de la orden de compra del Comprador.  BIT no estará obligado por términos adicionales o diferentes a esos términos incluidos en la cotización y este Contrato, en cualquier orden de compra u otro documento o comunicación del Comprador al mismo, salvo por acuerdo escrito firmado por los representantes debidamente autorizados de ambas partes, y sólo con respecto a los Productos destinados a ser cubiertos por dicho acuerdo.','venta',NULL,NULL),(5,1,5,'No se aceptarán devoluciones de los productos vendidos, salvo autorización por escrito firmada por un funcionario de BIT acreditado para tal fin. En caso que BIT autorizara expresamente la devolución total o parcial de un pedido u orden de productos, el Comprador deberá pagarle, en calidad de penalidad, un importe equivalente al 20% del precio de los productos devueltos, sin perjuicio del daño ulterior respectivo.','venta',NULL,NULL),(6,1,6,'En caso de que el Comprador le solicite a BIT que le distribuye productos especiales o “non-stock”, y dicho productos no están normalmente a la venta para otros clientes de BIT o en sus bodegas, el Comprador acepta que al ser productos especiales, “non-stock” y para su uso particular, dichos productos no son cancelables ni retornables, y la responsabilidad de pagar por dichos productos, sin importar algunas excusas o argumentaciones del Comprador respecto a su incumplimiento de pago de otro productos ni su falta de uso del mismo o fracaso en vender dicho productos.','venta',NULL,NULL),(7,1,7,'La fecha de entrega de los Productos y cualquier otra fecha de cumplimiento de BIT será estimada por BIT de acuerdo con: la fecha de la orden de compra, las fechas de pagos realizados, la información y aprobaciones proporcionadas por el Comprador, y la disponibilidad del fabricante. BIT, de buena fe, hará lo posible para enviar los Productos en las fechas estimadas. BIT tiene el derecho de realizar envíos parciales si no se solicita expresamente un envió completo. Todos los cambios en las especificaciones, la fecha de envío o el rendimiento requerido por el Comprador, sólo serán efectivos mediante acuerdo escrito firmado por los representantes debidamente autorizados de ambas partes, y cuando los cambios afecten tiempo de entrega o costo de ejecución, un ajuste equitativo en la fecha de envío o en el precio de compra, o ambos, se aplicará. Si no se estipulan requisitos especiales de empaque o envío, BIT cumplirá con las especificaciones mínimas para el método de transporte especificado. Si no se especifica ningún método de transporte, el envío se realizará por un método razonable de transporte determinado por BIT a su sola discreción. BIT no se responsabiliza por posibles demoras como consecuencia de errores y/u omisiones en las configuraciones u otra condición solicitada por el fabricante. \r\nSalvo acuerdo en contrario entre las partes, las cantidades de productos solicitados en la orden de compra del Comprador, serán entregadas con base a las unidades nominales suministradas por los fabricantes. En el caso de alambre y cable, dichas cantidades podrán tener una tolerancia de un máximo de diez por ciento (+10%) y un mínimo de cinco por ciento (- 5%) excepto otra acordada antes de cotizar. El precio de la mercancía será igual al precio unitario multiplicado por la cantidad enviada.','venta',NULL,NULL),(8,1,8,'El Comprador deberá presentar a BIT inmediatamente y por escrito, todas las reclamaciones por piezas faltantes en cuanto reciba los Productos, de lo contrario se entenderá que renuncia a dicha reclamación. El Comprador deberá inspeccionar los Productos al recibirlos y notificará de inmediato a BIT, por escrito, sobre cualquier defecto en los Productos, para que BIT pueda realizar la reclamación pertinente a los fabricantes; de lo contrario, dichos Productos se considerarán aceptados.','venta',NULL,NULL),(9,1,9,'BIT transfiere y adjudica al Comprador todas las garantías transferibles obtenidas de los fabricantes de los Productos, así como cualquier indemnidad de propiedad intelectual del fabricante de dichos Productos. BIT no confiere ninguna garantía más allá de la proporcionada por dicha transferencia y adjudicación. En caso de algún defecto o no-conformidad en los Productos, el Comprador solo tendrá derecho a las garantías y soluciones proporcionados por los fabricantes de dichos Productos, que, por este medio, se transfieren y adjudican al Comprador. LAS GARANTÍAS ANTES MENCIONADAS SON EXCLUSIVAS Y BIT RECHAZA Y EL COMPRADOR RENUNCIA A TODAS OTRAS GARANTÍAS DE COMERCIABILIDAD, ADECUACIÓN PARA UN OBJETIVO PARTICULAR Y DE CUALQUIER OTRO TIPO, EXPRESO O IMPLÍCITO, SEGUN LA LEY Y SEA O NO OCASIONADO POR NEGLIGENCIA DE BIT. En caso la jurisdicción aplicable no permitiese la exclusión de garantías explícitas o implícitas, la duración de tales garantías se limitará al período de garantía (o al período mínimo que señale la ley aplicable).  Respecto a los Productos solicitados, el Comprador es el único responsable de la decisión de cuales productos compra de BIT, por lo tanto reconoce y acepta que cualquier sugerencia o recomendación de BIT sobre la adquisición de determinados productos es meramente referencial, sin responsabilidad alguna para BIT.','venta',NULL,NULL),(10,1,10,'BAJO NINGUNA CIRCUNSTANCIA, NI AL AMPARO DE NINGÚN FUNDAMENTO LEGAL, YA SEA CONTRACTUAL, EXTRACONTRACTUAL, O DE CUALQUIER OTRO TIPO, LAS PARTES SERÁN RESPONSABLES FRENTE A LA OTRA POR DAÑOS Y PERJUICIOS INDIRECTOS, ESPECIALES, PUNITIVOS, INCIDENTALES O DERIVADOS, NI POR DAÑOS Y PERJUICIOS POR LUCRO CESANTE, PÉRDIDA DE FONDO DE COMERCIO, PÉRDIDA DE SALARIOS DE EMPLEADOS, INTERRUPCIONES DEL TRABAJO NI POR ERRORES O FALLOS DE LOS PRODUCTOS O SERVICIOS NI TAMPOCO POR LOS COSTOS DERIVADOS DE OBTENCIÓN DE PRODUCTOS O SERVICIOS DE SUSTITUCIÓN.\r\n INDEPENDIENTEMENTE DEL FUNDAMENTO LEGAL  DEL RECLAMO POR TALES DAÑOS, YA SEA CONTRACTUAL, EXTRA CONTRACTUAL O DE CUALQUIER OTRO TIPO, LA RESPONSABILIDAD TOTAL DE CUALQUIERA DE LAS PARTES ANTE LA OTRA NO SUPERARÁ EN NINGÚN CASO EL PRECIO DE LOS PRODUCTOS O SERVICIOS QUE HAYA ORIGINADO TAL RECLAMACIÓN, AUN CUANDO SE HAYA COMUNICADO A LA OTRA PARTE SOBRE LA POSIBILIDAD DE QUE SE PRODUZCAN TALES DAÑOS Y PERJUICIOS.','venta',NULL,NULL),(11,1,11,'BIT no será responsable por cualquier incumplimiento de sus obligaciones en virtud de este Contrato que resulten directa o indirectamente de, o han contribuido a, o por causas de fuerza mayor, actos del Comprador, actos de terrorismo, de las autoridades civiles o militares, incendios, huelgas u otros conflictos laborales, accidentes, inundaciones, guerras, disturbios, incapacidad para conseguir materiales o el transporte, los actos u omisiones de los transportistas, o cualquier otra circunstancia más allá del control razonable de BIT. BIT no tendrá ninguna responsabilidad en virtud de este Contrato, con excepción de lo dispuesto expresamente en el presente Contrato. \r\nSolamente aplicable a ventas de Productos en la República Argentina: Bajo ninguna circunstancia BIT será responsable por las demoras u cualquier otro inconveniente derivado de una fuerza mayor (definidas en la legislación Argentina) y/o del Régimen de Declaración Jurada Anticipada de Importación establecido por la Resolución General AFIP 3252 e Importación de Servicios  establecido por la Resolución General 3276. Por lo tanto, BIT no podrá ser pasible de multa, cargo o recargo alguno como consecuencia de las posibles derivaciones del régimen mencionado.','venta',NULL,NULL),(12,1,12,'Si el Comprador proporciona especificaciones a BIT para su uso en la fabricación de los Productos, el Comprador deberá indemnizar y liberar de responsabilidad a BIT frente a cualquier reclámalo de infracción de la propiedad intelectual que surja del cumplimiento de BIT con tales especificaciones.','venta',NULL,NULL),(13,1,13,'Las partes cumplirán con todas las leyes, estatutos, y regulaciones aplicables, incluyendo pero no limitado a leyes de exportación e importación, anti-soborno y corrupción, sobre protección ambiental, de salud y seguridad. En la medida en que sea permitido por la ley aplicable, cada parte indemnizará y liberará de responsabilidad a la otra parte por cualesquier daños causados por violación a dichas leyes, estatutos y regulaciones.  El Comprador garantiza que utilizara los Productos para los fines para los que fue fabricado, siendo el único responsable por el uso que haga de los mismos.','venta',NULL,NULL),(14,1,14,'Toda información ya sea verbal, por escrito o por cualquier otro medio intercambiada entre las partes la cual podría ser considerada como confidencial por cualquier persona razonable y/o que estuviese relacionada con este Contrato, será considerada Información Confidencial o Propietaria. Ninguna de las partes divulgara o pondrá a disposición de terceros dicha Información Confidencial o Propietaria sin el consentimiento previo y por escrito de la otra parte. Esta obligación tendrá una vigencia de dos (2) años contados a partir de la fecha en que fue revelada a la otra parte. Toda la información de datos personales del Comprador está sujeta a las políticas de privacidad de datos personales de BIT publicada en el sitio web www.BIT.com/bpdataprivacy.','venta',NULL,NULL),(15,1,15,'Para todo lo relacionado con la interpretación y cumplimiento del Contrato se estará a lo dispuesto por las leyes de la jurisdicción donde BIT esté localizado, con independencia de las reglas de conflicto de leyes que de otra manera resultaren aplicables y no se regirá por la Convención de las Naciones Unidas  sobre los Contratos de Compraventa Internacional de Mercaderías. Las partes acuerdan expresamente someterse a la jurisdicción personal y exclusiva de las cortes la jurisdicción donde BIT esté localizado, renunciando a cualquier otro fuero que pudiera corresponderles por razón de sus domicilios presentes o futuros.','venta',NULL,NULL),(16,1,16,'Cualquier clausula de este Contrato que por su naturaleza deba permanecer vigente una vez rescindido este Contrato, permanecerá en vigencia después de dicha rescisión.','venta',NULL,NULL),(17,1,17,'Toda notificación, solicitud, petición y determinación a cualquier parte será enviada a su domicilio especificado en la cotización.','venta',NULL,NULL),(18,1,18,'Ninguna modificación, enmienda, renuncia, o terminación de este Contrato tendrá validez a menos que se haga por escrito firmado por las partes. El no ejercicio por parte de BIT de cualquier derecho o recurso al que tenga derecho en virtud del Contrato, no deberá considerarse como la renuncia a dichos derechos o recursos, tampoco la aceptación de cualquier pago, salvo por acuerdo escrito firmado por BIT. El no ejercicio de algún derecho por parte de BIT no se extenderá o afectara cualquier otro derecho, ni la no reclamación de BIT de algún incumplimiento se extenderá a cualquier otro incumplimiento similar o distinto.  Este Contrato es en beneficio de las partes y no de cualquier otra.  \r\nEl Comprador no podrá ceder este Contrato, en todo o en parte, sin el consentimiento previo y por escrito de BIT.   \r\nEn caso existiese una reclamación en contra del Comprador, BIT podrá ceder su derecho a entablar alguna acción ya sea a su casa matriz o a cualquiera de sus subsidiarias o afiliadas sin el consentimiento del Comprador.  En caso de que cualquier disposición de este Contrato resulte ilegal, inválida o inexigible por decisión de una corte, tribunal u autoridad competente, el resto de las disposiciones serán exigibles, y la validez de todas las demás disposiciones en el Contrato no se verán afectadas por lo que permanecerán con toda su fuerza y efecto legal.','venta',NULL,NULL),(19,1,1,'100% antes de iniciar los trabajos.','pago',NULL,NULL),(20,1,2,'50% anticipo y 50% contra entrega.','pago',NULL,NULL);
/*!40000 ALTER TABLE `condicionesComerciales` ENABLE KEYS */;
UNLOCK TABLES;

--
-- Table structure for table `contactosClientes`
--

DROP TABLE IF EXISTS `contactosClientes`;
/*!40101 SET @saved_cs_client     = @@character_set_client */;
/*!40101 SET character_set_client = utf8 */;
CREATE TABLE `contactosClientes` (
  `id` int(10) unsigned NOT NULL AUTO_INCREMENT,
  `empresa_id` int(10) unsigned DEFAULT NULL,
  `cliente_id` int(10) unsigned DEFAULT NULL,
  `nombre` varchar(191) COLLATE utf8mb4_unicode_ci NOT NULL,
  `paterno` varchar(191) COLLATE utf8mb4_unicode_ci NOT NULL,
  `materno` varchar(191) COLLATE utf8mb4_unicode_ci NOT NULL,
  `puesto` varchar(191) COLLATE utf8mb4_unicode_ci NOT NULL,
  `created_at` timestamp NULL DEFAULT NULL,
  `updated_at` timestamp NULL DEFAULT NULL,
  PRIMARY KEY (`id`),
  KEY `contactosclientes_empresa_id_foreign` (`empresa_id`),
  KEY `contactosclientes_cliente_id_foreign` (`cliente_id`),
  CONSTRAINT `contactosclientes_cliente_id_foreign` FOREIGN KEY (`cliente_id`) REFERENCES `clientes` (`id`),
  CONSTRAINT `contactosclientes_empresa_id_foreign` FOREIGN KEY (`empresa_id`) REFERENCES `empresas` (`id`)
) ENGINE=InnoDB AUTO_INCREMENT=10 DEFAULT CHARSET=utf8mb4 COLLATE=utf8mb4_unicode_ci;
/*!40101 SET character_set_client = @saved_cs_client */;

--
-- Dumping data for table `contactosClientes`
--

LOCK TABLES `contactosClientes` WRITE;
/*!40000 ALTER TABLE `contactosClientes` DISABLE KEYS */;
INSERT INTO `contactosClientes` VALUES (1,1,1,'LUIS','CALVA','','.',NULL,NULL),(2,1,2,'ENRIQUE','DE LA TORRE','.','.',NULL,NULL),(3,1,3,'RICARDO','DROMUNDO','.','.',NULL,NULL),(4,1,4,'GUILLERMO JESUS','MARTINEZ','.','.',NULL,NULL),(5,1,5,'SIDRONIO','GALVEZ','.','.',NULL,NULL),(7,1,7,'ERNESTO','DIAZ','','',NULL,NULL),(8,1,8,'AARON','ARCIGA','LEYVA','GERENTE DE PROYECTOS E INSTALACIONES','2019-06-19 01:33:18','2019-06-19 01:33:18'),(9,1,9,'PUBLICO GENERAL','NO APLICA','NO APLICA','NO APLICA','2019-06-26 03:42:28','2019-06-26 03:42:28');
/*!40000 ALTER TABLE `contactosClientes` ENABLE KEYS */;
UNLOCK TABLES;

--
-- Table structure for table `contactosProveedores`
--

DROP TABLE IF EXISTS `contactosProveedores`;
/*!40101 SET @saved_cs_client     = @@character_set_client */;
/*!40101 SET character_set_client = utf8 */;
CREATE TABLE `contactosProveedores` (
  `id` int(10) unsigned NOT NULL AUTO_INCREMENT,
  `empresa_id` int(10) unsigned DEFAULT NULL,
  `proveedor_id` int(10) unsigned DEFAULT NULL,
  `nombre` varchar(191) COLLATE utf8mb4_unicode_ci NOT NULL,
  `paterno` varchar(191) COLLATE utf8mb4_unicode_ci NOT NULL,
  `materno` varchar(191) COLLATE utf8mb4_unicode_ci NOT NULL,
  `puesto` varchar(191) COLLATE utf8mb4_unicode_ci NOT NULL,
  `created_at` timestamp NULL DEFAULT NULL,
  `updated_at` timestamp NULL DEFAULT NULL,
  PRIMARY KEY (`id`),
  KEY `contactosproveedores_empresa_id_foreign` (`empresa_id`),
  KEY `contactosproveedores_proveedor_id_foreign` (`proveedor_id`),
  CONSTRAINT `contactosproveedores_empresa_id_foreign` FOREIGN KEY (`empresa_id`) REFERENCES `empresas` (`id`),
  CONSTRAINT `contactosproveedores_proveedor_id_foreign` FOREIGN KEY (`proveedor_id`) REFERENCES `proveedores` (`id`)
) ENGINE=InnoDB AUTO_INCREMENT=23 DEFAULT CHARSET=utf8mb4 COLLATE=utf8mb4_unicode_ci;
/*!40101 SET character_set_client = @saved_cs_client */;

--
-- Dumping data for table `contactosProveedores`
--

LOCK TABLES `contactosProveedores` WRITE;
/*!40000 ALTER TABLE `contactosProveedores` DISABLE KEYS */;
INSERT INTO `contactosProveedores` VALUES (7,1,1,'DENISSE','HERNANDEZ','.','.',NULL,NULL),(8,1,2,'MYRIAM','CRUZ','.','.',NULL,NULL),(9,1,3,'JESUS MIGUEL','CASAS','.','.',NULL,NULL),(10,1,4,'PEDRO','MAZON','.','.',NULL,NULL),(11,1,5,'JUAN ANTONIO','CORTEZ','.','.',NULL,NULL),(12,1,6,'PABLO','VALDEZ','.','.',NULL,NULL),(13,1,7,'MELISA','LOPEZ','.','.',NULL,NULL),(14,1,8,'ISAAC','CRUZ','.','.',NULL,NULL),(15,1,9,'VIANEY','SALDAÑA','.','.',NULL,NULL),(16,1,10,'ROMEO','RAMOS','.','.',NULL,NULL),(17,1,11,'FAUSTO','OLIVERA','.','.',NULL,NULL),(18,1,12,'ISAAC','LOPEZ','.','.',NULL,NULL),(19,1,13,'VICTOR','URIBE','.','.',NULL,NULL),(20,1,15,'BRUNO','CAMACHO','','',NULL,NULL),(21,1,16,'Ernesto','Diaz','','',NULL,NULL),(22,1,17,'ALEJANDRO','POZOS','SERRANO','VENDEDOR','2019-08-11 01:35:43','2019-08-11 01:35:43');
/*!40000 ALTER TABLE `contactosProveedores` ENABLE KEYS */;
UNLOCK TABLES;

--
-- Table structure for table `cotizaciones`
--

DROP TABLE IF EXISTS `cotizaciones`;
/*!40101 SET @saved_cs_client     = @@character_set_client */;
/*!40101 SET character_set_client = utf8 */;
CREATE TABLE `cotizaciones` (
  `id` int(10) unsigned NOT NULL AUTO_INCREMENT,
  `empresa_id` int(10) unsigned DEFAULT NULL,
  `cliente_id` int(10) unsigned DEFAULT NULL,
  `contactoCliente_id` int(10) unsigned DEFAULT NULL,
  `direccionCliente_id` int(10) unsigned DEFAULT NULL,
  `emailCliente_id` int(10) unsigned DEFAULT NULL,
  `telefonoCliente_id` int(10) unsigned DEFAULT NULL,
  `cotizacion` varchar(191) COLLATE utf8mb4_unicode_ci NOT NULL,
  `version` int(11) NOT NULL,
  `fechaElaboracion` varchar(191) COLLATE utf8mb4_unicode_ci NOT NULL,
  `elaboro_id` int(10) unsigned DEFAULT NULL,
  `fechaAutorizacion` varchar(191) COLLATE utf8mb4_unicode_ci NOT NULL,
  `autorizo_id` int(10) unsigned DEFAULT NULL,
  `fechaCancelacion` varchar(191) COLLATE utf8mb4_unicode_ci NOT NULL,
  `cancelo_id` int(10) unsigned DEFAULT NULL,
  `motivoCancelacion` varchar(191) COLLATE utf8mb4_unicode_ci NOT NULL,
  `status_id` int(10) unsigned DEFAULT NULL,
  `condicionesComerciales` text COLLATE utf8mb4_unicode_ci NOT NULL,
  `condicionesPagos` varchar(191) COLLATE utf8mb4_unicode_ci NOT NULL,
  `comentarios` text COLLATE utf8mb4_unicode_ci NOT NULL,
  `totalMateriales` varchar(191) COLLATE utf8mb4_unicode_ci NOT NULL,
  `totalServicios` varchar(191) COLLATE utf8mb4_unicode_ci NOT NULL,
  `descuentoClienteFrecuente` decimal(10,2) NOT NULL,
  `descuentoClienteEspecial` decimal(10,2) NOT NULL,
  `descuentoEspecial` decimal(10,2) NOT NULL,
  `created_at` timestamp NULL DEFAULT NULL,
  `updated_at` timestamp NULL DEFAULT NULL,
  PRIMARY KEY (`id`),
  KEY `cotizaciones_empresa_id_foreign` (`empresa_id`),
  KEY `cotizaciones_cliente_id_foreign` (`cliente_id`),
  KEY `cotizaciones_contactocliente_id_foreign` (`contactoCliente_id`),
  KEY `cotizaciones_direccioncliente_id_foreign` (`direccionCliente_id`),
  KEY `cotizaciones_emailcliente_id_foreign` (`emailCliente_id`),
  KEY `cotizaciones_telefonocliente_id_foreign` (`telefonoCliente_id`),
  KEY `cotizaciones_elaboro_id_foreign` (`elaboro_id`),
  KEY `cotizaciones_autorizo_id_foreign` (`autorizo_id`),
  KEY `cotizaciones_cancelo_id_foreign` (`cancelo_id`),
  KEY `cotizaciones_status_id_foreign` (`status_id`)
) ENGINE=InnoDB AUTO_INCREMENT=51 DEFAULT CHARSET=utf8mb4 COLLATE=utf8mb4_unicode_ci;
/*!40101 SET character_set_client = @saved_cs_client */;

--
-- Dumping data for table `cotizaciones`
--

LOCK TABLES `cotizaciones` WRITE;
/*!40000 ALTER TABLE `cotizaciones` DISABLE KEYS */;
INSERT INTO `cotizaciones` VALUES (40,1,1,NULL,NULL,NULL,NULL,'1',0,'2019-07-22 00:08:34',1,'00-00-00 00:00:00',NULL,'2019-07-22 00:08:43',1,'No lo se',5,'Ninguna','Ninguna','Ninguno','0','0',0.00,0.00,0.00,'2019-07-22 00:08:34','2019-07-22 00:08:43'),(41,1,1,NULL,NULL,NULL,NULL,'2',0,'2019-07-22 00:08:47',1,'00-00-00 00:00:00',NULL,'2019-07-22 00:09:03',1,'Prueba',5,'Ninguna','Ninguna','Ninguno','0','0',0.00,0.00,0.00,'2019-07-22 00:08:47','2019-07-22 00:09:03'),(42,1,1,NULL,NULL,NULL,NULL,'3',0,'2019-07-22 00:36:37',1,'00-00-00 00:00:00',NULL,'2019-07-22 00:37:22',5,'Prueba',5,'Ninguna','Ninguna','Ninguno','0','0',0.00,0.00,0.00,'2019-07-22 00:36:37','2019-07-22 00:37:22'),(43,1,1,NULL,NULL,NULL,NULL,'4',1,'2019-07-22 00:37:37',1,'00-00-00 00:00:00',1,'2019-07-22 00:39:53',5,'prueba con mats y servicios',5,'1,2,3,4,5,6,7,8,9,10,11,12,13,14,15,16,17,18','Ninguna','Ninguno',' $ 467.95 USD $ 0.00 MXN',' $ 0.00 USD $ 30,158.73 MXN',0.00,0.00,0.00,'2019-07-22 00:37:37','2019-07-22 00:39:53'),(44,1,1,NULL,NULL,NULL,NULL,'5',1,'2019-07-22 01:11:26',1,'00-00-00 00:00:00',1,'2019-07-22 01:13:07',1,'asdf',5,'1,2,3,4,5,6,7,8,9,10,11,12,13,14,15,16,17,18','Ninguna','Ninguno','0','0',0.00,0.00,0.00,'2019-07-22 01:11:26','2019-07-22 01:13:07'),(45,1,1,NULL,NULL,NULL,NULL,'6',1,'2019-07-22 03:01:34',1,'00-00-00 00:00:00',1,'2019-08-11 01:29:38',5,'ERROR EN SOFTWARE',5,'1,2,3,4,5,6,7,8,9,10,11,12,13,14,15,16,17,18','Ninguna','Ninguno',' $ 137.18 USD<br> $ 0.00 MXN<br>',' $ 0.00 USD<br> $ 60,317.46 MXN<br>',0.00,0.00,0.00,'2019-07-22 03:01:34','2019-08-11 01:29:38'),(46,1,1,NULL,NULL,NULL,NULL,'7',0,'2019-08-11 01:28:50',1,'00-00-00 00:00:00',NULL,'2019-08-11 01:29:45',5,'ERROR EN SOFTWARE',5,'Ninguna','Ninguna','Ninguno','0','0',0.00,0.00,0.00,'2019-08-11 01:28:50','2019-08-11 01:29:45'),(47,1,1,NULL,NULL,NULL,NULL,'8',0,'2019-08-11 01:29:56',1,'00-00-00 00:00:00',NULL,'2019-08-11 01:39:20',5,'ERROR EN SOFTWARE',5,'Ninguna','Ninguna','Ninguno','0','0',0.00,0.00,0.00,'2019-08-11 01:29:56','2019-08-11 01:39:20'),(48,1,1,NULL,NULL,NULL,NULL,'9',0,'2019-08-11 01:39:37',1,'00-00-00 00:00:00',NULL,'00-00-00 00:00:00',NULL,'Ninguno',1,'Ninguna','Ninguna','Ninguno','0','0',0.00,0.00,0.00,'2019-08-11 01:39:37','2019-08-11 01:39:37'),(49,1,1,NULL,NULL,NULL,NULL,'10',0,'2019-09-24 00:42:26',1,'00-00-00 00:00:00',NULL,'00-00-00 00:00:00',NULL,'Ninguno',1,'Ninguna','Ninguna','Ninguno','0','0',0.00,0.00,0.00,'2019-09-24 00:42:26','2019-09-24 00:42:26'),(50,1,1,NULL,NULL,NULL,NULL,'11',1,'2019-11-19 17:55:59',1,'00-00-00 00:00:00',1,'2019-11-19 18:10:27',5,'DRYU',5,'1,2,3,4,5,6,7,8,9,10,11,12,13,14,15,16,17,18','Ninguna','Ninguno',' $ 9,268.90 USD<br> $ 0.00 MXN<br>',' $ 0.00 USD<br> $ 65,972.22 MXN<br>',0.00,0.00,0.00,'2019-11-19 17:55:59','2019-11-19 18:10:27');
/*!40000 ALTER TABLE `cotizaciones` ENABLE KEYS */;
UNLOCK TABLES;

--
-- Table structure for table `creditos`
--

DROP TABLE IF EXISTS `creditos`;
/*!40101 SET @saved_cs_client     = @@character_set_client */;
/*!40101 SET character_set_client = utf8 */;
CREATE TABLE `creditos` (
  `id` int(10) unsigned NOT NULL AUTO_INCREMENT,
  `empresa_id` int(10) unsigned DEFAULT NULL,
  `tiempo` varchar(191) COLLATE utf8mb4_unicode_ci NOT NULL,
  `observaciones` varchar(191) COLLATE utf8mb4_unicode_ci NOT NULL,
  `created_at` timestamp NULL DEFAULT NULL,
  `updated_at` timestamp NULL DEFAULT NULL,
  PRIMARY KEY (`id`),
  KEY `creditos_empresa_id_foreign` (`empresa_id`),
  CONSTRAINT `creditos_empresa_id_foreign` FOREIGN KEY (`empresa_id`) REFERENCES `empresas` (`id`)
) ENGINE=InnoDB AUTO_INCREMENT=4 DEFAULT CHARSET=utf8mb4 COLLATE=utf8mb4_unicode_ci;
/*!40101 SET character_set_client = @saved_cs_client */;

--
-- Dumping data for table `creditos`
--

LOCK TABLES `creditos` WRITE;
/*!40000 ALTER TABLE `creditos` DISABLE KEYS */;
INSERT INTO `creditos` VALUES (1,1,'0 días','ninguna','2019-03-18 11:23:44','2019-03-18 11:23:44'),(2,1,'30 días','ninguna','2019-03-18 11:23:44','2019-03-18 11:23:44'),(3,1,'60 días','ninguna','2019-03-18 11:23:44','2019-03-18 11:23:44');
/*!40000 ALTER TABLE `creditos` ENABLE KEYS */;
UNLOCK TABLES;

--
-- Table structure for table `direccionesClientes`
--

DROP TABLE IF EXISTS `direccionesClientes`;
/*!40101 SET @saved_cs_client     = @@character_set_client */;
/*!40101 SET character_set_client = utf8 */;
CREATE TABLE `direccionesClientes` (
  `id` int(10) unsigned NOT NULL AUTO_INCREMENT,
  `empresa_id` int(10) unsigned DEFAULT NULL,
  `tipoDireccion` varchar(191) COLLATE utf8mb4_unicode_ci NOT NULL,
  `calle` varchar(191) COLLATE utf8mb4_unicode_ci NOT NULL,
  `ext` varchar(191) COLLATE utf8mb4_unicode_ci NOT NULL,
  `int` varchar(191) COLLATE utf8mb4_unicode_ci NOT NULL,
  `colonia` varchar(191) COLLATE utf8mb4_unicode_ci NOT NULL,
  `municipio` varchar(191) COLLATE utf8mb4_unicode_ci NOT NULL,
  `estado` varchar(191) COLLATE utf8mb4_unicode_ci NOT NULL,
  `cp` varchar(191) COLLATE utf8mb4_unicode_ci NOT NULL,
  `pais` varchar(191) COLLATE utf8mb4_unicode_ci NOT NULL,
  `contacto_id` int(10) unsigned DEFAULT NULL,
  `created_at` timestamp NULL DEFAULT NULL,
  `updated_at` timestamp NULL DEFAULT NULL,
  PRIMARY KEY (`id`),
  KEY `direccionesclientes_empresa_id_foreign` (`empresa_id`),
  KEY `direccionesclientes_contacto_id_foreign` (`contacto_id`),
  CONSTRAINT `direccionesclientes_contacto_id_foreign` FOREIGN KEY (`contacto_id`) REFERENCES `contactosClientes` (`id`),
  CONSTRAINT `direccionesclientes_empresa_id_foreign` FOREIGN KEY (`empresa_id`) REFERENCES `empresas` (`id`)
) ENGINE=InnoDB AUTO_INCREMENT=8 DEFAULT CHARSET=utf8mb4 COLLATE=utf8mb4_unicode_ci;
/*!40101 SET character_set_client = @saved_cs_client */;

--
-- Dumping data for table `direccionesClientes`
--

LOCK TABLES `direccionesClientes` WRITE;
/*!40000 ALTER TABLE `direccionesClientes` DISABLE KEYS */;
INSERT INTO `direccionesClientes` VALUES (1,1,'Principal','MINERVA','1044','na','FLORIDA','ALVARO OBREGON','CDMX','1032','Mexico',1,NULL,NULL),(2,1,'Principal','LAGO ZURICH','245','PISO 20','AMPLIACION GRANADA','MIGUEL HIDALGO','CDMX','11529','Mexico',2,NULL,NULL),(3,1,'Principal','PLAYA REVOLCADERO','412','na','MILITAR MARTE','IZTACALCO','CDMX','8830','Mexico',3,NULL,NULL),(4,1,'Principal','MAR SMITH','57','A','CD. BRISA','NAUCALPAN','EDO. MEX.','53280','Mexico',4,NULL,NULL),(5,1,'Principal','CALZ. GRAL. MARIANO ESCOBEDO','555','na','BOSQUE DE CHAPULTEPE','MIGUEL HIDALGO','CDMX','11580','Mexico',5,NULL,NULL),(7,1,'Principal','','','','','','','','',7,NULL,NULL);
/*!40000 ALTER TABLE `direccionesClientes` ENABLE KEYS */;
UNLOCK TABLES;

--
-- Table structure for table `direccionesProveedores`
--

DROP TABLE IF EXISTS `direccionesProveedores`;
/*!40101 SET @saved_cs_client     = @@character_set_client */;
/*!40101 SET character_set_client = utf8 */;
CREATE TABLE `direccionesProveedores` (
  `id` int(10) unsigned NOT NULL AUTO_INCREMENT,
  `empresa_id` int(10) unsigned DEFAULT NULL,
  `tipoDireccion` varchar(191) COLLATE utf8mb4_unicode_ci NOT NULL,
  `calle` varchar(191) COLLATE utf8mb4_unicode_ci NOT NULL,
  `ext` varchar(191) COLLATE utf8mb4_unicode_ci NOT NULL,
  `int` varchar(191) COLLATE utf8mb4_unicode_ci NOT NULL,
  `colonia` varchar(191) COLLATE utf8mb4_unicode_ci NOT NULL,
  `municipio` varchar(191) COLLATE utf8mb4_unicode_ci NOT NULL,
  `estado` varchar(191) COLLATE utf8mb4_unicode_ci NOT NULL,
  `cp` varchar(191) COLLATE utf8mb4_unicode_ci NOT NULL,
  `pais` varchar(191) COLLATE utf8mb4_unicode_ci NOT NULL,
  `contacto_id` int(10) unsigned DEFAULT NULL,
  `created_at` timestamp NULL DEFAULT NULL,
  `updated_at` timestamp NULL DEFAULT NULL,
  PRIMARY KEY (`id`),
  KEY `direccionesproveedores_empresa_id_foreign` (`empresa_id`),
  KEY `direccionesproveedores_contacto_id_foreign` (`contacto_id`),
  CONSTRAINT `direccionesproveedores_contacto_id_foreign` FOREIGN KEY (`contacto_id`) REFERENCES `contactosProveedores` (`id`),
  CONSTRAINT `direccionesproveedores_empresa_id_foreign` FOREIGN KEY (`empresa_id`) REFERENCES `empresas` (`id`)
) ENGINE=InnoDB AUTO_INCREMENT=23 DEFAULT CHARSET=utf8mb4 COLLATE=utf8mb4_unicode_ci;
/*!40101 SET character_set_client = @saved_cs_client */;

--
-- Dumping data for table `direccionesProveedores`
--

LOCK TABLES `direccionesProveedores` WRITE;
/*!40000 ALTER TABLE `direccionesProveedores` DISABLE KEYS */;
INSERT INTO `direccionesProveedores` VALUES (7,1,'Principal','BLVD MANUEL AVILA CAMACHO','3130','5to PISO','VALLE DORADO','TLALNEPANTLA','EDO. MEX.','54020','Mexico',7,NULL,NULL),(8,1,'Principal','BLVD. TOLUCA','45','A','EL CONDE','NAUCALPAN','EDO. MEX.','53500','Mexico',8,NULL,NULL),(9,1,'Principal','CARRETERA PANAMERICANA','808','.','DELICIAS','CHIHUAHUA','CHIHUAHUA','33000','Mexico',9,NULL,NULL),(10,1,'Principal','AV DOMINGO DIEZ','910','.','LOMAS DE LA SELVA','CUERNAVACA','MORELOS','62270','Mexico',10,NULL,NULL),(11,1,'Principal','ROBERTO FULTON','2','.','SAN LORENZO','TLALNEPANTLA','EDO. MEX.','54030','Mexico',11,NULL,NULL),(12,1,'Principal','CAMINO HUINALA MEZQUITAL','800','.','SIN COLONIA','APODACA','NUEVO LEÓN','66600','Mexico',12,NULL,NULL),(13,1,'Principal','CUAUHTEMOC','17','.','URBANA IXHUATEPEC','ECATEPEC DE MORELOS','EDO. MEX.','55349','Mexico',13,NULL,NULL),(14,1,'Principal','CONDUCTORES','505','.','CONSTITUYENTES DE QU','SAN NICOLAS DE LOS GARZA','NUEVO LEÓN','66490','Mexico',14,NULL,NULL),(15,1,'Principal','AV. PANTENARIA','2122','.','JARDINES DEL SUR','GUADALAJARA','JALISCO','44920','Mexico',15,NULL,NULL),(16,1,'Principal','NÍSPERO NTE','MAZ 143 ','LT13 ','LOMAS DE SAN MIGUEL ','CIUDAD LÓPEZ MATEOS','EDO. MEX.','52966','Mexico',16,NULL,NULL),(17,1,'Principal','ANTONIO SOLIS','17','.','OBRERA','.','CDMX','6800','Mexico',17,NULL,NULL),(18,1,'Principal','CALLE 56A','3092','.','ASTURIAS','CUAUHTEMOC','CDMX','6850','Mexico',18,NULL,NULL),(19,1,'Principal','NANCE','1440','.','JARDINES DE LA VICTO','GUADALAJARA','JALISCO','44900','Mexico',19,NULL,NULL),(20,1,'Principal','LAURO VILLAR','120','','PROVIDENCIA','AZCAPOTZALCO','CDMX','02440','México',20,NULL,NULL),(21,1,'Principal','BAHIA MAGDALENA','59','2123','VERONICA ANZURES','MIGUEL HIDALGO','CDMX','11300','MEXICO',21,NULL,NULL),(22,1,'DOMICILIO FISCAL','AV. TEXCOCO','277','N.A.','JUAN ESCUTIA','IZTAPALAPA','CDMX','09100','MEXICO',22,'2019-08-11 01:37:32','2019-08-11 01:37:32');
/*!40000 ALTER TABLE `direccionesProveedores` ENABLE KEYS */;
UNLOCK TABLES;

--
-- Table structure for table `emailsClientes`
--

DROP TABLE IF EXISTS `emailsClientes`;
/*!40101 SET @saved_cs_client     = @@character_set_client */;
/*!40101 SET character_set_client = utf8 */;
CREATE TABLE `emailsClientes` (
  `id` int(10) unsigned NOT NULL AUTO_INCREMENT,
  `empresa_id` int(10) unsigned DEFAULT NULL,
  `tipoEmail` varchar(191) COLLATE utf8mb4_unicode_ci NOT NULL,
  `email` varchar(191) COLLATE utf8mb4_unicode_ci NOT NULL,
  `contacto_id` int(10) unsigned DEFAULT NULL,
  `created_at` timestamp NULL DEFAULT NULL,
  `updated_at` timestamp NULL DEFAULT NULL,
  PRIMARY KEY (`id`),
  KEY `emailsclientes_empresa_id_foreign` (`empresa_id`),
  KEY `emailsclientes_contacto_id_foreign` (`contacto_id`),
  CONSTRAINT `emailsclientes_contacto_id_foreign` FOREIGN KEY (`contacto_id`) REFERENCES `contactosClientes` (`id`),
  CONSTRAINT `emailsclientes_empresa_id_foreign` FOREIGN KEY (`empresa_id`) REFERENCES `empresas` (`id`)
) ENGINE=InnoDB AUTO_INCREMENT=7 DEFAULT CHARSET=utf8mb4 COLLATE=utf8mb4_unicode_ci;
/*!40101 SET character_set_client = @saved_cs_client */;

--
-- Dumping data for table `emailsClientes`
--

LOCK TABLES `emailsClientes` WRITE;
/*!40000 ALTER TABLE `emailsClientes` DISABLE KEYS */;
INSERT INTO `emailsClientes` VALUES (1,1,'Principal','rchavez@insiteinformatica.mx',1,NULL,NULL),(2,1,'Principal','edelatorre@elementia.com',2,NULL,NULL),(3,1,'Principal','rdromundo@melmarknet.com',3,NULL,NULL),(4,1,'Principal','gmingenieria1@gmail.com',4,NULL,NULL),(5,1,'Principal','n.rivera@grupohts.com.mx',5,NULL,NULL),(6,1,'Principal','je.diaz@quintanaingenieros.com.mx',7,NULL,NULL);
/*!40000 ALTER TABLE `emailsClientes` ENABLE KEYS */;
UNLOCK TABLES;

--
-- Table structure for table `emailsProveedores`
--

DROP TABLE IF EXISTS `emailsProveedores`;
/*!40101 SET @saved_cs_client     = @@character_set_client */;
/*!40101 SET character_set_client = utf8 */;
CREATE TABLE `emailsProveedores` (
  `id` int(10) unsigned NOT NULL AUTO_INCREMENT,
  `empresa_id` int(10) unsigned DEFAULT NULL,
  `tipoEmail` varchar(191) COLLATE utf8mb4_unicode_ci NOT NULL,
  `email` varchar(191) COLLATE utf8mb4_unicode_ci NOT NULL,
  `contacto_id` int(10) unsigned DEFAULT NULL,
  `created_at` timestamp NULL DEFAULT NULL,
  `updated_at` timestamp NULL DEFAULT NULL,
  PRIMARY KEY (`id`),
  KEY `emailsproveedores_empresa_id_foreign` (`empresa_id`),
  KEY `emailsproveedores_contacto_id_foreign` (`contacto_id`),
  CONSTRAINT `emailsproveedores_contacto_id_foreign` FOREIGN KEY (`contacto_id`) REFERENCES `contactosProveedores` (`id`),
  CONSTRAINT `emailsproveedores_empresa_id_foreign` FOREIGN KEY (`empresa_id`) REFERENCES `empresas` (`id`)
) ENGINE=InnoDB AUTO_INCREMENT=4 DEFAULT CHARSET=utf8mb4 COLLATE=utf8mb4_unicode_ci;
/*!40101 SET character_set_client = @saved_cs_client */;

--
-- Dumping data for table `emailsProveedores`
--

LOCK TABLES `emailsProveedores` WRITE;
/*!40000 ALTER TABLE `emailsProveedores` DISABLE KEYS */;
INSERT INTO `emailsProveedores` VALUES (1,1,'prueba','vianey@prueba.com',15,'2019-04-07 20:42:39','2019-04-07 20:42:39'),(2,1,'principal','dennise@proveedores.com',7,'2019-04-09 01:39:48','2019-04-09 01:39:48'),(3,1,'CORPORATIVO','contacto@makaymajo.com.mx',22,'2019-08-11 01:39:01','2019-08-11 01:39:01');
/*!40000 ALTER TABLE `emailsProveedores` ENABLE KEYS */;
UNLOCK TABLES;

--
-- Table structure for table `empresas`
--

DROP TABLE IF EXISTS `empresas`;
/*!40101 SET @saved_cs_client     = @@character_set_client */;
/*!40101 SET character_set_client = utf8 */;
CREATE TABLE `empresas` (
  `id` int(10) unsigned NOT NULL AUTO_INCREMENT,
  `razonSocial` varchar(191) COLLATE utf8mb4_unicode_ci NOT NULL,
  `rfc` varchar(191) COLLATE utf8mb4_unicode_ci NOT NULL,
  `logo` varchar(191) COLLATE utf8mb4_unicode_ci NOT NULL,
  `persona` varchar(191) COLLATE utf8mb4_unicode_ci NOT NULL,
  `web` varchar(191) COLLATE utf8mb4_unicode_ci NOT NULL,
  `created_at` timestamp NULL DEFAULT NULL,
  `updated_at` timestamp NULL DEFAULT NULL,
  PRIMARY KEY (`id`),
  UNIQUE KEY `empresas_rfc_unique` (`rfc`)
) ENGINE=InnoDB AUTO_INCREMENT=2 DEFAULT CHARSET=utf8mb4 COLLATE=utf8mb4_unicode_ci;
/*!40101 SET character_set_client = @saved_cs_client */;

--
-- Dumping data for table `empresas`
--

LOCK TABLES `empresas` WRITE;
/*!40000 ALTER TABLE `empresas` DISABLE KEYS */;
INSERT INTO `empresas` VALUES (1,'BIT INFRAESTURCTURE & ELECTRICAL, S.A. de C.V.','BIE180119M15','BIT_logo.png','Moral','bitsolutions.com.mx','2019-03-18 11:23:44','2019-03-18 11:23:44');
/*!40000 ALTER TABLE `empresas` ENABLE KEYS */;
UNLOCK TABLES;

--
-- Table structure for table `industrias`
--

DROP TABLE IF EXISTS `industrias`;
/*!40101 SET @saved_cs_client     = @@character_set_client */;
/*!40101 SET character_set_client = utf8 */;
CREATE TABLE `industrias` (
  `id` int(10) unsigned NOT NULL AUTO_INCREMENT,
  `empresa_id` int(10) unsigned DEFAULT NULL,
  `industria` varchar(191) COLLATE utf8mb4_unicode_ci NOT NULL,
  `descripcion` varchar(191) COLLATE utf8mb4_unicode_ci NOT NULL,
  `created_at` timestamp NULL DEFAULT NULL,
  `updated_at` timestamp NULL DEFAULT NULL,
  PRIMARY KEY (`id`),
  KEY `industrias_empresa_id_foreign` (`empresa_id`),
  CONSTRAINT `industrias_empresa_id_foreign` FOREIGN KEY (`empresa_id`) REFERENCES `empresas` (`id`)
) ENGINE=InnoDB AUTO_INCREMENT=5 DEFAULT CHARSET=utf8mb4 COLLATE=utf8mb4_unicode_ci;
/*!40101 SET character_set_client = @saved_cs_client */;

--
-- Dumping data for table `industrias`
--

LOCK TABLES `industrias` WRITE;
/*!40000 ALTER TABLE `industrias` DISABLE KEYS */;
INSERT INTO `industrias` VALUES (1,1,'Automotriz','Fabricación de vehículos','2019-03-18 11:23:44','2019-03-18 11:23:44'),(2,1,'Alimenticia','Alimentos','2019-03-18 11:23:44','2019-03-18 11:23:44'),(3,1,'Construcción','Obra civil','2019-03-18 11:23:44','2019-03-18 11:23:44'),(4,1,'Energía','Generación de Energía','2019-06-02 23:05:38','2019-06-02 23:05:38');
/*!40000 ALTER TABLE `industrias` ENABLE KEYS */;
UNLOCK TABLES;

--
-- Table structure for table `lineas`
--

DROP TABLE IF EXISTS `lineas`;
/*!40101 SET @saved_cs_client     = @@character_set_client */;
/*!40101 SET character_set_client = utf8 */;
CREATE TABLE `lineas` (
  `id` int(10) unsigned NOT NULL AUTO_INCREMENT,
  `empresa_id` int(10) unsigned DEFAULT NULL,
  `linea` varchar(191) COLLATE utf8mb4_unicode_ci NOT NULL,
  `created_at` timestamp NULL DEFAULT NULL,
  `updated_at` timestamp NULL DEFAULT NULL,
  PRIMARY KEY (`id`),
  KEY `lineas_empresa_id_foreign` (`empresa_id`),
  CONSTRAINT `lineas_empresa_id_foreign` FOREIGN KEY (`empresa_id`) REFERENCES `empresas` (`id`)
) ENGINE=InnoDB AUTO_INCREMENT=9 DEFAULT CHARSET=utf8mb4 COLLATE=utf8mb4_unicode_ci;
/*!40101 SET character_set_client = @saved_cs_client */;

--
-- Dumping data for table `lineas`
--

LOCK TABLES `lineas` WRITE;
/*!40000 ALTER TABLE `lineas` DISABLE KEYS */;
INSERT INTO `lineas` VALUES (3,1,'Servicios','2019-03-18 11:23:44','2019-03-18 11:23:44'),(4,1,'Infraestructura',NULL,NULL),(5,1,'Seguridad',NULL,NULL),(6,1,'Potencia','2019-06-02 23:03:17','2019-06-02 23:03:17'),(7,1,'Telecomunicaciones','2019-06-02 23:03:43','2019-06-02 23:03:43'),(8,1,'HVAC','2019-06-02 23:04:01','2019-06-02 23:04:01');
/*!40000 ALTER TABLE `lineas` ENABLE KEYS */;
UNLOCK TABLES;

--
-- Table structure for table `marcas`
--

DROP TABLE IF EXISTS `marcas`;
/*!40101 SET @saved_cs_client     = @@character_set_client */;
/*!40101 SET character_set_client = utf8 */;
CREATE TABLE `marcas` (
  `id` int(10) unsigned NOT NULL AUTO_INCREMENT,
  `empresa_id` int(10) unsigned DEFAULT NULL,
  `marca` varchar(191) COLLATE utf8mb4_unicode_ci NOT NULL,
  `created_at` timestamp NULL DEFAULT NULL,
  `updated_at` timestamp NULL DEFAULT NULL,
  PRIMARY KEY (`id`),
  UNIQUE KEY `marcas_marca_unique` (`marca`),
  KEY `marcas_empresa_id_foreign` (`empresa_id`),
  CONSTRAINT `marcas_empresa_id_foreign` FOREIGN KEY (`empresa_id`) REFERENCES `empresas` (`id`)
) ENGINE=InnoDB AUTO_INCREMENT=35 DEFAULT CHARSET=utf8mb4 COLLATE=utf8mb4_unicode_ci;
/*!40101 SET character_set_client = @saved_cs_client */;

--
-- Dumping data for table `marcas`
--

LOCK TABLES `marcas` WRITE;
/*!40000 ALTER TABLE `marcas` DISABLE KEYS */;
INSERT INTO `marcas` VALUES (15,1,'BIT',NULL,NULL),(16,1,'CHAROFIL',NULL,NULL),(17,1,'GENERICO',NULL,NULL),(18,1,'SYSTIMAX',NULL,NULL),(19,1,'PAN NET',NULL,NULL),(20,1,'BELDEN',NULL,NULL),(21,1,'AMP',NULL,NULL),(22,1,'NET KEY',NULL,NULL),(23,1,'CPI',NULL,NULL),(24,1,'APC',NULL,NULL),(25,1,'GREAT LAKES',NULL,NULL),(26,1,'BRADY',NULL,NULL),(27,1,'FIBREMEX',NULL,NULL),(28,1,'HIKVISION',NULL,NULL),(29,1,'EPCOM INDUSTRIAL',NULL,NULL),(30,1,'EPCOM',NULL,NULL),(31,1,'EPCOM TITANIUM',NULL,NULL),(32,1,'EPCOM POWER LINE',NULL,NULL),(33,1,'WESTERN DIGITAL (WD)',NULL,NULL),(34,1,'ALTRONIX',NULL,NULL);
/*!40000 ALTER TABLE `marcas` ENABLE KEYS */;
UNLOCK TABLES;

--
-- Table structure for table `materiales`
--

DROP TABLE IF EXISTS `materiales`;
/*!40101 SET @saved_cs_client     = @@character_set_client */;
/*!40101 SET character_set_client = utf8 */;
CREATE TABLE `materiales` (
  `id` int(10) unsigned NOT NULL AUTO_INCREMENT,
  `empresa_id` int(10) unsigned DEFAULT NULL,
  `codigo` varchar(191) COLLATE utf8mb4_unicode_ci NOT NULL,
  `nombre` varchar(191) COLLATE utf8mb4_unicode_ci NOT NULL,
  `marca_id` int(10) unsigned DEFAULT NULL,
  `linea_id` int(10) unsigned DEFAULT NULL,
  `costo` decimal(10,2) NOT NULL,
  `unidad_id` int(10) unsigned DEFAULT NULL,
  `proveedor` text COLLATE utf8mb4_unicode_ci NOT NULL,
  `moneda_id` int(10) unsigned DEFAULT NULL,
  `created_at` timestamp NULL DEFAULT NULL,
  `updated_at` timestamp NULL DEFAULT NULL,
  PRIMARY KEY (`id`),
  KEY `materiales_empresa_id_foreign` (`empresa_id`),
  KEY `materiales_marca_id_foreign` (`marca_id`),
  KEY `materiales_linea_id_foreign` (`linea_id`),
  KEY `materiales_unidad_id_foreign` (`unidad_id`),
  KEY `materiales_moneda_id_foreign` (`moneda_id`),
  CONSTRAINT `materiales_empresa_id_foreign` FOREIGN KEY (`empresa_id`) REFERENCES `empresas` (`id`),
  CONSTRAINT `materiales_linea_id_foreign` FOREIGN KEY (`linea_id`) REFERENCES `lineas` (`id`),
  CONSTRAINT `materiales_marca_id_foreign` FOREIGN KEY (`marca_id`) REFERENCES `marcas` (`id`),
  CONSTRAINT `materiales_moneda_id_foreign` FOREIGN KEY (`moneda_id`) REFERENCES `monedas` (`id`),
  CONSTRAINT `materiales_unidad_id_foreign` FOREIGN KEY (`unidad_id`) REFERENCES `unidades` (`id`)
) ENGINE=InnoDB AUTO_INCREMENT=1339 DEFAULT CHARSET=utf8mb4 COLLATE=utf8mb4_unicode_ci;
/*!40101 SET character_set_client = @saved_cs_client */;

--
-- Dumping data for table `materiales`
--

LOCK TABLES `materiales` WRITE;
/*!40000 ALTER TABLE `materiales` DISABLE KEYS */;
INSERT INTO `materiales` VALUES (1,1,'FX1BN1NNNSNM002',' JUMPER DE FIBRA OPTICA 1 FIBRA MULTIMODO (OM3) 900μm buffered LC A PIGTAL  sin revestimiento 2 Metros MM',19,4,6.81,8,'1',2,'0000-00-00 00:00:00','0000-00-00 00:00:00'),(2,1,'TF10IW-X','\"T\" P/DUCTO Pan-Way® LD10, BLANCO INTERNACIONAL (PK/10) PARA APLICACIONES DE BAJO VOLTAJE LD18',19,4,10.47,8,'1',2,'0000-00-00 00:00:00','0000-00-00 00:00:00'),(3,1,'TFC10IW-X','\"T\" P/DUCTO Pan-Way® LD10, BLANCO INTERNACIONAL (PK/10) PARA APLICACIONES DE BAJO VOLTAJE, RADIOS DE CURVATURA DE ACUERDO A TIA/EIA  LD17',19,4,15.33,8,'1',2,'0000-00-00 00:00:00','0000-00-00 00:00:00'),(4,1,'T45TIW','\"T\" PARA DUCTO Pan-Way® T45, (BASE Y CUBIERTA) BLANCO INTERNACIONAL T51',19,4,6.57,8,'1',2,'0000-00-00 00:00:00','0000-00-00 00:00:00'),(5,1,'TT-104-P','(ANALÓGICO)TRANSCEPTOR DE VIDEO PASIVO DE 4 CANALES, OPCIÓN DE CONEXIÓN POR RJ45, TERMINAL TIPO BLOCK Y BNC',31,5,10.00,8,'15',2,'0000-00-00 00:00:00','0000-00-00 00:00:00'),(6,1,'TT-101-AT','(ANALÓGICO)TRANSMISOR ACTIVO DE 1 CANAL, REQUIERE DE 12 VCD (DISTANCIA TÍPICA SUGERIDA DE 600 METROS)',31,5,19.00,8,'15',2,'0000-00-00 00:00:00','0000-00-00 00:00:00'),(7,1,'TT-108-PVR','(ANALÓGICO)VIDEO + PODER: 300 M, RECEPTOR DE VIDEO PASIVO + ALIMENTACIÓN DE 8 CANALES',31,5,79.00,8,'15',2,'0000-00-00 00:00:00','0000-00-00 00:00:00'),(8,1,'101800114','sin desc',28,5,10.50,8,'15',2,'0000-00-00 00:00:00','0000-00-00 00:00:00'),(9,1,'PMPL','sin desc 2',28,5,74.00,8,'15',2,'0000-00-00 00:00:00','0000-00-00 00:00:00'),(10,1,'ODH-2111','sin desc 3',28,5,2247.00,8,'15',2,'0000-00-00 00:00:00','0000-00-00 00:00:00'),(11,1,'760018838','12 FIBER BREAKOUT ACCESORIO',18,4,27.48,8,'1',2,'0000-00-00 00:00:00','0000-00-00 00:00:00'),(12,1,'760207944','1U REAR CABLE EXTENSION 6 Cable Entries ACCESORIO',18,4,70.16,8,'1',2,'0000-00-00 00:00:00','0000-00-00 00:00:00'),(13,1,'5200FE 0021000','2 CONDUCTORES , 16 AWG MULTIFILAR JKT PVC BLINDADO (COLOR GRIS) BAJO VOLTAJE',20,4,186.57,8,'1',2,'0000-00-00 00:00:00','0000-00-00 00:00:00'),(14,1,'5300FE 0021000','2 CONDUCTORES , 18 AWG MULTIFILAR JKT PVC BLINDADO (COLOR GRIS) BAJO VOLTAJE',20,4,123.99,8,'1',2,'0000-00-00 00:00:00','0000-00-00 00:00:00'),(15,1,'5400FE 0081000','2 CONDUCTORES , 20 AWG MULTIFILAR JKT PVC BLINDADO (COLOR GRIS) BAJO VOLTAJE',20,4,94.66,8,'1',2,'0000-00-00 00:00:00','0000-00-00 00:00:00'),(16,1,'5500FE 0081000','2 CONDUCTORES , 22 AWG MULTIFILAR JKT PVC BLINDADO (COLOR GRIS) BAJO VOLTAJE',20,4,72.49,8,'1',2,'0000-00-00 00:00:00','0000-00-00 00:00:00'),(17,1,'5302GE 008U1000','2 CONDUCTORES + 1 PAR , 18 AWG MULTIFILAR JKT PVC  (COLOR GRIS) BAJO VOLTAJE',20,4,203.05,8,'1',2,'0000-00-00 00:00:00','0000-00-00 00:00:00'),(18,1,'5502GE 0081000','2 CONDUCTORES + 1 PAR , 22 AWG MULTIFILAR JKT PVC  (COLOR GRIS) BAJO VOLTAJE',20,4,128.03,8,'1',2,'0000-00-00 00:00:00','0000-00-00 00:00:00'),(19,1,'5200FE 0081000','2 CONDUCTORES, 16 AWG, MULTIFILAR, NON PLENUM, BLINDADO BAJO VOLTAJE',20,4,160.11,8,'1',2,'0000-00-00 00:00:00','0000-00-00 00:00:00'),(20,1,'5200UE 0081000','2 CONDUCTORES, 16 AWG, MULTIFILAR, NON PLENUM, SIN BLINDAR, GRIS BAJO VOLTAJE',20,4,148.76,8,'1',2,'0000-00-00 00:00:00','0000-00-00 00:00:00'),(21,1,'5220FL 0021000','2 CONDUCTORES, 16 AWG, SÓLIDO, NON PLENUM, BLINDADO, ROJO BAJO VOLTAJE',20,4,136.64,8,'1',2,'0000-00-00 00:00:00','0000-00-00 00:00:00'),(22,1,'5220UL 0021000','2 CONDUCTORES, 16 AWG, SÓLIDO, NON PLENUM, SIN BLINDAR, ROJO (ALARMA INCENDIO) BAJO VOLTAJE',20,4,113.17,8,'1',2,'0000-00-00 00:00:00','0000-00-00 00:00:00'),(23,1,'5300FE 0081000','2 CONDUCTORES, 18 AWG, MULTIFILAR, NON PLENUM, BLINDADO, (GRIS) BAJO VOLTAJE',20,4,111.08,8,'1',2,'0000-00-00 00:00:00','0000-00-00 00:00:00'),(24,1,'5300UE 0081000','2 CONDUCTORES, 18 AWG, MULTIFILAR, NON PLENUM, SIN BLINDAR, (GRIS) BAJO VOLTAJE',20,4,95.18,8,'1',2,'0000-00-00 00:00:00','0000-00-00 00:00:00'),(25,1,'5320FL 0021000','2 CONDUCTORES, 18 AWG, SOLIDO, NON PLENUM, BLINDADO, (ROJO) BAJO VOLTAJE',20,4,91.27,8,'1',2,'0000-00-00 00:00:00','0000-00-00 00:00:00'),(26,1,'5320UL 0021000','2 CONDUCTORES, 18 AWG, SÓLIDO, NON PLENUM, SIN BLINDAR, ROJO (ALARMA INCENDIO) BAJO VOLTAJE',20,4,70.93,8,'1',2,'0000-00-00 00:00:00','0000-00-00 00:00:00'),(27,1,'1313A 0081000','2 CONDUCTORES. 10 AWG, RISER, LIBRE DE OXIGENO, INTERIOR/EXTERIOR NEGRO (AUDIO BOCINA) BAJO VOLTAJE',20,4,0.00,8,'1',2,'0000-00-00 00:00:00','0000-00-00 00:00:00'),(28,1,'1311A 0081000','2 CONDUCTORES. 12 AWG, RISER, LIBRE DE OXIGENO, INTERIOR/EXTERIOR NEGRO (AUDIO BOCINA) BAJO VOLTAJE',20,4,0.00,8,'1',2,'0000-00-00 00:00:00','0000-00-00 00:00:00'),(29,1,'PLAD1000I','3 EN 1 ; 1.- CONVERTIDOR DE 24 VCA A 12 VCD ; 2.- REGULADOR DE 36 VCD A 12 VCD  @ 1 21ER ; 3.- FILTRO CONTRA RUIDO PARA TURBOHD, CVI, TVI / ENVÍO LARGAS DISTANCIAS',32,5,10.00,8,'15',2,'0000-00-00 00:00:00','0000-00-00 00:00:00'),(30,1,'5302UE 0081000','4 CONDUCTORES, 18 AWG, MULTIFILAR, NON PLENUM, SIN BLINDAR (GRIS) BAJO VOLTAJE',20,4,138.85,8,'1',2,'0000-00-00 00:00:00','0000-00-00 00:00:00'),(31,1,'5502FE 0081000','4 CONDUCTORES, 22 AWG, MULTIFILAR, NON PLENUM, BLINDADO, (GRIS) BAJO VOLTAJE',20,4,94.66,8,'1',2,'0000-00-00 00:00:00','0000-00-00 00:00:00'),(32,1,'1312A 0081000','4 CONDUCTORES. 12 AWG, RISER, LIBRE DE OXIGENO, INTERIOR/EXTERIOR NEGRO (AUDIO BOCINA) BAJO VOLTAJE',20,4,0.00,8,'1',2,'0000-00-00 00:00:00','0000-00-00 00:00:00'),(33,1,'1310A 0081000','4 CONDUCTORES. 14 AWG, RISER, LIBRE DE OXIGENO, INTERIOR/EXTERIOR NEGRO (AUDIO BOCINA) BAJO VOLTAJE',20,4,0.00,8,'1',2,'0000-00-00 00:00:00','0000-00-00 00:00:00'),(34,1,'1308A 0101000','4 CONDUCTORES. 16 AWG, RISER, LIBRE DE OXIGENO, INTERIOR/EXTERIOR NEGRO (AUDIO BOCINA) BAJO VOLTAJE',20,4,0.00,8,'1',2,'0000-00-00 00:00:00','0000-00-00 00:00:00'),(35,1,'TT683','4K X 2K EXTENSOR HDMI POR CABLE CAT5 / 5E / 6 A 120 METROS, PROTOCOLO HDBITT, COMPATIBLE CON HDCP.',31,5,137.50,8,'15',2,'0000-00-00 00:00:00','0000-00-00 00:00:00'),(36,1,'TT683RX','4K X 2K EXTENSOR HDMI, CAT 5E/6 PARA 120 METROS',31,5,71.25,8,'15',2,'0000-00-00 00:00:00','0000-00-00 00:00:00'),(37,1,'TT378A4K','4K X 2K HDMI EXTENSOR SOBRE FIBRA ÓPTICA IP A 20KM, PROTOCOLO HDBITT, CONTROL IR , COMPATIBLE CON HDCP.',31,5,329.00,8,'15',2,'0000-00-00 00:00:00','0000-00-00 00:00:00'),(38,1,'5304UE 0081000','6 CONDUCTORES, 18 AWG, MULTIFILAR, NON PLENUM, SIN BLINDAR, GRIS BAJO VOLTAJE',20,4,230.64,8,'1',2,'0000-00-00 00:00:00','0000-00-00 00:00:00'),(39,1,'5504FE 0081000','6 CONDUCTORES, 22 AWG, MULTIFILAR, NON PLENUM, BLINDADO BAJO VOLTAJE',20,4,0.00,8,'1',2,'0000-00-00 00:00:00','0000-00-00 00:00:00'),(40,1,'760018820','6 FIBER BREAKOUT ACCESORIO',18,4,24.73,8,'1',2,'0000-00-00 00:00:00','0000-00-00 00:00:00'),(41,1,'700011125','6 UNIT SPLITTER O SEPARADORES PARA TERMINACIÓN DE FIBRA OSP ACCESORIO',18,4,10.72,8,'1',2,'0000-00-00 00:00:00','0000-00-00 00:00:00'),(42,1,'CANA-0155','ABRAZADERA \"U\" 1 1/2\" CANALIZACION',17,4,0.15,8,'4',2,'0000-00-00 00:00:00','0000-00-00 00:00:00'),(43,1,'CANA-0154','ABRAZADERA \"U\" 1 1/4\" CANALIZACION',17,4,0.14,8,'4',2,'0000-00-00 00:00:00','0000-00-00 00:00:00'),(44,1,'CANA-0153','ABRAZADERA \"U\" 1\" CANALIZACION',17,4,0.11,8,'4',2,'0000-00-00 00:00:00','0000-00-00 00:00:00'),(45,1,'CANA-0151','ABRAZADERA \"U\" 1/2\" CANALIZACION',17,4,0.09,8,'4',2,'0000-00-00 00:00:00','0000-00-00 00:00:00'),(46,1,'CANA-0156','ABRAZADERA \"U\" 2\" CANALIZACION',17,4,0.18,8,'4',2,'0000-00-00 00:00:00','0000-00-00 00:00:00'),(47,1,'CANA-0152','ABRAZADERA \"U\" 3/4\" CANALIZACION',17,4,0.10,8,'4',2,'0000-00-00 00:00:00','0000-00-00 00:00:00'),(48,1,'CANA-0137','ABRAZADERA OMEGA DE 1 1/2\" CANALIZACION',17,4,0.17,8,'4',2,'0000-00-00 00:00:00','0000-00-00 00:00:00'),(49,1,'CANA-0136','ABRAZADERA OMEGA DE 1 1/4\" CANALIZACION',17,4,0.12,8,'4',2,'0000-00-00 00:00:00','0000-00-00 00:00:00'),(50,1,'CANA-0135','ABRAZADERA OMEGA DE 1\" CANALIZACION',17,4,0.07,8,'4',2,'0000-00-00 00:00:00','0000-00-00 00:00:00'),(51,1,'CANA-0133','ABRAZADERA OMEGA DE 1/2\" CANALIZACION',17,4,0.03,8,'4',2,'0000-00-00 00:00:00','0000-00-00 00:00:00'),(52,1,'CANA-0138','ABRAZADERA OMEGA DE 2\" CANALIZACION',17,4,0.20,8,'4',2,'0000-00-00 00:00:00','0000-00-00 00:00:00'),(53,1,'CANA-0134','ABRAZADERA OMEGA DE 3/4\" CANALIZACION',17,4,0.04,8,'4',2,'0000-00-00 00:00:00','0000-00-00 00:00:00'),(54,1,'CANA-0161','ABRAZADERA TIPO CLIP u \"O\" 1 1/2\" CANALIZACION',17,4,0.28,8,'4',2,'0000-00-00 00:00:00','0000-00-00 00:00:00'),(55,1,'CANA-0160','ABRAZADERA TIPO CLIP u \"O\" 1 1/4\" CANALIZACION',17,4,0.26,8,'4',2,'0000-00-00 00:00:00','0000-00-00 00:00:00'),(56,1,'CANA-0159','ABRAZADERA TIPO CLIP u \"O\" 1\" CANALIZACION',17,4,0.19,8,'4',2,'0000-00-00 00:00:00','0000-00-00 00:00:00'),(57,1,'CANA-0157','ABRAZADERA TIPO CLIP u \"O\" 1/2\" CANALIZACION',17,4,0.14,8,'4',2,'0000-00-00 00:00:00','0000-00-00 00:00:00'),(58,1,'CANA-0162','ABRAZADERA TIPO CLIP u \"O\" 2\" CANALIZACION',17,4,0.32,8,'4',2,'0000-00-00 00:00:00','0000-00-00 00:00:00'),(59,1,'CANA-0158','ABRAZADERA TIPO CLIP u \"O\" 3/4\" CANALIZACION',17,4,0.15,8,'4',2,'0000-00-00 00:00:00','0000-00-00 00:00:00'),(60,1,'CANA-0149','ABRAZADERA UNICANAL 1 1/2\" CANALIZACION',17,4,0.29,8,'4',2,'0000-00-00 00:00:00','0000-00-00 00:00:00'),(61,1,'CANA-0148','ABRAZADERA UNICANAL 1 1/4\" CANALIZACION',17,4,0.26,8,'4',2,'0000-00-00 00:00:00','0000-00-00 00:00:00'),(62,1,'CANA-0147','ABRAZADERA UNICANAL 1\" CANALIZACION',17,4,0.24,8,'4',2,'0000-00-00 00:00:00','0000-00-00 00:00:00'),(63,1,'CANA-0145','ABRAZADERA UNICANAL 1/2\" CANALIZACION',17,4,0.17,8,'4',2,'0000-00-00 00:00:00','0000-00-00 00:00:00'),(64,1,'CANA-0150','ABRAZADERA UNICANAL 2\" CANALIZACION',17,4,0.33,8,'4',2,'0000-00-00 00:00:00','0000-00-00 00:00:00'),(65,1,'CANA-0146','ABRAZADERA UNICANAL 3/4\" CANALIZACION',17,4,0.20,8,'4',2,'0000-00-00 00:00:00','0000-00-00 00:00:00'),(66,1,'CANA-0143','ABRAZADERA UÑA 1 1/2\" CANALIZACION',17,4,0.16,8,'4',2,'0000-00-00 00:00:00','0000-00-00 00:00:00'),(67,1,'CANA-0142','ABRAZADERA UÑA 1 1/4\" CANALIZACION',17,4,0.13,8,'4',2,'0000-00-00 00:00:00','0000-00-00 00:00:00'),(68,1,'CANA-0141','ABRAZADERA UÑA 1\" CANALIZACION',17,4,0.07,8,'4',2,'0000-00-00 00:00:00','0000-00-00 00:00:00'),(69,1,'CANA-0139','ABRAZADERA UÑA 1/2\" CANALIZACION',17,4,0.04,8,'4',2,'0000-00-00 00:00:00','0000-00-00 00:00:00'),(70,1,'CANA-0144','ABRAZADERA UÑA 2\" CANALIZACION',17,4,0.19,8,'4',2,'0000-00-00 00:00:00','0000-00-00 00:00:00'),(71,1,'CANA-0140','ABRAZADERA UÑA 3/4\" CANALIZACION',17,4,0.05,8,'4',2,'0000-00-00 00:00:00','0000-00-00 00:00:00'),(72,1,'AX102903','ACOLPADOR DE COAXIAL VIDEO-F  KEYCONNECT (COLOR ALMENDRA) BAJO VOLTAJE',20,4,0.00,8,'1',2,'0000-00-00 00:00:00','0000-00-00 00:00:00'),(73,1,'AX105336-AL','ACOPLADOR  S-VIDEO  KEYCONNECT (COLOR ALMENDRA) BAJO VOLTAJE',20,4,0.00,8,'1',2,'0000-00-00 00:00:00','0000-00-00 00:00:00'),(74,1,'AX105335-AL','ACOPLADOR DE AUDIO  3.5 MM F/SOLDER KEYCONNECT (COLOR ALMENDRA) BAJO VOLTAJE',20,4,0.00,8,'1',2,'0000-00-00 00:00:00','0000-00-00 00:00:00'),(75,1,'AX105334-AL','ACOPLADOR DE AUDIO  3.5 MM KEYCONNECT (COLOR ALMENDRA) BAJO VOLTAJE',20,4,0.00,8,'1',2,'0000-00-00 00:00:00','0000-00-00 00:00:00'),(76,1,'FSBNC15RGB','ACOPLADOR MINI COAX BNC 23 GAUGE STRANDED CC BAJO VOLTAJE',20,4,0.00,8,'1',2,'0000-00-00 00:00:00','0000-00-00 00:00:00'),(77,1,'AX104573','ACOPLADOR PARA COAXIAL BNC SURFACE MODULE (COLOR ALMENDRA) BAJO VOLTAJE',20,4,0.00,8,'1',2,'0000-00-00 00:00:00','0000-00-00 00:00:00'),(78,1,'AX105346-AL','ACOPLADOR PARA COAXIAL TIPO F DE 3GHz (COLOR ALMENDRA) BAJO VOLTAJE',20,4,0.00,8,'1',2,'0000-00-00 00:00:00','0000-00-00 00:00:00'),(79,1,'AX102906','ACOPLADOR PARA COAXIAL TIPO F SURFACE (COLOR ALMENDRA) BAJO VOLTAJE',20,4,0.00,8,'1',2,'0000-00-00 00:00:00','0000-00-00 00:00:00'),(80,1,'AX105339-AL','ACOPLADOR RCA KEYCONNECT AMARILLO (COLOR ALMENDRA) BAJO VOLTAJE',20,4,0.00,8,'1',2,'0000-00-00 00:00:00','0000-00-00 00:00:00'),(81,1,'AX105341-AL','ACOPLADOR RCA KEYCONNECT AZUL (COLOR ALMENDRA) BAJO VOLTAJE',20,4,0.00,8,'1',2,'0000-00-00 00:00:00','0000-00-00 00:00:00'),(82,1,'AX105338-AL','ACOPLADOR RCA KEYCONNECT BLANCO (COLOR ALMENDRA) BAJO VOLTAJE',20,4,0.00,8,'1',2,'0000-00-00 00:00:00','0000-00-00 00:00:00'),(83,1,'AX105337-AL','ACOPLADOR RCA KEYCONNECT ROJO (COLOR ALMENDRA) BAJO VOLTAJE',20,4,0.00,8,'1',2,'0000-00-00 00:00:00','0000-00-00 00:00:00'),(84,1,'AX105340-AL','ACOPLADOR RCA KEYCONNECT VERDE (COLOR ALMENDRA) BAJO VOLTAJE',20,4,0.00,8,'1',2,'0000-00-00 00:00:00','0000-00-00 00:00:00'),(85,1,'TTPL100','ADAPTADOR DE MICROFONOS PARA CAMARAS IP',32,5,11.40,8,'15',2,'0000-00-00 00:00:00','0000-00-00 00:00:00'),(86,1,'HDMI-VGA','ADAPTADOR HDMI A VGA CHAPADO EN NÍQUEL',32,5,24.00,8,'15',2,'0000-00-00 00:00:00','0000-00-00 00:00:00'),(87,1,'HD-MIF','ADAPTADOR HDMI HEMBRA HEMBRA',32,5,5.00,8,'15',2,'0000-00-00 00:00:00','0000-00-00 00:00:00'),(88,1,'EI-ADAP-EV','ADAPTADOR PARA RACK 19 PARA VIDEOGRABADORAS EVXX04TURBO / EVXX08TURBO / DS-7204XXXX-XX',29,5,13.00,8,'15',2,'0000-00-00 00:00:00','0000-00-00 00:00:00'),(89,1,'EI-ADAP-DS76','ADAPTADOR PARA RACK 19 PARA VIDEOGRABADORAS EVXX16TURBO / DS7216XXX-XX',29,5,13.00,8,'15',2,'0000-00-00 00:00:00','0000-00-00 00:00:00'),(90,1,'39085-C14','AIR DAM 6 SLIDE 29.5           NEGRO',23,4,0.00,8,'1',2,'0000-00-00 00:00:00','0000-00-00 00:00:00'),(91,1,'WASSEM5X8-AX-14+ WUPGASSEM7-AX-00','AIRE, Servicio de arranque: Scheduled Assembly and Start-Up Service for InRow SC Air Cooled Self Contained + Scheduling Upgrade to 7X24 for Existing Assembly Service (Cooling Only) AIRE PRECI',24,4,1201.11,8,'1',2,'0000-00-00 00:00:00','0000-00-00 00:00:00'),(92,1,'ACSC100','AIRE, Unidad refrigerada por aire InRow SC Autocontenido de 300mm, autónoma, 200-240 V, 60 Hz Capacidad: 5KW/1.5 TON, INCLUIR Servicios de Arranque AIRE PRECISION',24,4,6512.42,8,'1',2,'0000-00-00 00:00:00','0000-00-00 00:00:00'),(93,1,'TT-BNC-ISO','AISLADOR DE TIERRA POR BNC EN HD. ELIMINA PROBLEMAS EN EL VIDEO COMO EL RUIDO, DIAFONÍA, DISTORSIÓN, E INTERFERENCIA CAUSADAS POR LOS LAZOS DE TIERRA.',31,5,17.00,8,'15',2,'0000-00-00 00:00:00','0000-00-00 00:00:00'),(94,1,'DS-A81016S','ALMACENAMIENTO EN RED / 16 BAHÍAS DE DISCO DURO / SOPORTA RAID / ISCSI / NFS / GRABA HASTA 320 CANALES IP / 2 TARJETAS RED / SIMPLE PROCESADOR',28,5,8277.00,8,'15',2,'0000-00-00 00:00:00','0000-00-00 00:00:00'),(95,1,'RAF10IW-X','ANGULO RECTO P/DUCTO Pan-Way® LD10, BLANCO (PK/10) LD22',19,4,11.68,8,'1',2,'0000-00-00 00:00:00','0000-00-00 00:00:00'),(96,1,'RAFC10IW-X','ANGULO RECTO P/DUCTO Pan-Way® LD10, BLANCO INTERNACIONAL (PK/10) RADIOS DE CURVATURA DE ACUERDO A TIA/EIA LD21',19,4,14.48,8,'1',2,'0000-00-00 00:00:00','0000-00-00 00:00:00'),(97,1,'RAF5IW-E','ANGULO RECTO P/DUCTO Pan-Way® LD5, BLANCO INTERNACIONAL (PQ/20) PARA APLICACIONES DE BAJO VOLTAJE LD5',19,4,21.42,8,'1',2,'0000-00-00 00:00:00','0000-00-00 00:00:00'),(98,1,'T70RAIW','ANGULO RECTO P/DUCTO Pan-Way® T70, BLANCO INTERNACIONAL T70',19,4,14.48,8,'1',2,'0000-00-00 00:00:00','0000-00-00 00:00:00'),(99,1,'T45RAIW','ANGULO RECTO PARA DUCTO Pan-Way® T45, (BASE Y CUBIERTA), BLANCO INTERNACIONAL T52',19,4,5.50,8,'1',2,'0000-00-00 00:00:00','0000-00-00 00:00:00'),(100,1,'DSANTCAM','ANTENA WIFI DE REPUESTO PARA CÁMARAS IP / 3 DBI DE GANANCIA / FRECUENCIA 2.4 - 2.5 GHZ',28,5,2.50,8,'15',2,'0000-00-00 00:00:00','0000-00-00 00:00:00'),(101,1,'DSANTNVR','ANTENA WIFI DE REPUESTO PARA NVR`S / 5 DBI DE GANANCIA / FRECUENCIA 2.4 GHZ',28,5,3.75,8,'15',2,'0000-00-00 00:00:00','0000-00-00 00:00:00'),(102,1,'DS-1706ZJ','ARTICULACIÓN PARA MONTAJE DE PARED COMPATIBLE CON DS-1704ZJ',28,5,39.00,8,'15',2,'0000-00-00 00:00:00','0000-00-00 00:00:00'),(103,1,'DCF10IW-X','BAJADA DE TECHO A DUCTO Pan-Way® LD10 BLANCO INTENACIONAL (PK/10) PARA APLICACIONES DE BAJO VOLTAJE LD16',19,4,13.75,8,'1',2,'0000-00-00 00:00:00','0000-00-00 00:00:00'),(104,1,'DCF5IW-X','BAJADA DE TECHO A DUCTO Pan-Way® LD5 BLANCO INTENACIONAL (PQ/10) PARA APLICACIONES DE BAJO VOLTAJE LD5',19,4,13.63,8,'1',2,'0000-00-00 00:00:00','0000-00-00 00:00:00'),(105,1,'MG-51-097EZ','BAJADA PARA CABLE ACCESORIO',16,4,2.57,8,'1',2,'0000-00-00 00:00:00','0000-00-00 00:00:00'),(106,1,'DS-2CD4A24FWD-IZS','BALA IP 2 MEGAPIXEL / 20X ZOOM ÓPTICO / 120 MTS IR EXIR / IP67 / CONTEO OBJETOS / DETECCIÓN ROSTROS / EIS / H.264+ / 60IPS / WDR 120DB / POE / MICROSD',28,5,805.56,8,'15',2,'0000-00-00 00:00:00','0000-00-00 00:00:00'),(107,1,'DS-2CD2623G0-IZS','BALA IP 2 MEGAPIXEL / 50 MTS IR EXIR / EXTERIOR IP67 / IK10 / WDR / POE + / ENTRADA DE ALARMA Y AUDIO / LENTE MOT. 2.8 A 12 MM',28,5,253.70,8,'15',2,'0000-00-00 00:00:00','0000-00-00 00:00:00'),(108,1,'DS-2CD2T23G0-I5','BALA IP 2 MEGAPIXEL / 50 MTS IR EXIR / USO EN EXTERIOR IP67 / WDR / POE / LENTE 4 MM',28,5,129.00,8,'15',2,'0000-00-00 00:00:00','0000-00-00 00:00:00'),(109,1,'DS-2CD2T22WD-I5','BALA IP 2 MEGAPIXEL / 50 MTS IR EXIR / WDR 120DB / H.264+ / POE / ONVIF / HIK-CONNECT P2P / EXTERIOR / LENTE 4 MM',28,5,99.00,8,'15',2,'0000-00-00 00:00:00','0000-00-00 00:00:00'),(110,1,'DS-2CD4626FWD-IZS','BALA IP 2 MEGAPIXEL / 60IPS / DARKFIGHTER / 50 MTS IR / LENTE MOT. 2.8 A 12 MM  / WDR / EIS / IP66 / IK10 / POE+ / DETECCIÓN DE ROSTROS / CONTEO DE OBJETOS / ENTRADA-SALIDA AUDIO Y ALARMA / M',28,5,1140.00,8,'15',2,'0000-00-00 00:00:00','0000-00-00 00:00:00'),(111,1,'DS-2XE6222F-IS','BALA IP 2 MEGAPIXEL / ANTI-EXPLOSIÓN / H.265+ / 30 MTS IR / WDR 120DB / POE / IP68 / ENTRADA-SALIDA AUDIO Y ALARMA / MICROSD',28,5,4101.00,8,'15',2,'0000-00-00 00:00:00','0000-00-00 00:00:00'),(112,1,'DS-2CD4A26FWD-IZS','BALA IP 2 MEGAPIXEL / DARKFIGHTER / 60IPS / LENTE MOT. 2.8 A 12 MM / 50 MTS IR EXIR / WDR / ENTRADA-SALIDA AUDIO Y ALARMA / POE / MICROSD / IP67 / ONVIF',28,5,1005.00,8,'15',2,'0000-00-00 00:00:00','0000-00-00 00:00:00'),(113,1,'DS-2CD4A26FWD-IZ','BALA IP 2 MEGAPIXEL / DARKFIGHTER / LENTE MOT. 2.8 A 12 MM / 50 MTS IR EXIR / 60IPS / WDR  / POE / DETECCIÓN DE ROSTROS / CONTEO DE OBJETOS / MICROSD',28,5,804.00,8,'15',2,'0000-00-00 00:00:00','0000-00-00 00:00:00'),(114,1,'DS-2CD4B26FWD-IZS','BALA IP 2 MEGAPIXEL / DARKFIGHTER / LENTE MOT. 2.8 A 12 MM / WDR / H.264+ / MICROSD / ENTRADA-SALIDA AUDIO Y ALARMA/ HLC / POE',28,5,799.00,8,'15',2,'0000-00-00 00:00:00','0000-00-00 00:00:00'),(115,1,'DS-2CD1621FWD-IZ','BALA IP 2 MEGAPIXEL / LENTE MOT. 2.8 A 12 MM / 30 MTS IR / WDR 120DB / IP67 /  HIK-CONNECT P2P / EXTERIOR / POE',28,5,157.00,8,'15',2,'0000-00-00 00:00:00','0000-00-00 00:00:00'),(116,1,'DS2CD1621FWDIZB','BALA IP 2 MEGAPIXEL / LENTE MOT. 2.8 A 12 MM / 30 MTS IR / WDR 120DB / IP67 /  HIK-CONNECT P2P / EXTERIOR / POE / COLOR NEGRO',28,5,155.00,8,'15',2,'0000-00-00 00:00:00','0000-00-00 00:00:00'),(117,1,'IPC-B621-Z','BALA IP 2 MEGAPIXEL / LENTE MOTORIZADO 2.8 - 12 MM / H.264+ / 30 MTS IR / POE / IP67 / DWDR',28,5,124.89,8,'15',2,'0000-00-00 00:00:00','0000-00-00 00:00:00'),(118,1,'DS-2CD4626FWD-IZ/P','BALA IP 2 MEGAPIXEL / RECONOCIMIENTO Y CAPTURA DE PLACAS VEHICULARES /  ANPR / 50 MTS IR / IP66 / IK10 / WDR / 60 IPS',28,5,1365.00,8,'15',2,'0000-00-00 00:00:00','0000-00-00 00:00:00'),(119,1,'DS-2XC6224G0-L','BALA IP 2 MEGAPIXEL / SUMERGIBLE EN AGUA / LENTE 2.8 MM / IP68 / ACERO INOXIDABLE / 15 MTS DE PROFUNDIDAD / 10 MTS LUZ BLANCA',28,5,3427.00,8,'15',2,'0000-00-00 00:00:00','0000-00-00 00:00:00'),(120,1,'DS-2XC6225G0-L','BALA IP 2 MEGAPIXEL / SUMERGIBLE EN AGUA / LENTE 2.8 MM / IP68 / ACERO INOXIDABLE / 50 MTS DE PROFUNDIDAD / 10 MTS LUZ BLANCA',28,5,10921.00,8,'15',2,'0000-00-00 00:00:00','0000-00-00 00:00:00'),(121,1,'DS-2CD2625FWD-IZS','BALA IP 2 MEGAPIXEL / ULTRA BAJA ILUMINACIÓN / 50 MTS IR EXIR / LENTE MOT. 2.8 A 12 MM / WDR / IP67/ IK10 / VÍDEO ANÁLISIS / ENTRADA-SALIDA AUDIO Y ALARMA / POE+ / MICROSD',28,5,326.16,8,'15',2,'0000-00-00 00:00:00','0000-00-00 00:00:00'),(122,1,'DS-2CD2T25FWD-I5','BALA IP 2 MEGAPIXEL / ULTRA BAJA ILUMINACIÓN / 50 MTS IR EXIR / WDR / IP67 / VÍDEO ANALÍTICOS / POE / LENTE 2.8 MM / MICROSD',28,5,186.93,8,'15',2,'0000-00-00 00:00:00','0000-00-00 00:00:00'),(123,1,'DS-2CD4A35FWD-IZ','BALA IP 3 MEGAPIXEL / LENTE MOT. 2.8 A 12 MM / WDR / 45 IPS / H.264+ / IP67 / 50 MTS IR / DETECCIÓN DE ROSTROS / CONTEO DE OBJETOS',28,5,804.00,8,'15',2,'0000-00-00 00:00:00','0000-00-00 00:00:00'),(124,1,'DS-2CD2635FWD-IZS','BALA IP 3 MEGAPIXEL / ULTRA BAJA ILUMINACIÓN / 50 MTS IR EXIR / LENTE MOT. 2.8 A 12 MM / WDR / IP67/ IK10 / VÍDEO ANÁLISIS / ENTRADA-SALIDA AUDIO Y ALARMA / POE+ / MICROSD',28,5,285.00,8,'15',2,'0000-00-00 00:00:00','0000-00-00 00:00:00'),(125,1,'DS2CD2T35FWDI5B','BALA IP 3 MEGAPIXEL / ULTRA BAJA ILUMINACIÓN / 50 MTS IR EXIR / WDR / IP67 / VÍDEO ANALÍTICOS / POE / LENTE 2.8 MM / COLOR NEGRO / MICROSD',28,5,243.00,8,'15',2,'0000-00-00 00:00:00','0000-00-00 00:00:00'),(126,1,'DS-2CD2T35FWD-I5','BALA IP 3 MEGAPIXEL / ULTRA BAJA ILUMINACIÓN / 50 MTS IR EXIR / WDR / IP67 / VÍDEO ANALÍTICOS / POE / LENTE 2.8 MM / MICROSD',28,5,206.53,8,'15',2,'0000-00-00 00:00:00','0000-00-00 00:00:00'),(127,1,'DS-2CD4232FWD-I','BALA IP 3 MEGAPIXEL / VÍDEO ANÁLISIS / WDR 120DB / CONTEO DE OBJETOS / DETECCIÓN DE ROSTROS / CRUCE DE LINEA / INTRUSIÓN DE ÁREA / ROI / DEFOG / H.264+ / 30 MTS IR / POE',28,5,269.00,8,'15',2,'0000-00-00 00:00:00','0000-00-00 00:00:00'),(128,1,'DS-2CD2643G0-IZS','BALA IP 4 MEGAPIXEL / 50 MTS IR EXIR / EXTERIOR IP67 / IK10 / WDR / POE + / ENTRADAS DE ALARMA Y AUDIO / LENTE MOT. 2.8 A 12 MM',28,5,288.10,8,'15',2,'0000-00-00 00:00:00','0000-00-00 00:00:00'),(129,1,'DS-2CD2T42WD-I5','BALA IP 4 MEGAPIXEL / 50 MTS IR EXIR / WDR 120DB / H.264+ / HIK-CONNECT P2P / IP66 / EXTERIOR / POE / LENTE 4 MM / ONVIF',28,5,139.00,8,'15',2,'0000-00-00 00:00:00','0000-00-00 00:00:00'),(130,1,'DS-2XE6242F-IS','BALA IP 4 MEGAPIXEL / ANTI-EXPLOSIÓN / H.265+ / 30 MTS IR / WDR 120DB / POE / IP68 / ENTRADA-SALIDA AUDIO Y ALARMA / MICROSD',28,5,4821.00,8,'15',2,'0000-00-00 00:00:00','0000-00-00 00:00:00'),(131,1,'DS-2CD2T43G0-I5/28','BALA IP 4 MEGAPIXEL / LENTE 2.8 MM / 50 MTS IR EXIR / USO EN EXTERIOR / WDR / POE',28,5,192.00,8,'15',2,'0000-00-00 00:00:00','0000-00-00 00:00:00'),(132,1,'DS-2CD2T43G0-I5','BALA IP 4 MEGAPIXEL / LENTE 4 MM / 50 MTS IR EXIR / USO EN EXTERIOR / WDR / POE',28,5,146.20,8,'15',2,'0000-00-00 00:00:00','0000-00-00 00:00:00'),(133,1,'DS-2CD2642FWD-IZS','BALA IP 4 MEGAPIXEL / LENTE MOT. 2.8 A 12 MM / ENTRADA-SALIDA AUDIO Y ALARMA / WDR 120DB / H.264+ / HIK-CONNECT / 30 MTS IR / ONVIF / MICROSD / POE',28,5,340.00,8,'15',2,'0000-00-00 00:00:00','0000-00-00 00:00:00'),(134,1,'DS-2CD2645FWD-IZS','BALA IP 4 MEGAPIXEL / ULTRA BAJA ILUMINACIÓN / 50 MTS IR EXIR / LENTE MOT. 2.8 A 12 MM / WDR / IP67/ IK10 / VÍDEO ANÁLISIS / ENTRADA-SALIDA AUDIO Y ALARMA / POE+ / MICROSD',28,5,392.76,8,'15',2,'0000-00-00 00:00:00','0000-00-00 00:00:00'),(135,1,'DS-2CD2T45FWD-I5','BALA IP 4 MEGAPIXEL / ULTRA BAJA ILUMINACIÓN / 50 MTS IR EXIR / WDR / IP67 / VÍDEO ANALÍTICOS / POE / LENTE 2.8 MM / MICROSD',28,5,200.50,8,'15',2,'0000-00-00 00:00:00','0000-00-00 00:00:00'),(136,1,'DS-2CD4A85F-IZ','BALA IP 4K / LENTE MOT. 2.8 - 12MM / H.264+ / 50 MTS IR EXIR / IP67 / DETECCIÓN DE ROSTROS / CONTEO DE OBJETOS / POE / MICROSD',28,5,889.00,8,'15',2,'0000-00-00 00:00:00','0000-00-00 00:00:00'),(137,1,'DS-2CD2655FWD-IZS','BALA IP 5 MEGAPIXEL / 50 MTS IR EXIR / LENTE MOT. 2.8 A 12 MM / WDR / IP67 / IK10 / VÍDEO ANÁLISIS / POE+ / MICROSD',28,5,396.19,8,'15',2,'0000-00-00 00:00:00','0000-00-00 00:00:00'),(138,1,'DS-2CD2T55FWD-I5','BALA IP 5 MEGAPIXEL / 50 MTS IR EXIR / WDR / IP67 / VÍDEO ANALÍTICOS / POE / LENTE 2.8 MM / MICROSD',28,5,277.00,8,'15',2,'0000-00-00 00:00:00','0000-00-00 00:00:00'),(139,1,'DS-2CD2663G0-IZS','BALA IP 6 MEGAPIXEL / 50 MTS IR EXIR / EXTERIOR IP67 / IK10 / WDR / POE+ / ENTRADAS DE ALARMA Y AUDIO / LENTE MOT. 2.8 A 12 MM',28,5,309.47,8,'15',2,'0000-00-00 00:00:00','0000-00-00 00:00:00'),(140,1,'DS-2CD2T63G0-I5','BALA IP 6 MEGAPIXEL / 50 MTS IR EXIR / EXTERIOR IP67 / WDR / POE / LENTE 4 MM',28,5,174.15,8,'15',2,'0000-00-00 00:00:00','0000-00-00 00:00:00'),(141,1,'DS-2CD2T63G0-I8','BALA IP 6 MEGAPIXEL / 80 MTS IR EXIR / EXTERIOR IP67 / WDR / POE / LENTE 4 MM',28,5,180.60,8,'15',2,'0000-00-00 00:00:00','0000-00-00 00:00:00'),(142,1,'DS-2CD2685FWD-IZS','BALA IP 8 MEGAPIXEL (4K) / 50 MTS IR EXIR / LENTE MOT. 2.8 A 12 MM / WDR / IP67 / IK10 / VÍDEO ANALÍTICOS / POE+ / MICROSD',28,5,594.00,8,'15',2,'0000-00-00 00:00:00','0000-00-00 00:00:00'),(143,1,'DS-2CD2T85FWD-I5','BALA IP 8 MEGAPIXEL (4K) / H.265+ / 50 MTS IR EXIR / LENTE 2.8MM / WDR / IP67 / HIK-CONNECT / VÍDEO ANALÍTICOS / POE / MICROSD',28,5,284.92,8,'15',2,'0000-00-00 00:00:00','0000-00-00 00:00:00'),(144,1,'DS-2CD4685FI-ZHS','BALA IP 8 MEGAPIXEL (4K) / LENTE MOT. 2.8 - 12MM / H.264+ / 70 MTS IR / IP66 / IK10 / HLC / DETECCIÓN DE ROSTROS / CONTEO DE OBJETOS / POE+ / DWDR / 3D-DNR / HLC',28,5,1977.00,8,'15',2,'0000-00-00 00:00:00','0000-00-00 00:00:00'),(145,1,'DS-2CD2683G0-IZS','BALA IP 8 MEGAPIXEL / 50 MTS IR EXIR / EXTERIOR IP67 / IK10 / WDR / POE + / ENTRADAS DE ALARMA Y AUDIO / LENTE MOT. 2.8 A 12 MM',28,5,337.55,8,'15',2,'0000-00-00 00:00:00','0000-00-00 00:00:00'),(146,1,'DS-2CD2T83G0-I5','BALA IP 8 MEGAPIXEL / 50 MTS IR EXIR / EXTERIOR IP67 / WDR / POE / LENTE 4 MM',28,5,212.60,8,'15',2,'0000-00-00 00:00:00','0000-00-00 00:00:00'),(147,1,'DS-2TD2615-10','BALA IP DUAL / TÉRMICA 10 MM (320 X 240 ) + ÓPTICO 8 MM (2 MEGAPIXEL) / 40 MTS IR / IP66 / POE+ / TERMOMÉTRICA / DETECCIÓN DE TEMPERATURA',28,5,2516.00,8,'15',2,'0000-00-00 00:00:00','0000-00-00 00:00:00'),(148,1,'DS-2TD2636-10','BALA IP DUAL / TÉRMICA 10 MM (384 X 288 ) / ÓPTICO 6 MM (2 MEGAPIXEL) / 40 MTS IR / IP66 / POE+ / TERMOMÉTRICA / DETECCIÓN DE TEMPERATURA',28,5,5613.00,8,'15',2,'0000-00-00 00:00:00','0000-00-00 00:00:00'),(149,1,'DS-2TD2636-15','BALA IP DUAL / TÉRMICA 15 MM (384 X 288 ) / ÓPTICO 8 MM (2 MEGAPIXEL) / 40 MTS IR / IP66 / POE+ / TERMOMÉTRICA / DETECCIÓN DE TEMPERATURA',28,5,5613.00,8,'15',2,'0000-00-00 00:00:00','0000-00-00 00:00:00'),(150,1,'DS-2TD2615-7','BALA IP DUAL / TÉRMICA 7 MM (320 X 240 ) + ÓPTICO 6 MM (2 MEGAPIXEL) / 40 MTS IR / IP66 / POE+ / TERMOMÉTRICA / DETECCIÓN DE TEMPERATURA',28,5,3150.00,8,'15',2,'0000-00-00 00:00:00','0000-00-00 00:00:00'),(151,1,'DS-2TD2136-10','BALA IP TÉRMICA 384 X 288 / LENTE 10 MM / TERMOMÉTRICA / DETECCIÓN DE TEMPERATURA / POE+ / IP66',28,5,4533.00,8,'15',2,'0000-00-00 00:00:00','0000-00-00 00:00:00'),(152,1,'DS-2TD2336-100','BALA IP TÉRMICA 384 X 288 / LENTE 100 MM / TERMOMÉTRICA / DETECCIÓN DE TEMPERATURA / IP66',28,5,14757.00,8,'15',2,'0000-00-00 00:00:00','0000-00-00 00:00:00'),(153,1,'DS-2TD2136-15','BALA IP TÉRMICA 384 X 288 / LENTE 15 MM / TERMOMÉTRICA / DETECCIÓN DE TEMPERATURA / POE+ / IP66',28,5,5253.00,8,'15',2,'0000-00-00 00:00:00','0000-00-00 00:00:00'),(154,1,'DS-2TD2136-25','BALA IP TÉRMICA 384 X 288 / LENTE 25 MM / TERMOMÉTRICA / DETECCIÓN DE TEMPERATURA / POE+ / IP66',28,5,4532.00,8,'15',2,'0000-00-00 00:00:00','0000-00-00 00:00:00'),(155,1,'DS-2TD2136-35','BALA IP TÉRMICA 384 X 288 / LENTE 35 MM / TERMOMÉTRICA / DETECCIÓN DE TEMPERATURA / POE+ / IP66',28,5,5252.00,8,'15',2,'0000-00-00 00:00:00','0000-00-00 00:00:00'),(156,1,'DS-2TD2336-50','BALA IP TÉRMICA 384 X 288 / LENTE 50 MM / TERMOMÉTRICA / DETECCIÓN DE TEMPERATURA / IP66',28,5,10077.00,8,'15',2,'0000-00-00 00:00:00','0000-00-00 00:00:00'),(157,1,'DS-2TD2136-7','BALA IP TÉRMICA 384 X 288 / LENTE 7 MM / TERMOMÉTRICA / DETECCIÓN DE TEMPERATURA / POE+ / IP66',28,5,5613.00,8,'15',2,'0000-00-00 00:00:00','0000-00-00 00:00:00'),(158,1,'DS-2TD2336-75','BALA IP TÉRMICA 384 X 288 / LENTE 75 MM / TERMOMÉTRICA / DETECCIÓN DE TEMPERATURA / IP66',28,5,12957.00,8,'15',2,'0000-00-00 00:00:00','0000-00-00 00:00:00'),(159,1,'DS-2TD2366-100','BALA IP TÉRMICA 640 X 512 / LENTE 100 MM / TERMOMÉTRICA / DETECCIÓN DE TEMPERATURA / IP66',28,5,18933.00,8,'15',2,'0000-00-00 00:00:00','0000-00-00 00:00:00'),(160,1,'DS-2TD2166-15','BALA IP TÉRMICA 640 X 512 / LENTE 15 MM / TERMOMÉTRICA / DETECCIÓN DE TEMPERATURA / POE+ / IP66',28,5,10797.00,8,'15',2,'0000-00-00 00:00:00','0000-00-00 00:00:00'),(161,1,'DS-2TD2466-25Y','BALA IP TÉRMICA 640 X 512 / LENTE 25 MM / TERMOMÉTRICA / DETECCIÓN DE TEMPERATURA / IP66 / ANTICORROSION',28,5,18717.00,8,'15',2,'0000-00-00 00:00:00','0000-00-00 00:00:00'),(162,1,'DS-2TD2166-25','BALA IP TÉRMICA 640 X 512 / LENTE 25 MM / TERMOMÉTRICA / DETECCIÓN DE TEMPERATURA / POE+ / IP66',28,5,10797.00,8,'15',2,'0000-00-00 00:00:00','0000-00-00 00:00:00'),(163,1,'DS-2TD2166-35','BALA IP TÉRMICA 640 X 512 / LENTE 35 MM / TERMOMÉTRICA / DETECCIÓN DE TEMPERATURA / POE+ / IP66',28,5,12597.00,8,'15',2,'0000-00-00 00:00:00','0000-00-00 00:00:00'),(164,1,'DS-2TD2366-50','BALA IP TÉRMICA 640 X 512 / LENTE 50 MM / TERMOMÉTRICA / DETECCIÓN DE TEMPERATURA / IP66',28,5,14397.00,8,'15',2,'0000-00-00 00:00:00','0000-00-00 00:00:00'),(165,1,'DS-2TD2466-50Y','BALA IP TÉRMICA 640 X 512 / LENTE 50 MM / TERMOMÉTRICA / DETECCIÓN DE TEMPERATURA / IP66 / ANTICORROSION',28,5,20733.00,8,'15',2,'0000-00-00 00:00:00','0000-00-00 00:00:00'),(166,1,'DS-2TD2166-7','BALA IP TÉRMICA 640 X 512 / LENTE 7 MM / TERMOMÉTRICA / DETECCIÓN DE TEMPERATURA / POE+ / IP66',28,5,13173.00,8,'15',2,'0000-00-00 00:00:00','0000-00-00 00:00:00'),(167,1,'760193763','BANDEJA 360G2 DE 1U, FIJA, ACEPTA 4 MODULOS MM',18,4,0.00,8,'1',2,'0000-00-00 00:00:00','0000-00-00 00:00:00'),(168,1,'760193896','BANDEJA 360G2 DE 4U, DESLIZABLE, ACEPTA 12 MODULOS MM',18,4,0.00,8,'1',2,'0000-00-00 00:00:00','0000-00-00 00:00:00'),(169,1,'760193862','BANDEJA 360G2 DE 4U, DESLIZABLE, ACEPTA 16 MODULOS MM',18,4,296.01,8,'1',2,'0000-00-00 00:00:00','0000-00-00 00:00:00'),(170,1,'760210732','BANDEJA 360G2 DE ALTA DENSIDAD DE 1U (FIXED MODULE)  ACEPTA 4 MODULOS MM',18,4,216.63,8,'1',2,'0000-00-00 00:00:00','0000-00-00 00:00:00'),(171,1,'760209940','BANDEJA 360G2 DE ALTA DENSIDAD DE 1U, DESLIZABLE, ACEPTA 4 MODULOS MM',18,4,239.50,8,'1',2,'0000-00-00 00:00:00','0000-00-00 00:00:00'),(172,1,'760209957','BANDEJA 360G2 DE ALTA DENSIDAD DE 2U, DESLIZABLE, ACEPTA 8 MODULOS MM',18,4,309.47,8,'1',2,'0000-00-00 00:00:00','0000-00-00 00:00:00'),(173,1,'MG-50-425','BANDEJA 16  33/300 MM ANCHO 33 MM',16,4,22.21,8,'1',2,'0000-00-00 00:00:00','0000-00-00 00:00:00'),(174,1,'MG-50-421','BANDEJA 16 33/100 MM ANCHO 33 MM',16,4,11.70,8,'1',2,'0000-00-00 00:00:00','0000-00-00 00:00:00'),(175,1,'MG-50-422','BANDEJA 16 33/150 MM ANCHO 33 MM',16,4,0.00,8,'1',2,'0000-00-00 00:00:00','0000-00-00 00:00:00'),(176,1,'MG-50-423','BANDEJA 16 33/200 MM ANCHO 33 MM',16,4,18.22,8,'1',2,'0000-00-00 00:00:00','0000-00-00 00:00:00'),(177,1,'MG-50-431','BANDEJA 16 66/100 MM ANCHO 66 MM',16,4,14.81,8,'1',2,'0000-00-00 00:00:00','0000-00-00 00:00:00'),(178,1,'MG-50-432','BANDEJA 16 66/150 MM ANCHO 66 MM',16,4,17.52,8,'1',2,'0000-00-00 00:00:00','0000-00-00 00:00:00'),(179,1,'MG-50-433EZ','BANDEJA 16 66/200 MM ANCHO 66 MM',16,4,21.18,8,'1',2,'0000-00-00 00:00:00','0000-00-00 00:00:00'),(180,1,'MG-50-434','BANDEJA 16 66/250 MM ANCHO 66 MM',16,4,22.95,8,'1',2,'0000-00-00 00:00:00','0000-00-00 00:00:00'),(181,1,'MG-50-435','BANDEJA 16 66/300 MM ANCHO 66 MM',16,4,23.88,8,'1',2,'0000-00-00 00:00:00','0000-00-00 00:00:00'),(182,1,'MG-50-430','BANDEJA 16 66/50 MM ANCHO 66 MM',16,4,11.56,8,'1',2,'0000-00-00 00:00:00','0000-00-00 00:00:00'),(183,1,'MG-50-437','BANDEJA 16 66/500 MM ANCHO 66 MM',16,4,0.00,8,'1',2,'0000-00-00 00:00:00','0000-00-00 00:00:00'),(184,1,'P3-1C0A5','BARRA DE CONTACTOS eConnect VERTICAL 110-115 Volt, MONOFASICA, PLUG NEMA L5-20P, 20A; 24 SALIDAS, 70.5 in (1791 mm) L x 2.2 in (56 mm) H x 2.2 in (56 mm) W MONOFASICA',23,4,688.84,8,'1',2,'0000-00-00 00:00:00','0000-00-00 00:00:00'),(185,1,'P1-1A1A5','BARRA DE CONTACTOS eConnect VERTICAL 200-240 Volt, MONOFASICA, PLUG NEMA L6-30P, 30A; 24 SALIDAS, 70.5 in (1791 mm) L x 2.2 in (56 mm) H x 2.2 in (56 mm) W MONOFASICA',23,4,0.00,8,'1',2,'0000-00-00 00:00:00','0000-00-00 00:00:00'),(186,1,'35693-112','BARRA DE CONTACTOS HORIZONTAL 125V, 30A, SIN SUPRESOR DE PICOS , CON DOS 20A CB\'S MONOFASICA',23,4,0.00,8,'1',2,'0000-00-00 00:00:00','0000-00-00 00:00:00'),(187,1,'12816-703','BARRA DE CONTACTOS HORIZONTAL PARA MONTAJE EN 19\", 23\"; 6 SALIDAS 5-15R, PLUG NEMA 5-15P, 110-125V, 15A, CON SUPRESOR DE PICOS  (INCLUYE BRACKETS PARA MONTAJE) MONOFASICA',23,4,113.19,8,'1',2,'0000-00-00 00:00:00','0000-00-00 00:00:00'),(188,1,'12816-707','BARRA DE CONTACTOS HORIZONTAL PARA MONTAJE EN 19\", 23\"; 6 SALIDAS 5-20R, PLUG NEMA 5-20P, 110-125V, 20A, CON SUPRESOR DE PICOS  (INCLUYE BRACKETS PARA MONTAJE) MONOFASICA',23,4,128.92,8,'1',2,'0000-00-00 00:00:00','0000-00-00 00:00:00'),(189,1,'12816-701','BARRA DE CONTACTOS HORIZONTAL PARA MONTAJE EN 19\", 23\"; 8 SALIDAS 5-15R, PLUG NEMA 5-15P,  110-125V, 15A, SIN SUPRESOR DE PICOS (INCLUYE BRACKETS PARA MONTAJE) MONOFASICA',23,4,81.76,8,'1',2,'0000-00-00 00:00:00','0000-00-00 00:00:00'),(190,1,'P3-1F0E3','BARRA DE CONTACTOS MONITOREABLE eConnect VERTICAL 200-240 Volt, MONOFASICA, PLUG NEMA L6-30P, 30A; 24 SALIDAS, 70.5 in (1791 mm) L x 2.2 in (56 mm) H x 2.2 in (56 mm) W MONOFASICA',23,4,731.99,8,'1',2,'0000-00-00 00:00:00','0000-00-00 00:00:00'),(191,1,'12820-701','BARRA DE CONTACTOS PARA GABINETE CUBE-IT PLUS, 8 SALIDAS, 115V, 15A, PLUG NEMA 5-15P, SIN SUPRESOR DE PICOS; NEGRO ACCESORIO',23,4,102.18,8,'1',2,'0000-00-00 00:00:00','0000-00-00 00:00:00'),(192,1,'12848-701','BARRA DE CONTACTOS VERTICAL PARA MONTAJE EN GABINETE; 20 SALIDAS NEMA 5-15R, PLUG NEMA 5-15P, 125V, 15A, SIN SUPRESOR DE PICOS (INCLUYE BRACKETS PARA RACK) MONOFASICA',23,4,146.18,8,'1',2,'0000-00-00 00:00:00','0000-00-00 00:00:00'),(193,1,'FR6TRBN58','barra roscada QuikLock ™ bracket 6x4 y sistemas para 4x4 4X4',19,4,19.98,8,'1',2,'0000-00-00 00:00:00','0000-00-00 00:00:00'),(194,1,'T45BIW2','BASE DUCTO Pan-Way® T45, TRAMO DE 2 METROS, BLANCO INTERNACIONAL T45',19,4,8.05,8,'1',2,'0000-00-00 00:00:00','0000-00-00 00:00:00'),(195,1,'T45BIW2-A','BASE DUCTO Pan-Way® T45, TRAMO DE 2 METROS, BLANCO INTERNACIONAL T56',19,4,0.00,8,'1',2,'0000-00-00 00:00:00','0000-00-00 00:00:00'),(196,1,'T70BIW6','BASE PARA DUCTO Pan-Way® T70, 6FT, BLANCO INTERNACIONAL T70',19,4,14.46,8,'1',2,'0000-00-00 00:00:00','0000-00-00 00:00:00'),(197,1,'DS-BSA-CDRW','BASE PARA ENSAMBLAR LA UNIDAD REPRODUCTOR / GRABADOR DE CD ROMS',28,5,0.01,8,'15',2,'0000-00-00 00:00:00','0000-00-00 00:00:00'),(198,1,'SRT192BP','BATERIA EXTERNA PARA 24 SMART-UPS RT 192V, PARA SMART-UPS RT 5KVAS Y 6KVAS ACCESORIO',24,4,829.82,8,'1',2,'0000-00-00 00:00:00','0000-00-00 00:00:00'),(199,1,'SRT192BP2','BATERIA EXTERNA PARA 24 SMART-UPS RT 192V, PARA SMART-UPS RT 8KVAS Y 10KVAS ACCESORIO',24,4,849.52,8,'1',2,'0000-00-00 00:00:00','0000-00-00 00:00:00'),(200,1,'SRT48BP','BATERIA EXTERNA PARA 24 SMART-UPS RT 48V, PARA SMART-UPS RT 1 Y 1.5KVAS ACCESORIO',24,4,609.06,8,'1',2,'0000-00-00 00:00:00','0000-00-00 00:00:00'),(201,1,'SRT72BP','BATERIA EXTERNA PARA 24 SMART-UPS RT 72V, PARA SMART-UPS RT 2.2KVAS ACCESORIO',24,4,499.08,8,'1',2,'0000-00-00 00:00:00','0000-00-00 00:00:00'),(202,1,'SRT96BP','BATERIA EXTERNA PARA 24 SMART-UPS RT 96V, PARA SMART-UPS RT 3KVAS ACCESORIO',24,4,707.65,8,'1',2,'0000-00-00 00:00:00','0000-00-00 00:00:00'),(203,1,'SURT192XLBP','BATERIA PARA 24 SMART-UPS RT 192V, PARA SMART-UPS RT 208V ACCESORIO',24,4,829.82,8,'1',2,'0000-00-00 00:00:00','0000-00-00 00:00:00'),(204,1,'BATTERY-01F','BATERÍA PARA PROBADOR MODELO EPCAMTEST',30,5,19.00,8,'15',2,'0000-00-00 00:00:00','0000-00-00 00:00:00'),(205,1,'BATTERY-02F','BATERÍA PARA PROBADOR MODELO EPTURBO',30,5,17.00,8,'15',2,'0000-00-00 00:00:00','0000-00-00 00:00:00'),(206,1,'BATTERY04F','BATERÍA PARA PROBADOR MODELO TPTURBO8MP/TPTURBO4K/TPTURBO4KPLUS',30,5,40.00,8,'15',2,'0000-00-00 00:00:00','0000-00-00 00:00:00'),(207,1,'BATTERY03F','BATERÍA PARA PROBADOR MODELO TPTURBOHD',30,5,40.00,8,'15',2,'0000-00-00 00:00:00','0000-00-00 00:00:00'),(208,1,'TLBP1S-V','BLANKING PANEL PARA RACK DE 19\"      NEGRO',19,4,9.13,8,'1',2,'0000-00-00 00:00:00','0000-00-00 00:00:00'),(209,1,'569875-1','BOTITAS PARA PLUG MODULAR NEGRO',21,4,0.15,8,'1',2,'0000-00-00 00:00:00','0000-00-00 00:00:00'),(210,1,'569875-3','BOTITAS PARA PLUG MODULAR ROJO',21,4,0.14,8,'1',2,'0000-00-00 00:00:00','0000-00-00 00:00:00'),(211,1,'XM-10BAX','BRACKET DE PARED PARA CÁMARA BULLET Y GABINETE',30,5,12.50,8,'15',2,'0000-00-00 00:00:00','0000-00-00 00:00:00'),(212,1,'DS-1293ZJ','BRACKET PARA PARED INTERIOR / EXTERIOR.',28,5,11.00,8,'15',2,'0000-00-00 00:00:00','0000-00-00 00:00:00'),(213,1,'700006117','BREAKOUT BUFFER 9  O 9 PARA TERMINACIÓN DE FIBRA OSP (MAXIMO 100 FIBRAS) ACCESORIO',18,4,133.34,8,'1',2,'0000-00-00 00:00:00','0000-00-00 00:00:00'),(214,1,'DS-2CD2625FHWD-IZS','BULLET CAMERA 2 MP/ LENS 2.8 - 12MM/ EXIR ILLUMINATION UP TO 50 M / POE IP67',28,5,402.00,8,'15',2,'0000-00-00 00:00:00','0000-00-00 00:00:00'),(215,1,'DS-5PTZ-BUBBLE-SMK','BURBUJA AHUMADA PARA DOMOS DE 5  / COMPATIBLE CON PTZ IP O TURBOHD / 28 / 30 / SOPORTA IP66 / IK10',28,5,24.00,8,'15',2,'0000-00-00 00:00:00','0000-00-00 00:00:00'),(216,1,'DS-SMALL-BUBBLE-SMK','BURBUJA AHUMADA PARA DOMOS FIJOS IP O TURBOHD / COMPATIBLE CON 30 / 28 / SOPORTA IP66 / IK10',28,5,13.20,8,'15',2,'0000-00-00 00:00:00','0000-00-00 00:00:00'),(217,1,'DS-SMK-BUBBLE','BURBUJA AHUMADA PARA DOMOS 28 Y 30 DS-2CD27XX',28,5,5.00,8,'15',2,'0000-00-00 00:00:00','0000-00-00 00:00:00'),(218,1,'DS-LARGE-BUBBLE-SMK','BURBUJA AHUMADA PARA DOMOS MOTORIZADOS IP O TURBOHD / COMPATIBLE CON 30 / 28 / SOPORTA IP66 / IK10',28,5,15.00,8,'15',2,'0000-00-00 00:00:00','0000-00-00 00:00:00'),(219,1,'DS-4PTZ-BUBBLE-SMK','BURBUJA AHUMADO PARA DOMOS DE 4  / COMPATIBLE CON PTZ IP O TURBOHD / 28 / 30 / SOPORTA IP66 / IK10',28,5,25.20,8,'15',2,'0000-00-00 00:00:00','0000-00-00 00:00:00'),(220,1,'DS-6BUBBLE','BURBUJA TRANSPARENTE DE REPUESTO PARA DOMOS DE 6',28,5,59.00,8,'15',2,'0000-00-00 00:00:00','0000-00-00 00:00:00'),(221,1,'DS-4PTZ-BUBBLE-T','BURBUJA TRANSPARENTE PARA DOMOS DE 4  / COMPATIBLE CON PTZ IP O TURBOHD / 28 / 30 / SOPORTA IP66 / IK10',28,5,14.40,8,'15',2,'0000-00-00 00:00:00','0000-00-00 00:00:00'),(222,1,'DS-5PTZ-BUBBLE-T','BURBUJA TRANSPARENTE PARA DOMOS DE 5  / COMPATIBLE CON PTZ IP O TURBOHD / 28 / 30 / SOPORTA IP66 / IK10',28,5,24.00,8,'15',2,'0000-00-00 00:00:00','0000-00-00 00:00:00'),(223,1,'DS-SMALL-BUBBLE-T','BURBUJA TRANSPARENTE PARA DOMOS FIJOS IP O TURBOHD / COMPATIBLE CON 30 / 28 / SOPORTA IP66 / IK10',28,5,13.20,8,'15',2,'0000-00-00 00:00:00','0000-00-00 00:00:00'),(224,1,'DSBUBBLE','BURBUJA TRANSPARENTE PARA DOMOS IP DS-2DE52XX',28,5,15.00,8,'15',2,'0000-00-00 00:00:00','0000-00-00 00:00:00'),(225,1,'DS-LARGE-BUBBLE-T','BURBUJA TRANSPARENTE PARA DOMOS MOTORIZADOS IP O TURBOHD / COMPATIBLE CON 30 / 28 / SOPORTA IP66 / IK10',28,5,15.00,8,'15',2,'0000-00-00 00:00:00','0000-00-00 00:00:00'),(226,1,'760161463','CABLE BRACKET- ULTA HIGH DENSITY 3/8 NPT FOR 12-24 TRUNK CABLES  ACCESORIO',18,4,12.92,8,'1',2,'0000-00-00 00:00:00','0000-00-00 00:00:00'),(227,1,'700025653','CABLE CL21 OSP (DIELÉCTRICO)  ACCESORIO',18,4,15.45,8,'1',2,'0000-00-00 00:00:00','0000-00-00 00:00:00'),(228,1,'700025513','CABLE CL21 OSP (METÁLICO)   ACCESORIO',18,4,29.55,8,'1',2,'0000-00-00 00:00:00','0000-00-00 00:00:00'),(229,1,'TT-BNC-BNC-1.5M','CABLE COAXIAL ARMADO CON CONECTOR BNC Y LONGITUD DE 1.5M, OPTIMIZADO PARA HD ( TURBOHD, HD-SDI, AHD )',31,5,2.50,8,'15',2,'0000-00-00 00:00:00','0000-00-00 00:00:00'),(230,1,'TT-BNC-BNC-2.20M','CABLE COAXIAL ARMADO CON CONECTOR BNC Y LONGITUD DE 2.2M, OPTIMIZADO PARA HD ( TURBOHD, HD-SDI, AHD )',31,5,3.90,8,'15',2,'0000-00-00 00:00:00','0000-00-00 00:00:00'),(231,1,'TT-BNC-BNC-0.6M','CABLE COAXIAL ARMADO CON CONECTOR BNC Y LONGITUD DE 60 CM, OPTIMIZADO PARA HD ( TURBOHD, HD-SDI, AHD )',31,5,2.50,8,'15',2,'0000-00-00 00:00:00','0000-00-00 00:00:00'),(232,1,'EPMONPOC','CABLE DE ALIMENTACIÓN DE CÁMARA A TRAVÉS DE TESTER EPMONTVI/3.0 & TPTURBOHD & TPTURBO8MP',30,5,4.80,8,'15',2,'0000-00-00 00:00:00','0000-00-00 00:00:00'),(233,1,'17763-002','CABLE DE CORRIENTE PARA PDU P1-1A1A5 110-125V, C19 to 5-15P, 8ft 2in, 98 in (2489 mm) L x 2 in (51mm) H x 2 in (51mm) W MONOFASICA',23,4,0.00,8,'1',2,'0000-00-00 00:00:00','0000-00-00 00:00:00'),(234,1,'UTP6ASD10BU','CABLE DE PARCHEO DIAMETRO REDUCIDO RJ45-RJ45 CAT 6A 10FT AZUL',19,4,13.87,8,'1',2,'0000-00-00 00:00:00','0000-00-00 00:00:00'),(235,1,'UTP6ASD10','CABLE DE PARCHEO DIAMETRO REDUCIDO RJ45-RJ45 CAT 6A 10FT BLANCO',19,4,13.87,8,'1',2,'0000-00-00 00:00:00','0000-00-00 00:00:00'),(236,1,'UTP6ASD1BU','CABLE DE PARCHEO DIAMETRO REDUCIDO RJ45-RJ45 CAT 6A 1FT AZUL',19,4,9.16,8,'1',2,'0000-00-00 00:00:00','0000-00-00 00:00:00'),(237,1,'UTP6ASD3BU','CABLE DE PARCHEO DIAMETRO REDUCIDO RJ45-RJ45 CAT 6A 3FT AZUL',19,4,0.00,8,'1',2,'0000-00-00 00:00:00','0000-00-00 00:00:00'),(238,1,'UTP6ASD3','CABLE DE PARCHEO DIAMETRO REDUCIDO RJ45-RJ45 CAT 6A 3FT BLANCO',19,4,10.21,8,'1',2,'0000-00-00 00:00:00','0000-00-00 00:00:00'),(239,1,'UTP6ASD5BU','CABLE DE PARCHEO DIAMETRO REDUCIDO RJ45-RJ45 CAT 6A 5FT AZUL',19,4,11.27,8,'1',2,'0000-00-00 00:00:00','0000-00-00 00:00:00'),(240,1,'UTP6ASD5','CABLE DE PARCHEO DIAMETRO REDUCIDO RJ45-RJ45 CAT 6A 5FT BLANCO',19,4,11.27,8,'1',2,'0000-00-00 00:00:00','0000-00-00 00:00:00'),(241,1,'UTP6ASD7BU','CABLE DE PARCHEO DIAMETRO REDUCIDO RJ45-RJ45 CAT 6A 7FT AZUL',19,4,12.30,8,'1',2,'0000-00-00 00:00:00','0000-00-00 00:00:00'),(242,1,'UTP6ASD7','CABLE DE PARCHEO DIAMETRO REDUCIDO RJ45-RJ45 CAT 6A 7FT BLANCO',19,4,12.30,8,'1',2,'0000-00-00 00:00:00','0000-00-00 00:00:00'),(243,1,'UTPSP1Y','CABLE DE PARCHEO RJ45-RJ45 CAT 6 1 FT  BLANCO',19,4,6.53,8,'1',2,'0000-00-00 00:00:00','0000-00-00 00:00:00'),(244,1,'UTP28SP1BU','CABLE DE PARCHEO RJ45-RJ45 CAT 6 1 FT DIAM. REDUCIDO  AZUL',19,4,6.24,8,'1',2,'0000-00-00 00:00:00','0000-00-00 00:00:00'),(245,1,'UTP28SP1','CABLE DE PARCHEO RJ45-RJ45 CAT 6 1 FT DIAM. REDUCIDO  BLANCO',19,4,0.00,8,'1',2,'0000-00-00 00:00:00','0000-00-00 00:00:00'),(246,1,'CPC3312-09F010','CABLE DE PARCHEO RJ45-RJ45 CAT 6 10 FT  AMARILLO',18,4,10.60,8,'1',2,'0000-00-00 00:00:00','0000-00-00 00:00:00'),(248,1,'UTPSP10ORY','CABLE DE PARCHEO RJ45-RJ45 CAT 6 10 FT  NARANJA',19,4,8.94,8,'1',2,'0000-00-00 00:00:00','0000-00-00 00:00:00'),(249,1,'UTPSP10RDY','CABLE DE PARCHEO RJ45-RJ45 CAT 6 10 FT  ROJO',19,4,8.93,8,'1',2,'0000-00-00 00:00:00','0000-00-00 00:00:00'),(250,1,'CPC3312-04F010 ','CABLE DE PARCHEO RJ45-RJ45 CAT 6 10 FT  VERDE CLARO',18,4,10.60,8,'1',2,'0000-00-00 00:00:00','0000-00-00 00:00:00'),(251,1,'UTP28SP10BU','CABLE DE PARCHEO RJ45-RJ45 CAT 6 10 FT DIAM. REDUCIDO  AZUL',19,4,8.86,8,'1',2,'0000-00-00 00:00:00','0000-00-00 00:00:00'),(252,1,'UTP28SP10','CABLE DE PARCHEO RJ45-RJ45 CAT 6 10 FT DIAM. REDUCIDO  BLANCO',19,4,8.86,8,'1',2,'0000-00-00 00:00:00','0000-00-00 00:00:00'),(253,1,'UTP28SP10GR','CABLE DE PARCHEO RJ45-RJ45 CAT 6 10 FT DIAM. REDUCIDO  VERDE',19,4,0.00,8,'1',2,'0000-00-00 00:00:00','0000-00-00 00:00:00'),(254,1,'NK6PC14BUY','CABLE DE PARCHEO RJ45-RJ45 CAT 6 14 FT  AZUL',22,4,7.31,8,'1',2,'0000-00-00 00:00:00','0000-00-00 00:00:00'),(255,1,'NK6PC14Y','CABLE DE PARCHEO RJ45-RJ45 CAT 6 14 FT  BLANCO',22,4,0.00,8,'1',2,'0000-00-00 00:00:00','0000-00-00 00:00:00'),(256,1,'UTPSP15BUY','CABLE DE PARCHEO RJ45-RJ45 CAT 6 15 FT  AZUL',19,4,10.27,8,'1',2,'0000-00-00 00:00:00','0000-00-00 00:00:00'),(257,1,'CPC3312-03F015','CABLE DE PARCHEO RJ45-RJ45 CAT 6 15 FT  GRIS',18,4,12.28,8,'1',2,'0000-00-00 00:00:00','0000-00-00 00:00:00'),(258,1,'CPC3312-03F001','CABLE DE PARCHEO RJ45-RJ45 CAT 6 1FT GRIS',18,4,7.58,8,'1',2,'0000-00-00 00:00:00','0000-00-00 00:00:00'),(259,1,'UTPSP25BUY','CABLE DE PARCHEO RJ45-RJ45 CAT 6 25 FT  AZUL',19,4,12.95,8,'1',2,'0000-00-00 00:00:00','0000-00-00 00:00:00'),(260,1,'CPC3312-03F025','CABLE DE PARCHEO RJ45-RJ45 CAT 6 25 FT  GRIS',18,4,15.65,8,'1',2,'0000-00-00 00:00:00','0000-00-00 00:00:00'),(261,1,'CPC3312-09F003','CABLE DE PARCHEO RJ45-RJ45 CAT 6 3 FT AMARILLO',18,4,8.25,8,'1',2,'0000-00-00 00:00:00','0000-00-00 00:00:00'),(262,1,'UTP28SP3BU','CABLE DE PARCHEO RJ45-RJ45 CAT 6 3 FT DIAM. REDUCIDO AZUL',19,4,6.81,8,'1',2,'0000-00-00 00:00:00','0000-00-00 00:00:00'),(263,1,'UTP28SP3','CABLE DE PARCHEO RJ45-RJ45 CAT 6 3 FT DIAM. REDUCIDO BLANCO',19,4,6.81,8,'1',2,'0000-00-00 00:00:00','0000-00-00 00:00:00'),(264,1,'CPC3312-03F003','CABLE DE PARCHEO RJ45-RJ45 CAT 6 3 FT GRIS',18,4,8.25,8,'1',2,'0000-00-00 00:00:00','0000-00-00 00:00:00'),(265,1,'UTPSP3RDY','CABLE DE PARCHEO RJ45-RJ45 CAT 6 3 FT ROJO',19,4,7.07,8,'1',2,'0000-00-00 00:00:00','0000-00-00 00:00:00'),(266,1,'NK6PC30BUY','CABLE DE PARCHEO RJ45-RJ45 CAT 6 30 FT  AZUL',22,4,11.38,8,'1',2,'0000-00-00 00:00:00','0000-00-00 00:00:00'),(267,1,'CPC3312-03F035','CABLE DE PARCHEO RJ45-RJ45 CAT 6 35 FT  GRIS',18,4,19.01,8,'1',2,'0000-00-00 00:00:00','0000-00-00 00:00:00'),(268,1,'C601109004','CABLE DE PARCHEO RJ45-RJ45 CAT 6 4 FT  BLANCO',20,4,4.95,8,'1',2,'0000-00-00 00:00:00','0000-00-00 00:00:00'),(269,1,'UTPSP5YLY','CABLE DE PARCHEO RJ45-RJ45 CAT 6 5 FT  AMARILLO',19,4,7.61,8,'1',2,'0000-00-00 00:00:00','0000-00-00 00:00:00'),(270,1,'CPC3312-0ZF005','CABLE DE PARCHEO RJ45-RJ45 CAT 6 5 FT  AZUL FUERTE',18,4,8.92,8,'1',2,'0000-00-00 00:00:00','0000-00-00 00:00:00'),(271,1,'CPC3312-03F005','CABLE DE PARCHEO RJ45-RJ45 CAT 6 5 FT  GRIS',18,4,8.92,8,'1',2,'0000-00-00 00:00:00','0000-00-00 00:00:00'),(272,1,'CPC3312-01F005','CABLE DE PARCHEO RJ45-RJ45 CAT 6 5 FT  NEGRO',18,4,0.00,8,'1',2,'0000-00-00 00:00:00','0000-00-00 00:00:00'),(273,1,'CPC3312-04F005 ','CABLE DE PARCHEO RJ45-RJ45 CAT 6 5 FT  VERDE CLARO',18,4,0.00,8,'1',2,'0000-00-00 00:00:00','0000-00-00 00:00:00'),(274,1,'UTP28SP5BU','CABLE DE PARCHEO RJ45-RJ45 CAT 6 5 FT DIAM. REDUCIDO  AZUL',19,4,7.41,8,'1',2,'0000-00-00 00:00:00','0000-00-00 00:00:00'),(275,1,'UTP28SP5','CABLE DE PARCHEO RJ45-RJ45 CAT 6 5 FT DIAM. REDUCIDO  BLANCO',19,4,7.41,8,'1',2,'0000-00-00 00:00:00','0000-00-00 00:00:00'),(276,1,'CPC3312-03F050','CABLE DE PARCHEO RJ45-RJ45 CAT 6 50 FT  GRIS',18,4,24.06,8,'1',2,'0000-00-00 00:00:00','0000-00-00 00:00:00'),(277,1,'CPC3312-0ZF007','CABLE DE PARCHEO RJ45-RJ45 CAT 6 7 FT  AZUL FUERTE',18,4,9.59,8,'1',2,'0000-00-00 00:00:00','0000-00-00 00:00:00'),(278,1,'UTPSP7BLY','CABLE DE PARCHEO RJ45-RJ45 CAT 6 7 FT  NEGRO',19,4,8.13,8,'1',2,'0000-00-00 00:00:00','0000-00-00 00:00:00'),(279,1,'CPC3312-04F007','CABLE DE PARCHEO RJ45-RJ45 CAT 6 7 FT  VERDE CLARO',18,4,9.59,8,'1',2,'0000-00-00 00:00:00','0000-00-00 00:00:00'),(280,1,'UTP28SP7BU','CABLE DE PARCHEO RJ45-RJ45 CAT 6 7 FT DIAM. REDUCIDO  AZUL',19,4,7.98,8,'1',2,'0000-00-00 00:00:00','0000-00-00 00:00:00'),(281,1,'UTP28SP7','CABLE DE PARCHEO RJ45-RJ45 CAT 6 7 FT DIAM. REDUCIDO  BLANCO',19,4,7.98,8,'1',2,'0000-00-00 00:00:00','0000-00-00 00:00:00'),(282,1,'UTP28SP7GR','CABLE DE PARCHEO RJ45-RJ45 CAT 6 7 FT DIAM. REDUCIDO  VERDE',19,4,7.98,8,'1',2,'0000-00-00 00:00:00','0000-00-00 00:00:00'),(283,1,'C6F1106010','CABLE DE PARCHEO RJ45-RJ45 CAT 6 7FT (BLINDADO) AZUL',20,4,7.86,8,'1',2,'0000-00-00 00:00:00','0000-00-00 00:00:00'),(284,1,'CPCSSX2-09F010','CABLE DE PARCHEO RJ45-RJ45 CAT 6A 10FT AMARILLO',18,4,16.87,8,'1',2,'0000-00-00 00:00:00','0000-00-00 00:00:00'),(285,1,'CPCSSX2-07F010','CABLE DE PARCHEO RJ45-RJ45 CAT 6A 10FT ROJO',18,4,16.87,8,'1',2,'0000-00-00 00:00:00','0000-00-00 00:00:00'),(286,1,'CPCSSX2-03F015','CABLE DE PARCHEO RJ45-RJ45 CAT 6A 15FT GRIS',18,4,19.90,8,'1',2,'0000-00-00 00:00:00','0000-00-00 00:00:00'),(287,1,'CPCSSX2-03F025','CABLE DE PARCHEO RJ45-RJ45 CAT 6A 25FT GRIS',18,4,25.95,8,'1',2,'0000-00-00 00:00:00','0000-00-00 00:00:00'),(288,1,'UTP6A3BU','CABLE DE PARCHEO RJ45-RJ45 CAT 6A 3FT AZUL',19,4,10.66,8,'1',2,'0000-00-00 00:00:00','0000-00-00 00:00:00'),(289,1,'UTP6A3','CABLE DE PARCHEO RJ45-RJ45 CAT 6A 3FT BLANCO',19,4,10.66,8,'1',2,'0000-00-00 00:00:00','0000-00-00 00:00:00'),(290,1,'CPCSSX2-03F003','CABLE DE PARCHEO RJ45-RJ45 CAT 6A 3FT GRIS',18,4,12.66,8,'1',2,'0000-00-00 00:00:00','0000-00-00 00:00:00'),(291,1,'CA21106004','CABLE DE PARCHEO RJ45-RJ45 CAT 6A 4FT AZUL',20,4,8.37,8,'1',2,'0000-00-00 00:00:00','0000-00-00 00:00:00'),(292,1,'CA21109004','CABLE DE PARCHEO RJ45-RJ45 CAT 6A 4FT BLANCO',20,4,8.37,8,'1',2,'0000-00-00 00:00:00','0000-00-00 00:00:00'),(293,1,'CPCSSX2-03F050','CABLE DE PARCHEO RJ45-RJ45 CAT 6A 50FT GRIS',18,4,43.05,8,'1',2,'0000-00-00 00:00:00','0000-00-00 00:00:00'),(294,1,'CPCSSX2-03F005','CABLE DE PARCHEO RJ45-RJ45 CAT 6A 5FT GRIS',18,4,13.85,8,'1',2,'0000-00-00 00:00:00','0000-00-00 00:00:00'),(295,1,'CPCSSX2-01F005','CABLE DE PARCHEO RJ45-RJ45 CAT 6A 5FT NEGRO',18,4,13.85,8,'1',2,'0000-00-00 00:00:00','0000-00-00 00:00:00'),(296,1,'CPCSSX2-01F007','CABLE DE PARCHEO RJ45-RJ45 CAT 6A 7FT NEGRO',18,4,15.06,8,'1',2,'0000-00-00 00:00:00','0000-00-00 00:00:00'),(297,1,'CPCSSX2-07F007 ','CABLE DE PARCHEO RJ45-RJ45 CAT 6A 7FT ROJO',18,4,0.00,8,'1',2,'0000-00-00 00:00:00','0000-00-00 00:00:00'),(298,1,'DDD005MB','CABLE DVI DUAL LINK DE 5M BAJO VOLTAJE',20,4,0.00,8,'1',2,'0000-00-00 00:00:00','0000-00-00 00:00:00'),(299,1,'TT-HDMI-20M','CABLE HDMI DE 20M SOPORTA RESOLUCIONES EN 4K',32,5,49.00,8,'15',2,'0000-00-00 00:00:00','0000-00-00 00:00:00'),(300,1,'HDE003MB','CABLE HDMI DE 3M NEGRO BAJO VOLTAJE',20,4,0.00,8,'1',2,'0000-00-00 00:00:00','0000-00-00 00:00:00'),(301,1,'TT-HDMI-5M','CABLE HDMI DE 5 M',32,5,9.00,8,'15',2,'0000-00-00 00:00:00','0000-00-00 00:00:00'),(302,1,'HDE005MB','CABLE HDMI DE 5M NEGRO BAJO VOLTAJE',20,4,0.00,8,'1',2,'0000-00-00 00:00:00','0000-00-00 00:00:00'),(303,1,'TT-HDMI-1M','CABLE HDMI DE ALTA RESOLUCIÓN EN 4K DE 1 M',32,5,3.90,8,'15',2,'0000-00-00 00:00:00','0000-00-00 00:00:00'),(304,1,'TT-HDMI-3M','CABLE HDMI DE ALTA RESOLUCIÓN EN 4K DE 3 METROS DE LONGITUD',32,5,5.85,8,'15',2,'0000-00-00 00:00:00','0000-00-00 00:00:00'),(305,1,'VGA010FB','CABLE VGA DE 10 PIES NEGRO BAJO VOLTAJE',20,4,0.00,8,'1',2,'0000-00-00 00:00:00','0000-00-00 00:00:00'),(306,1,'DS-1284ZJ-M','CAJA DE CONEXIÓN ANTICORROSIVO PARA CÁMARA DOMO, BALA Y PTZ 28',28,5,149.00,8,'15',2,'0000-00-00 00:00:00','0000-00-00 00:00:00'),(307,1,'190108865','CAJA DE CONEXIÓN ANTICORROSIVO PARA PTZ IP',28,5,119.00,8,'15',2,'0000-00-00 00:00:00','0000-00-00 00:00:00'),(308,1,'DS-1281ZJ-S','CAJA DE CONEXIÓN INCLINADA PARA DOMOS 28',28,5,22.00,8,'15',2,'0000-00-00 00:00:00','0000-00-00 00:00:00'),(309,1,'DS-1280ZJ-DM21','CAJA DE CONEXIÓN PARA DOMO',28,5,13.00,8,'15',2,'0000-00-00 00:00:00','0000-00-00 00:00:00'),(310,1,'DS-1280ZJ-DM45','CAJA DE CONEXIÓN PARA DOMOS TURBOHD 4K / USO EN EXTERIOR / FABRICADO EN ALUMINIO',28,5,20.25,8,'15',2,'0000-00-00 00:00:00','0000-00-00 00:00:00'),(311,1,'DS-1280ZJ-DM22','CAJA DE CONEXIÓN PARA MINI DOMOS IP DS-2CD25X5 / DS-2CD25X3',28,5,39.00,8,'15',2,'0000-00-00 00:00:00','0000-00-00 00:00:00'),(312,1,'DS-1280ZJ-PT3','CAJA DE CONEXIONES',28,5,11.00,8,'15',2,'0000-00-00 00:00:00','0000-00-00 00:00:00'),(313,1,'DS-1280ZJ-XS','CAJA DE CONEXIONES DE METAL PARA DS2CD20**, HRB900, HRB900X, B8**, HRE**, E8**, LE7**, LB7**',28,5,14.00,8,'15',2,'0000-00-00 00:00:00','0000-00-00 00:00:00'),(314,1,'DS-1280ZJD-M18','CAJA DE CONEXIONES IP66 PARA CÁMARAS MINIDOMO',28,5,15.00,8,'15',2,'0000-00-00 00:00:00','0000-00-00 00:00:00'),(315,1,'DS-1260ZJ','CAJA DE CONEXIONES IP66 PARA CÁMARAS TIPO BALA',28,5,11.00,8,'15',2,'0000-00-00 00:00:00','0000-00-00 00:00:00'),(316,1,'DS-1280ZJ-S','CAJA DE CONEXIONES PARA CÁMARAS TIPO BALA / TURRET / DOMO',28,5,20.00,8,'15',2,'0000-00-00 00:00:00','0000-00-00 00:00:00'),(317,1,'DS-1280ZJ-M','CAJA DE CONEXIONES PARA EYEBALL/TURRET',28,5,20.00,8,'15',2,'0000-00-00 00:00:00','0000-00-00 00:00:00'),(318,1,'DS-1280ZJ-DM25','CAJA DE CONEXIONES PARA MODELOS DS-63X2FXX',28,5,15.00,8,'15',2,'0000-00-00 00:00:00','0000-00-00 00:00:00'),(319,1,'DS1280ZJSD11','CAJA DE CONEXIONES PARA PTZ 4 DISEÑO A PRUEBA DE AGUA',28,5,17.00,8,'15',2,'0000-00-00 00:00:00','0000-00-00 00:00:00'),(320,1,'JB3510WH-A','CAJA DE MONTAJE EN SUPERFICIE (DOS PIEZAS)T45-LD BLANCO',19,4,2.40,8,'1',2,'0000-00-00 00:00:00','0000-00-00 00:00:00'),(321,1,'CBXJ2IW-A','CAJA DE MONTAJE EN SUPERFICIE PARA 2 MODULOS BLANCO',19,4,2.76,8,'1',2,'0000-00-00 00:00:00','0000-00-00 00:00:00'),(322,1,'JBP1IW','CAJA DE MONTAJE UNIVERSAL EN SUPERFICIE (DOS PIEZA) LD BLANCO',19,4,5.35,8,'1',2,'0000-00-00 00:00:00','0000-00-00 00:00:00'),(323,1,'JB1IW-A','CAJA DE MONTAJE UNIVERSAL EN SUPERFICIE (UNA PIEZA) LD BLANCO',19,4,3.82,8,'1',2,'0000-00-00 00:00:00','0000-00-00 00:00:00'),(324,1,'106658156','CAJA DE SUPERFICIE, ACEPTA 12 JACKS SERIE M106 BLANCO',18,4,15.08,8,'1',2,'0000-00-00 00:00:00','0000-00-00 00:00:00'),(325,1,'107984056','CAJA DE SUPERFICIE, ACEPTA 2 JACKS SERIE M102 BLANCO',18,4,2.68,8,'1',2,'0000-00-00 00:00:00','0000-00-00 00:00:00'),(326,1,'PFL6X04BU-CEG','CAJA F/UTP CATEGORIA 6A (BLINDADO) LSZH AZUL',19,4,285.18,8,'1',2,'0000-00-00 00:00:00','0000-00-00 00:00:00'),(327,1,'760122648','CAJA F/UTP CATEGORIA 6A (BLINDADO) PLENUM BLANCO',18,4,0.00,8,'1',2,'0000-00-00 00:00:00','0000-00-00 00:00:00'),(328,1,'CANA-0114','CAJA GALV. CON TAPA DE 1 1/2\" CANALIZACION',17,4,2.38,8,'4',2,'0000-00-00 00:00:00','0000-00-00 00:00:00'),(329,1,'CANA-0113','CAJA GALV. CON TAPA DE 1\" CANALIZACION',17,4,0.54,8,'4',2,'0000-00-00 00:00:00','0000-00-00 00:00:00'),(330,1,'CANA-0115','CAJA GALV. CON TAPA DE 2\" CANALIZACION',17,4,2.62,8,'4',2,'0000-00-00 00:00:00','0000-00-00 00:00:00'),(331,1,'CANA-0112','CAJA GALV. CON TAPA DE 3/4\" CANALIZACION',17,4,0.22,8,'4',2,'0000-00-00 00:00:00','0000-00-00 00:00:00'),(332,1,'NUC6C04BU-C','CAJA UTP CATEGORIA 6 CM AZUL',22,4,135.23,8,'1',2,'0000-00-00 00:00:00','0000-00-00 00:00:00'),(334,1,'1872A F6HA1000','CAJA UTP CATEGORIA 6 CMR PAR PEGADO GRIS',20,4,183.81,8,'1',2,'0000-00-00 00:00:00','0000-00-00 00:00:00'),(335,1,'PUL6004BU','CAJA UTP CATEGORIA 6 LSZH AZUL',19,4,230.91,8,'1',2,'0000-00-00 00:00:00','0000-00-00 00:00:00'),(336,1,'700216450','CAJA UTP CATEGORIA 6 LSZH BLANCO',18,4,261.18,8,'1',2,'0000-00-00 00:00:00','0000-00-00 00:00:00'),(337,1,'700212046','CAJA UTP CATEGORIA 6 RISER BLANCO',18,4,214.37,8,'1',2,'0000-00-00 00:00:00','0000-00-00 00:00:00'),(338,1,'760107094','CAJA UTP CATEGORIA 6A AZUL',18,4,303.68,8,'1',2,'0000-00-00 00:00:00','0000-00-00 00:00:00'),(339,1,'760107268','CAJA UTP CATEGORIA 6A BLANCO',18,4,767.88,8,'1',2,'0000-00-00 00:00:00','0000-00-00 00:00:00'),(340,1,'PUR6ASD04BU-CG','CAJA UTP CATEGORIA 6A DIAMETRO PEQUEÑO AZUL AZUL',19,4,233.67,8,'1',2,'0000-00-00 00:00:00','0000-00-00 00:00:00'),(341,1,'760107078','CAJA UTP CATEGORIA 6A GRIS',18,4,303.68,8,'1',2,'0000-00-00 00:00:00','0000-00-00 00:00:00'),(342,1,'PUR6AM04IG-CG','CAJA UTP CATEGORIA 6A GRIS GRIS',19,4,267.35,8,'1',2,'0000-00-00 00:00:00','0000-00-00 00:00:00'),(343,1,'T45WCIW','CAJA Y BRACKET PARA DUCTO Pan-Way® T45, ACEPTA FACEPLATE (PLACA DE SALIDA) ELÉCTRICO O DE DATOS, BLANCO INTERNACIONAL T53',19,4,9.77,8,'1',2,'0000-00-00 00:00:00','0000-00-00 00:00:00'),(344,1,'DS-2CD6626B/EH-IR5','CÁMARA BALA IP 2 MEGAPIXEL / 50 MTS IR / ANTICORROSIVO / ULTRA LOW LIGHT / LENTE VAR. 3.8 - 16 MM / WDR / 60IPS / IP67 / ONVIF / WFC2 / C5-M',28,5,2697.00,8,'15',2,'0000-00-00 00:00:00','0000-00-00 00:00:00'),(345,1,'DS-2CD6626B/EHIRA','CÁMARA BALA IP 2 MEGAPIXEL / ANTICORROSIVO / ULTRA LOW LIGHT / LENTE VAR. 11 - 40 MM / 100 MTS IR / WDR / 60IPS / IP67 / ONVIF / WFC2 / C5-M',28,5,2877.00,8,'15',2,'0000-00-00 00:00:00','0000-00-00 00:00:00'),(346,1,'DS-2DY3220IW-DE','CAMARA BALA IP PTZ 2 MEGAPIXEL / 20X ZOOM / DWDR / 3D-DNR / 150 MTS IR / 60 IPS / ENTRADA-SALIDA AUDIO Y ALARMA / MICROSD / ROI / POE+ / IP66',28,5,859.00,8,'15',2,'0000-00-00 00:00:00','0000-00-00 00:00:00'),(347,1,'DS-2CD4025FWD','CÁMARA BOX IP 2 MEGAPIXEL / 60 IPS / LIGHTFIGHTER / WDR 140DB / H.264+ / POE / DETECCIÓN DE ROSTROS / VÍDEO ANALÍTICOS / HEAT MAP',28,5,570.00,8,'15',2,'0000-00-00 00:00:00','0000-00-00 00:00:00'),(348,1,'DS-2CD4026FWD','CÁMARA BOX IP 2 MEGAPIXEL / DARKFIGHTER / 60IPS / VÍDEO ANÁLISIS / CONTEO DE PERSONAS / DETECCIÓN DE ROSTROS / CRUCE DE LINEA / INTRUSIÓN DE ÁREA / ROI / DEFOG / H.264+',28,5,636.00,8,'15',2,'0000-00-00 00:00:00','0000-00-00 00:00:00'),(349,1,'DS-2CD2820F','CÁMARA BOX IP 2 MEGAPIXEL / DWDR / 3D-DNR / POE / RANURA PARA MICROSD / CRUCE DE LINEA / INTRUSIÓN DE ÁREA / ONVIF',28,5,205.00,8,'15',2,'0000-00-00 00:00:00','0000-00-00 00:00:00'),(350,1,'DS-2CD2821G0','CAMARA BOX IP 2 MEGAPIXEL / ULTRA BAJA ILUMINACION / POE / 12 VCD / WDR 120 DB / MICRO SD / ONVIF',28,5,222.50,8,'15',2,'0000-00-00 00:00:00','0000-00-00 00:00:00'),(351,1,'DS-2CD6026FHWD-A','CÁMARA BOX IP 2 MEGAPXIEL / DARKFIGHTER / 60 IPS / DETECCION DE ROSTROS / CONTEO DE PERSONAS / WDR 120DB / MICROSD / POE',28,5,1999.00,8,'15',2,'0000-00-00 00:00:00','0000-00-00 00:00:00'),(352,1,'DS2CD4065F','CÁMARA BOX IP 6 MEGAPIXEL / VÍDEO ANÁLISIS / CONTEO DE PERSONAS / DETECCIÓN DE ROSTROS / CRUCE DE LINEA / INTRUSIÓN DE ÁREA / ROI / DEFOG / H.264+',28,5,873.00,8,'15',2,'0000-00-00 00:00:00','0000-00-00 00:00:00'),(353,1,'DS-2CD4085F-AP','CÁMARA BOX IP 8 MEGAPIXEL (4K) / DETECCIÓN DE ROSTROS / DIA-NOCHE / H.264+ / ONVIF / CONTEO DE OBJETOS / POE',28,5,1365.00,8,'15',2,'0000-00-00 00:00:00','0000-00-00 00:00:00'),(354,1,'DS-2CD6626DS-IZHS','CÁMARA DOMO IP 2 MEGAPIXEL / 30 MTS IR / ANTICORROSIVO / LENTE VAR. 2.8 - 12 MM / WDR 120DB / 60 IPS / IP67 /ONVIF / POE',28,5,1976.00,8,'15',2,'0000-00-00 00:00:00','0000-00-00 00:00:00'),(355,1,'DS-2XC6122FWD-IS','CÁMARA DOMO IP 2 MEGAPIXEL / H.265+ / ANTICORROSIVO / IP67 / WF-2 / NEMA 4X / 10 MTS IR / WDR 120DB / ONVIF / POE',28,5,1941.00,8,'15',2,'0000-00-00 00:00:00','0000-00-00 00:00:00'),(356,1,'DS-2XC6142FWD-IS','CÁMARA DOMO IP 4 MEGAPIXEL / H.265+ / ANTICORROSIVO / IP67 / WF-2 / NEMA 4X / 10 MTS IR / WDR 120DB / ONVIF / POE',28,5,2409.00,8,'15',2,'0000-00-00 00:00:00','0000-00-00 00:00:00'),(357,1,'DS-2DT6223-AELY','CÁMARA DOMO IP PTZ 2 MEGAPIXEL / ANTICORROSIVO / 23X ZOOM / DARKFIGHTER / IP67 / AUTOSEGUIMIENTO / WDR 120DB / ONVIF',28,5,4100.00,8,'15',2,'0000-00-00 00:00:00','0000-00-00 00:00:00'),(358,1,'IDS-2CD8426G0/F-I','CÁMARA DUAL 2 MEGAPIXEL / RECONOCIMIENTO FACIAL / 10 METROS IR / WDR / ULTRA BAJA ILUMINACIÓN',28,5,3632.00,8,'15',2,'0000-00-00 00:00:00','0000-00-00 00:00:00'),(359,1,'CDU-MMYD','CÁMARA FALSA (FANTASMA) / 30 LEDS DE ENCENDIDO AUTOMATICO SIN PARPADEOS / BATERÍAS NO INCLUIDAS',30,5,14.00,8,'15',2,'0000-00-00 00:00:00','0000-00-00 00:00:00'),(360,1,'CDU-MMYB','CÁMARA FALSA(FANTASMA) / 23 LEDS DE ENCENDIDO AUTOMATICO SIN PARPADEOS / BATERÍAS NO INCLUIDAS',30,5,14.00,8,'15',2,'0000-00-00 00:00:00','0000-00-00 00:00:00'),(361,1,'DS2CD4525FWDIZ','CÁMARA IP DOMO 2MP / LIGHTFIGHTER 140DB / 60 IPS / H.264+ / LENTE MOTORIZADO 2.8 A 12MM / IK10 / IP66 / 40 MTS IR',28,5,789.00,8,'15',2,'0000-00-00 00:00:00','0000-00-00 00:00:00'),(362,1,'IDS2CD6810F/C','CÁMARA IP DUAL 2 MEGAPIXEL / CONTEO DE PERSONAS / POE / USO EN INTERIOR',28,5,1432.00,8,'15',2,'0000-00-00 00:00:00','0000-00-00 00:00:00'),(363,1,'DS-2CD4026FWD/P-L','CÁMARA IP TIPO CAJA 2 MEGAPIXEL CON HOUSING / ANPR / RECONOCIMIENTO DE PLACAS / DARKFIGHTER',28,5,1581.00,8,'15',2,'0000-00-00 00:00:00','0000-00-00 00:00:00'),(364,1,'DS-2CD4032FWD','CÁMARA IP TIPO CAJA 3MP / VÍDEO ANÁLISIS / WDR 120DB / CONTEO DE PERSONAS / DETECCIÓN DE ROSTROS / CRUCE DE LINEA / INTRUSIÓN DE ÁREA / ROI / DEFOG / H.264+',28,5,349.00,8,'15',2,'0000-00-00 00:00:00','0000-00-00 00:00:00'),(365,1,'DS-2CD2D21G0/M-D/NF','CÁMARA OCULTA IP 2 MEGAPIXEL / LENTE 2.8 MM / H.265+ / INTERIOR / WDR / 12 VCD / ULTRA BAJA ILUMINACIÓN',28,5,125.00,8,'15',2,'0000-00-00 00:00:00','0000-00-00 00:00:00'),(366,1,'DS-2TS03-25UMW','CÁMARA TÉRMICA PORTÁTIL / WIFI / IP67 / MONOCULAR / 2X ZOOM / MEMORIA INTERNA 16GB / GPS',28,5,5613.00,8,'15',2,'0000-00-00 00:00:00','0000-00-00 00:00:00'),(367,1,'CANA-0073','CARGA INDUSTRIAL CAL 22 CANALIZACION',17,4,0.00,8,'4',2,'0000-00-00 00:00:00','0000-00-00 00:00:00'),(368,1,'760109496','CARTUCHO 360G2 12 LC TERASPEED AZUL C/PIGTLS IPATCH  SM',18,4,257.38,8,'1',2,'0000-00-00 00:00:00','0000-00-00 00:00:00'),(369,1,'FCX-24-10Y','CASSETTE QuickNet™ DE 24 HILOS (12 CANALES) PARA CHAROLA, 2 MTP A 12 ACOPLADORES DUPLEX LC (OM3) METODO A MM',19,4,0.00,8,'1',2,'0000-00-00 00:00:00','0000-00-00 00:00:00'),(370,1,'25513-712','CBL MNGR,FNGR,STDWALLCAB,      ACCESORIO',23,4,52.19,8,'1',2,'0000-00-00 00:00:00','0000-00-00 00:00:00'),(371,1,'25513-706','CBL MNGR,FNGR,STDWALLCAB,6U,BK ACCESORIO',23,4,47.22,8,'1',2,'0000-00-00 00:00:00','0000-00-00 00:00:00'),(372,1,'760105163','CHAROLA 360 iPATCH G2 LC FIJA 360',18,4,0.00,8,'1',2,'0000-00-00 00:00:00','0000-00-00 00:00:00'),(373,1,'SRM19FM1','CHAROLA AJUSTABLE, MONTAJE FRONTAL 1.7\"H, X 19\"W X 18\"D NEGRO',19,4,41.76,8,'1',2,'0000-00-00 00:00:00','0000-00-00 00:00:00'),(374,1,'SRM19X18A1','CHAROLA AJUSTABLE, MONTAJE FRONTAL Y POSTERIOR 1.7\"H, X 19\"W X 18\"D NEGRO',19,4,157.73,8,'1',2,'0000-00-00 00:00:00','0000-00-00 00:00:00'),(375,1,'FMT1A','CHAROLA DE FIBRA VACIA  EN ANGULO (NECESARIO ADICIONAR CFAPPBL1A) SM/MM',19,4,0.00,8,'1',2,'0000-00-00 00:00:00','0000-00-00 00:00:00'),(376,1,'FMD1','CHAROLA DE FIBRA VACIA DESLIZABLE ACEPTA 4 PANELES FAP O FMP SM/MM',19,4,185.40,8,'1',2,'0000-00-00 00:00:00','0000-00-00 00:00:00'),(377,1,'FMT1','CHAROLA DE FIBRA VACIA PARA RACK 1 RU (NECESARIO ADICIONAR CFAPPBL1) SM/MM',19,4,100.06,8,'1',2,'0000-00-00 00:00:00','0000-00-00 00:00:00'),(378,1,'14072-719','CHAROLA FIJA VENTILADA PARA MEGAFRAME, 19\"W X 29\"D. SOPORTA 200LB (90KG);  NEGRO',23,4,0.00,8,'1',2,'0000-00-00 00:00:00','0000-00-00 00:00:00'),(379,1,'FRME1','CHAROLA PARA MONTAJE EN RAK ACEPTA 3 MODULOS FAP O FMP (ACCESO FRONTAL) SM/MM',19,4,160.61,8,'1',2,'0000-00-00 00:00:00','0000-00-00 00:00:00'),(380,1,'FCE1U','Charola vacia que acepta cuatro cassettes QuickNet™, FAP p  módulos empalmes FOSM SM/MM',19,4,182.53,8,'1',2,'0000-00-00 00:00:00','0000-00-00 00:00:00'),(381,1,'12610-719','CHAROLA VENTILADA AJUSTABLE EN PROFUNDIDAD PARA GABINETE, SUJECIÓN EN 4 PUNTOS SOPORTA 200LB (90KG); 1U,  NEGRO',23,4,0.00,8,'1',2,'0000-00-00 00:00:00','0000-00-00 00:00:00'),(382,1,'SRM19CMV3','CHAROLA VENTILADA DOBLE, MONTAJE FRONTAL 5.2\"H X 19.0\"W X 12.5\"D NEGRO',19,4,105.15,8,'1',2,'0000-00-00 00:00:00','0000-00-00 00:00:00'),(383,1,'SRM19FM2','CHAROLA VENTILADA, MONTAJE FRONTAL 3.48\" H X 19\" W X 15.15\" NEGRO',19,4,54.65,8,'1',2,'0000-00-00 00:00:00','0000-00-00 00:00:00'),(384,1,'MG-51-420','CLEMA MEDIANA FRANCESA ACCESORIO',16,4,0.24,8,'1',2,'0000-00-00 00:00:00','0000-00-00 00:00:00'),(385,1,'MG-51-91','CLEMA MEDIANA/PEQUEÑA/TORNILLO+TUERCA ACCESORIO',16,4,0.61,8,'1',2,'0000-00-00 00:00:00','0000-00-00 00:00:00'),(386,1,'MG-51-421','CLEMA PEQUEÑA FRANCESA ACCESORIO',16,4,0.18,8,'1',2,'0000-00-00 00:00:00','0000-00-00 00:00:00'),(387,1,'MG-51-110','CLIP AUTOMATICO ACCESORIO',16,4,2.79,8,'1',2,'0000-00-00 00:00:00','0000-00-00 00:00:00'),(388,1,'MG-51-111EZ','CLIP RECTO AUTOMATICO ACCESORIO',16,4,1.37,8,'1',2,'0000-00-00 00:00:00','0000-00-00 00:00:00'),(389,1,'MG-65-120','CLIP RECTO ED-275 ACCESORIO',16,4,1.42,8,'1',2,'0000-00-00 00:00:00','0000-00-00 00:00:00'),(390,1,'8241 0101000','COAXIAL RG59 23 SOL PE 95% BC BRD SHD 75 OHM NEGRO BAJO VOLTAJE',20,4,0.00,8,'1',2,'0000-00-00 00:00:00','0000-00-00 00:00:00'),(391,1,'CANA-0167','COLGADOR TIPO PERA 1 1/2\" CANALIZACION',17,4,0.29,8,'4',2,'0000-00-00 00:00:00','0000-00-00 00:00:00'),(392,1,'CANA-0166','COLGADOR TIPO PERA 1 1/4\" CANALIZACION',17,4,0.29,8,'4',2,'0000-00-00 00:00:00','0000-00-00 00:00:00'),(393,1,'CANA-0165','COLGADOR TIPO PERA 1\" CANALIZACION',17,4,0.28,8,'4',2,'0000-00-00 00:00:00','0000-00-00 00:00:00'),(394,1,'CANA-0163','COLGADOR TIPO PERA 1/2\" CANALIZACION',17,4,0.23,8,'4',2,'0000-00-00 00:00:00','0000-00-00 00:00:00'),(395,1,'CANA-0168','COLGADOR TIPO PERA 2\" CANALIZACION',17,4,0.34,8,'4',2,'0000-00-00 00:00:00','0000-00-00 00:00:00'),(396,1,'CANA-0164','COLGADOR TIPO PERA 3/4\" CANALIZACION',17,4,0.25,8,'4',2,'0000-00-00 00:00:00','0000-00-00 00:00:00'),(397,1,'CANA-0056','CONDULET TIPO C DE 1 ¼\" CANALIZACION',17,4,4.20,8,'4',2,'0000-00-00 00:00:00','0000-00-00 00:00:00'),(398,1,'CANA-0057','CONDULET TIPO C DE 1 1/2\" CANALIZACION',17,4,4.61,8,'4',2,'0000-00-00 00:00:00','0000-00-00 00:00:00'),(399,1,'CANA-0055','CONDULET TIPO C DE 1\" CANALIZACION',17,4,2.23,8,'4',2,'0000-00-00 00:00:00','0000-00-00 00:00:00'),(400,1,'CANA-0058','CONDULET TIPO C DE 2\" CANALIZACION',17,4,7.97,8,'4',2,'0000-00-00 00:00:00','0000-00-00 00:00:00'),(401,1,'CANA-0054','CONDULET TIPO C DE 3/4\" CANALIZACION',17,4,1.54,8,'4',2,'0000-00-00 00:00:00','0000-00-00 00:00:00'),(402,1,'CANA-0042','CONDULET TIPO FS DE ¾\" CANALIZACION',17,4,6.62,8,'4',2,'0000-00-00 00:00:00','0000-00-00 00:00:00'),(403,1,'CANA-0043','CONDULET TIPO FS DE 1\" CANALIZACION',17,4,9.70,8,'4',2,'0000-00-00 00:00:00','0000-00-00 00:00:00'),(404,1,'CANA-0065','CONDULET TIPO FSC DE 1\" CANALIZACION',17,4,13.49,8,'4',2,'0000-00-00 00:00:00','0000-00-00 00:00:00'),(405,1,'CANA-0064','CONDULET TIPO FSC DE 3/4\" CANALIZACION',17,4,7.65,8,'4',2,'0000-00-00 00:00:00','0000-00-00 00:00:00'),(406,1,'CANA-0044','CONDULET TIPO LB DE ¾\" CANALIZACION',17,4,1.54,8,'4',2,'0000-00-00 00:00:00','0000-00-00 00:00:00'),(407,1,'CANA-0046','CONDULET TIPO LB DE 1 ¼\" CANALIZACION',17,4,4.20,8,'4',2,'0000-00-00 00:00:00','0000-00-00 00:00:00'),(408,1,'CANA-0047','CONDULET TIPO LB DE 1 1/2\" CANALIZACION',17,4,4.61,8,'4',2,'0000-00-00 00:00:00','0000-00-00 00:00:00'),(409,1,'CANA-0045','CONDULET TIPO LB DE 1\" CANALIZACION',17,4,2.23,8,'4',2,'0000-00-00 00:00:00','0000-00-00 00:00:00'),(410,1,'CANA-0048','CONDULET TIPO LB DE 2\" CANALIZACION',17,4,7.97,8,'4',2,'0000-00-00 00:00:00','0000-00-00 00:00:00'),(411,1,'CANA-0051','CONDULET TIPO LR DE 1 ¼\" CANALIZACION',17,4,4.20,8,'4',2,'0000-00-00 00:00:00','0000-00-00 00:00:00'),(412,1,'CANA-0052','CONDULET TIPO LR DE 1 1/2\" CANALIZACION',17,4,4.61,8,'4',2,'0000-00-00 00:00:00','0000-00-00 00:00:00'),(413,1,'CANA-0050','CONDULET TIPO LR DE 1\" CANALIZACION',17,4,2.23,8,'4',2,'0000-00-00 00:00:00','0000-00-00 00:00:00'),(414,1,'CANA-0053','CONDULET TIPO LR DE 2\" CANALIZACION',17,4,7.97,8,'4',2,'0000-00-00 00:00:00','0000-00-00 00:00:00'),(415,1,'CANA-0049','CONDULET TIPO LR DE 3/4\" CANALIZACION',17,4,1.54,8,'4',2,'0000-00-00 00:00:00','0000-00-00 00:00:00'),(416,1,'CANA-0061','CONDULET TIPO T DE 1 ¼\" CANALIZACION',17,4,4.48,8,'4',2,'0000-00-00 00:00:00','0000-00-00 00:00:00'),(417,1,'CANA-0062','CONDULET TIPO T DE 1 1/2\" CANALIZACION',17,4,4.87,8,'4',2,'0000-00-00 00:00:00','0000-00-00 00:00:00'),(418,1,'CANA-0060','CONDULET TIPO T DE 1\" CANALIZACION',17,4,2.42,8,'4',2,'0000-00-00 00:00:00','0000-00-00 00:00:00'),(419,1,'CANA-0063','CONDULET TIPO T DE 2\" CANALIZACION',17,4,8.69,8,'4',2,'0000-00-00 00:00:00','0000-00-00 00:00:00'),(420,1,'CANA-0059','CONDULET TIPO T DE 3/4\" CANALIZACION',17,4,1.71,8,'4',2,'0000-00-00 00:00:00','0000-00-00 00:00:00'),(421,1,'FS15BNCSST','CONECTOR BNC PARA CABLE COAXIAL 22-24 AWG BAJO VOLTAJE',20,4,0.00,8,'1',2,'0000-00-00 00:00:00','0000-00-00 00:00:00'),(422,1,'FS1BNCSST','CONECTOR BNC PARA CABLE COAXIAL 24-26 AWG BAJO VOLTAJE',20,4,0.00,8,'1',2,'0000-00-00 00:00:00','0000-00-00 00:00:00'),(423,1,'CANA-0093','CONECTOR PVC SP 1\" CANALIZACION',17,4,0.19,8,'4',2,'0000-00-00 00:00:00','0000-00-00 00:00:00'),(424,1,'CANA-0110','CONECTOR RECTO PARA LICUATITE DE 1 1/2\" CANALIZACION',17,4,2.43,8,'4',2,'0000-00-00 00:00:00','0000-00-00 00:00:00'),(425,1,'CANA-0109','CONECTOR RECTO PARA LICUATITE DE 1\" CANALIZACION',17,4,1.09,8,'4',2,'0000-00-00 00:00:00','0000-00-00 00:00:00'),(426,1,'CANA-0111','CONECTOR RECTO PARA LICUATITE DE 2\" CANALIZACION',17,4,3.10,8,'4',2,'0000-00-00 00:00:00','0000-00-00 00:00:00'),(427,1,'CANA-0108','CONECTOR RECTO PARA LICUATITE DE 3/4\" CANALIZACION',17,4,0.66,8,'4',2,'0000-00-00 00:00:00','0000-00-00 00:00:00'),(428,1,'CANA-0102','CONECTOR RECTO PARA SAPA DE 1 1/2\" CANALIZACION',17,4,1.26,8,'4',2,'0000-00-00 00:00:00','0000-00-00 00:00:00'),(429,1,'CANA-0101','CONECTOR RECTO PARA SAPA DE 1\" CANALIZACION',17,4,0.48,8,'4',2,'0000-00-00 00:00:00','0000-00-00 00:00:00'),(430,1,'CANA-0103','CONECTOR RECTO PARA SAPA DE 2\" CANALIZACION',17,4,1.68,8,'4',2,'0000-00-00 00:00:00','0000-00-00 00:00:00'),(431,1,'CANA-0100','CONECTOR RECTO PARA SAPA DE 3/4\" CANALIZACION',17,4,0.36,8,'4',2,'0000-00-00 00:00:00','0000-00-00 00:00:00'),(432,1,'CANA-0094','CONECTOR  PVC SP 1 1/2\" CANALIZACION',17,4,0.42,8,'4',2,'0000-00-00 00:00:00','0000-00-00 00:00:00'),(433,1,'CANA-0095','CONECTOR  PVC SP 2\" CANALIZACION',17,4,0.52,8,'4',2,'0000-00-00 00:00:00','0000-00-00 00:00:00'),(434,1,'CANA-0092','CONECTOR  PVC SP 3/4\" CANALIZACION',17,4,0.12,8,'4',2,'0000-00-00 00:00:00','0000-00-00 00:00:00'),(435,1,'12934-001','CONTACTO DUPLEX POLARIZADO PARA GABINETE THINLINE II, 125V, 15A ACCESORIO',23,4,116.74,8,'1',2,'0000-00-00 00:00:00','0000-00-00 00:00:00'),(436,1,'LB-CTR','CONTROL OSD PARA CONFIGURACIÓN DE CÁMARAS',30,5,5.00,8,'15',2,'0000-00-00 00:00:00','0000-00-00 00:00:00'),(437,1,'DS-1004KI','CONTROLADOR  ANALÓGICO DE DVRS, DOMOS Y MATRICIALES ANÁLOGOS A TRAVÉS DE PUERTO RS-485 / RS-232.',28,5,169.00,8,'15',2,'0000-00-00 00:00:00','0000-00-00 00:00:00'),(438,1,'DS-1006KI','CONTROLADOR ANALÓGICO PARA DVR`S, DOMOS PTZ TURBO Y ANALOGICOS  Y PTZ 30/28 POR RS485',28,5,259.00,8,'15',2,'0000-00-00 00:00:00','0000-00-00 00:00:00'),(439,1,'TT314VW','CONTROLADOR HDMI VIDEOWALL 2 X 2',31,5,612.50,8,'15',2,'0000-00-00 00:00:00','0000-00-00 00:00:00'),(440,1,'DS-1200KI','CONTROLADOR IP PARA DVR, NVR Y PTZ A TRAVÉS DE RED / SOPORTA RS-485 / COMPATIBLE CON 30 Y 28',28,5,371.25,8,'15',2,'0000-00-00 00:00:00','0000-00-00 00:00:00'),(441,1,'HDMC001','CONTROLADOR MATRICIAL INALAMBRICO HDBITT APP PARA TT383 MATRIX Y TT683MATRIX',31,5,157.50,8,'15',2,'0000-00-00 00:00:00','0000-00-00 00:00:00'),(442,1,'760161380','CONTROLADORA IM VISION 360',18,4,1480.60,8,'1',2,'0000-00-00 00:00:00','0000-00-00 00:00:00'),(443,1,'TT-BNC-VGA','CONVERTIDOR DE BNC A VGA',31,5,49.00,8,'15',2,'0000-00-00 00:00:00','0000-00-00 00:00:00'),(444,1,'DS1H33','CONVERTIDOR DE VÍDEO TURBOHD 1080P DE 1 CANAL CON SALIDA DE VÍDEO EN HDMI',28,5,89.00,8,'15',2,'0000-00-00 00:00:00','0000-00-00 00:00:00'),(445,1,'TT350MINI','CONVERTIDOR MINI VGA A HDMI, HASTA 1920X1080 @ 60HZ',31,5,23.75,8,'15',2,'0000-00-00 00:00:00','0000-00-00 00:00:00'),(446,1,'TT3524K','CONVERTIDOR VGA A HDMI 4K X 2K @ 60 HZ',31,5,125.00,8,'15',2,'0000-00-00 00:00:00','0000-00-00 00:00:00'),(447,1,'CF5IW-E','COPLE  P/DUCTO Pan-Way® LD5, BLANCO INTERNACIONAL (PQ/20) PARA APLICACIONES DE BAJO VOLTAJE LD5',19,4,20.44,8,'1',2,'0000-00-00 00:00:00','0000-00-00 00:00:00'),(448,1,'CANA-0025','COPLE CONDUIT PARED DELGADA ½” CANALIZACION',17,4,0.19,8,'4',2,'0000-00-00 00:00:00','0000-00-00 00:00:00'),(449,1,'CANA-0026','COPLE CONDUIT PARED DELGADA ¾” CANALIZACION',17,4,0.23,8,'4',2,'0000-00-00 00:00:00','0000-00-00 00:00:00'),(450,1,'CANA-0028','COPLE CONDUIT PARED DELGADA 1 ¼” CANALIZACION',17,4,0.83,8,'4',2,'0000-00-00 00:00:00','0000-00-00 00:00:00'),(451,1,'CANA-0029','COPLE CONDUIT PARED DELGADA 1 ½” CANALIZACION',17,4,0.86,8,'4',2,'0000-00-00 00:00:00','0000-00-00 00:00:00'),(452,1,'CANA-0027','COPLE CONDUIT PARED DELGADA 1” CANALIZACION',17,4,0.42,8,'4',2,'0000-00-00 00:00:00','0000-00-00 00:00:00'),(453,1,'CANA-0030','COPLE CONDUIT PARED DELGADA 2” CANALIZACION',17,4,1.21,8,'4',2,'0000-00-00 00:00:00','0000-00-00 00:00:00'),(454,1,'CANA-0031','COPLE CONDUIT PARED GRUESA ½” CANALIZACION',17,4,0.24,8,'4',2,'0000-00-00 00:00:00','0000-00-00 00:00:00'),(455,1,'CANA-0032','COPLE CONDUIT PARED GRUESA ¾” CANALIZACION',17,4,0.33,8,'4',2,'0000-00-00 00:00:00','0000-00-00 00:00:00'),(456,1,'CANA-0034','COPLE CONDUIT PARED GRUESA 1 ¼” CANALIZACION',17,4,1.19,8,'4',2,'0000-00-00 00:00:00','0000-00-00 00:00:00'),(457,1,'CANA-0035','COPLE CONDUIT PARED GRUESA 1 ½” CANALIZACION',17,4,1.34,8,'4',2,'0000-00-00 00:00:00','0000-00-00 00:00:00'),(458,1,'CANA-0033','COPLE CONDUIT PARED GRUESA 1” CANALIZACION',17,4,0.55,8,'4',2,'0000-00-00 00:00:00','0000-00-00 00:00:00'),(459,1,'CANA-0036','COPLE CONDUIT PARED GRUESA 2” CANALIZACION',17,4,1.52,8,'4',2,'0000-00-00 00:00:00','0000-00-00 00:00:00'),(460,1,'CANA-0070','COPLE HEXAGONAL DE 1/4\" CANALIZACION',17,4,0.13,8,'4',2,'0000-00-00 00:00:00','0000-00-00 00:00:00'),(461,1,'CANA-0071','COPLE HEXAGONAL DE 3/8\" CANALIZACION',17,4,0.21,8,'4',2,'0000-00-00 00:00:00','0000-00-00 00:00:00'),(462,1,'CF10IW-X','COPLE LD10, BLANCO INTERNACIONAL (PK/10) PARA APLICACIONES DE BAJO VOLTAJE LD13',19,4,11.20,8,'1',2,'0000-00-00 00:00:00','0000-00-00 00:00:00'),(463,1,'T70BCIW-X','COPLE PARA BASE DE DUCTO Pan-Way® T70, BLANCO INTERNACIONAL (PQ./10) T70',19,4,36.75,8,'1',2,'0000-00-00 00:00:00','0000-00-00 00:00:00'),(464,1,'T70CCIW-X','COPLE PARA CUBIERTA DE DUCTO Pan-Way® T70, BLANCO INTERNACIONAL (PQ./10) T70',19,4,17.64,8,'1',2,'0000-00-00 00:00:00','0000-00-00 00:00:00'),(465,1,'T45CCIW-X','COPLE PARA DUCTO Pan-Way® T45, BLANCO INTERNACIONAL PQ./10 T48',19,4,12.83,8,'1',2,'0000-00-00 00:00:00','0000-00-00 00:00:00'),(466,1,'DS-1614ZJ-CP','COPLE PARA MONTAJE 28 DS-1614ZJ DE NYLAMID DE ALTA RESISTENCIA PARA PREVENIR INDUCCIONES ELECTROMAGNETICAS.',28,5,27.80,8,'15',2,'0000-00-00 00:00:00','0000-00-00 00:00:00'),(467,1,'DS1611ZJC','COPLE PARA PREVENIR INDUCCIONES / COMPATIBLE CON MONTAJE DE PARED PARA PTZ 28 / 30',28,5,4.00,8,'15',2,'0000-00-00 00:00:00','0000-00-00 00:00:00'),(468,1,'CANA-0090','COPLE  PVC SP 1 1/2\" CANALIZACION',17,4,0.40,8,'4',2,'0000-00-00 00:00:00','0000-00-00 00:00:00'),(469,1,'CANA-0089','COPLE  PVC SP 1\" CANALIZACION',17,4,0.16,8,'4',2,'0000-00-00 00:00:00','0000-00-00 00:00:00'),(470,1,'CANA-0091','COPLE  PVC SP 2\" CANALIZACION',17,4,0.44,8,'4',2,'0000-00-00 00:00:00','0000-00-00 00:00:00'),(471,1,'CANA-0088','COPLE  PVC SP 3/4\" CANALIZACION',17,4,0.10,8,'4',2,'0000-00-00 00:00:00','0000-00-00 00:00:00'),(472,1,'12419-736 ','CUBE-IT CABINET 24\"W X 36\"H (18 RMU) X 30\"D PLEXIGLASS DOOR NEGRO',23,4,696.52,8,'1',2,'0000-00-00 00:00:00','0000-00-00 00:00:00'),(473,1,'12419-748','CUBE-IT CABINET 24\"W X 48\"H (26 RMU) X 30\"D PLEXIGLASS DOOR NEGRO',23,4,831.97,8,'1',2,'0000-00-00 00:00:00','0000-00-00 00:00:00'),(474,1,'200-405-197','CUBIERTA DE REMPLAZO P/CÁMARAS BALA 28 MODELO DS-2CD26X2FWDIZS',28,5,39.00,8,'15',2,'0000-00-00 00:00:00','0000-00-00 00:00:00'),(475,1,'T45CIW2','CUBIERTA PARA DUCTO Pan-Way® T45, TRAMO DE 2 METROS, BLANCO INTERNACIONAL T46',19,4,4.78,8,'1',2,'0000-00-00 00:00:00','0000-00-00 00:00:00'),(476,1,'T70CIW6','CUBIERTA PARA DUCTO Pan-Way® T70, 6FT, BLANCO INTERNACIONAL T70',19,4,5.26,8,'1',2,'0000-00-00 00:00:00','0000-00-00 00:00:00'),(477,1,'DS-2CD2410F-IW','CUBO IP 1 MEGAPIXEL / WIFI / 10 MTS IR / SENSOR PIR / MICROSD / INTERIOR / HIK-CONNECT P2P / BOCINA Y MICROFONO INTERCONSTRUIDOS / LENTE 2.8 MM / POE',28,5,81.00,8,'15',2,'0000-00-00 00:00:00','0000-00-00 00:00:00'),(478,1,'DS-2CD2422FWD-IW','CUBO IP 2 MEGAPIXEL / WIFI / 10 MTS IR / SENSOR PIR / MICROSD / H.264+ / INTERIOR / HIK-CONNECT P2P / BOCINA Y MICROFONO INTERCONSTRUIDOS / LENTE 2.8 MM / POE',28,5,95.00,8,'15',2,'0000-00-00 00:00:00','0000-00-00 00:00:00'),(479,1,'DS-2CD2423G0-IW','CUBO IP 2 MEGAPIXEL / WIFI / LENTE 2.8 MM / 10 MTS IR EXIR / POE / SENSOR PIR / H.265+ / INTERIOR / MICRO SD',28,5,114.75,8,'15',2,'0000-00-00 00:00:00','0000-00-00 00:00:00'),(480,1,'DS-2CD2442FWD-IW','CUBO IP 4 MEGAPIXEL / WIFI / 10 MTS IR / SENSOR PIR / MICROSD / H.264+ / INTERIOR / HIK-CONNECT P2P / BOCINA Y MICROFONO INTERCONSTRUIDOS / LENTE 2.8 MM / POE',28,5,129.00,8,'15',2,'0000-00-00 00:00:00','0000-00-00 00:00:00'),(481,1,'DS-2CD2443G0-IW','CUBO IP 4 MEGAPIXEL / WIFI / LENTE 2.8 MM / 10 MTS IR EXIR / POE / SENSOR PIR / H.265+ / INTERIOR / MICRO SD',28,5,128.25,8,'15',2,'0000-00-00 00:00:00','0000-00-00 00:00:00'),(482,1,'CANA-0013','CURVA CONDUIT PARED DELGADA ½” CANALIZACION',17,4,0.66,8,'4',2,'0000-00-00 00:00:00','0000-00-00 00:00:00'),(483,1,'CANA-0014','CURVA CONDUIT PARED DELGADA ¾” CANALIZACION',17,4,0.93,8,'4',2,'0000-00-00 00:00:00','0000-00-00 00:00:00'),(484,1,'CANA-0016','CURVA CONDUIT PARED DELGADA 1 ¼” CANALIZACION',17,4,3.25,8,'4',2,'0000-00-00 00:00:00','0000-00-00 00:00:00'),(485,1,'CANA-0017','CURVA CONDUIT PARED DELGADA 1 ½” CANALIZACION',17,4,3.76,8,'4',2,'0000-00-00 00:00:00','0000-00-00 00:00:00'),(486,1,'CANA-0015','CURVA CONDUIT PARED DELGADA 1” CANALIZACION',17,4,1.85,8,'4',2,'0000-00-00 00:00:00','0000-00-00 00:00:00'),(487,1,'CANA-0018','CURVA CONDUIT PARED DELGADA 2” CANALIZACION',17,4,5.72,8,'4',2,'0000-00-00 00:00:00','0000-00-00 00:00:00'),(488,1,'CANA-0019','CURVA CONDUIT PARED GRUESA ½” CANALIZACION',17,4,1.01,8,'4',2,'0000-00-00 00:00:00','0000-00-00 00:00:00'),(489,1,'CANA-0020','CURVA CONDUIT PARED GRUESA ¾” CANALIZACION',17,4,1.39,8,'4',2,'0000-00-00 00:00:00','0000-00-00 00:00:00'),(490,1,'CANA-0022','CURVA CONDUIT PARED GRUESA 1 ¼” CANALIZACION',17,4,4.02,8,'4',2,'0000-00-00 00:00:00','0000-00-00 00:00:00'),(491,1,'CANA-0023','CURVA CONDUIT PARED GRUESA 1 ½” CANALIZACION',17,4,4.65,8,'4',2,'0000-00-00 00:00:00','0000-00-00 00:00:00'),(492,1,'CANA-0021','CURVA CONDUIT PARED GRUESA 1” CANALIZACION',17,4,2.31,8,'4',2,'0000-00-00 00:00:00','0000-00-00 00:00:00'),(493,1,'CANA-0024','CURVA CONDUIT PARED GRUESA 2” CANALIZACION',17,4,8.52,8,'4',2,'0000-00-00 00:00:00','0000-00-00 00:00:00'),(494,1,'CANA-0086','CURVA PVC SP 1 1/2\" CANALIZACION',17,4,1.12,8,'4',2,'0000-00-00 00:00:00','0000-00-00 00:00:00'),(495,1,'CANA-0085','CURVA PVC SP 1\" CANALIZACION',17,4,0.35,8,'4',2,'0000-00-00 00:00:00','0000-00-00 00:00:00'),(496,1,'CANA-0087','CURVA PVC SP 2\" CANALIZACION',17,4,1.67,8,'4',2,'0000-00-00 00:00:00','0000-00-00 00:00:00'),(497,1,'CANA-0084','CURVA PVC SP 3/4\" CANALIZACION',17,4,0.25,8,'4',2,'0000-00-00 00:00:00','0000-00-00 00:00:00'),(498,1,'DS-6408HDI-T','DECODIFICADOR DE VÍDEO CON 8 SALIDAS EN DVI / SOPORTA RESOLUCIÓN DE HASTA 8MP / SOPORTA HASTA 64 CANALES SIMULTÁNEOS / VIDEOWALL',28,5,849.00,8,'15',2,'0000-00-00 00:00:00','0000-00-00 00:00:00'),(499,1,'DS-6401HDI-T','DECODIFICADOR DE VÍDEO DE 1 CANAL / VGA / HDMI / BNC / SOPORTA HASTA 16 CANALES SIMULTÁNEOS / VIDEOWALL',28,5,349.00,8,'15',2,'0000-00-00 00:00:00','0000-00-00 00:00:00'),(500,1,'DS-6912UDI','DECODIFICADOR DE VÍDEO DE 12 CANALES CON SALIDA 4K / 12 SALIDAS HDMI / SOPORTA HASTA 96 CANALES DE VÍDEO SIMULTÁNEOS / VIDEOWALL',28,5,3930.00,8,'15',2,'0000-00-00 00:00:00','0000-00-00 00:00:00'),(501,1,'DS-6916UDI','DECODIFICADOR DE VÍDEO DE 16 CANALES CON SALIDA 4K / 16 SALIDAS HDMI / SOPORTA HASTA 128 CANALES DE VÍDEO SIMULTÁNEOS / VIDEOWALL',28,5,6096.00,8,'15',2,'0000-00-00 00:00:00','0000-00-00 00:00:00'),(502,1,'DS-6904UDI','DECODIFICADOR DE VÍDEO DE 4 CANALES CON SALIDA 4K / 4 SALIDAS HDMI / SOPORTA HASTA 32 CANALES DE VÍDEO SIMULTÁNEOS / VIDEOWALL',28,5,1980.00,8,'15',2,'0000-00-00 00:00:00','0000-00-00 00:00:00'),(503,1,'DS-6404HDI-T','DECODIFICADOR DE VÍDEO DE 4 CANALES EN DVI / SOPORTA RESOLUCIÓN DE HASTA 8 MEGAPIXEL / SOPORTA 32 CANALES SIMULTÁNEOS / VIDEOWALL',28,5,699.00,8,'15',2,'0000-00-00 00:00:00','0000-00-00 00:00:00'),(504,1,'DS-6908UDI','DECODIFICADOR DE VÍDEO DE 8 CANALES CON SALIDA 4K / 8 SALIDAS HDMI / SOPORTA HASTA 64 CANALES DE VÍDEO SIMULTÁNEOS / VIDEOWALL',28,5,3807.00,8,'15',2,'0000-00-00 00:00:00','0000-00-00 00:00:00'),(505,1,'DS-2CD7A26G0-IZS','DEEPIN VIEW SERIES / BALA IP 2 MEGAPIXEL / RECONOCIMIENTO DE ROSTROS / WDR 140 DB / H.265+ / 50 MTS IR EXIR / IP67 / IK10 / ENTRADA Y SALIDA DE ALARMA',28,5,892.44,8,'15',2,'0000-00-00 00:00:00','0000-00-00 00:00:00'),(506,1,'HIK108094/1TB','DISCO DURO 1 TB + SISTEMA COMPLETO DE CCTV 1080P / HIK-CONNECT / DVR 4 CANALES / 4 CÁMARAS BALA / CABLES / FUENTE DE PODER PROFESIONAL',28,5,256.00,9,'15',2,'0000-00-00 00:00:00','0000-00-00 00:00:00'),(507,1,'HIK72094/1TB','DISCO DURO 1 TB + SISTEMA COMPLETO DE CCTV 720P / HIK-CONNECT / DVR 4 CANALES / 4 CAMARAS BALA / CABLES / FUENTE DE PODER',28,5,209.00,9,'15',2,'0000-00-00 00:00:00','0000-00-00 00:00:00'),(508,1,'HUH721010ALE604','DISCO DURO ENTERPRISE 10TB WD ULTRASTAR',33,5,731.00,8,'15',2,'0000-00-00 00:00:00','0000-00-00 00:00:00'),(509,1,'HUH721212ALE604','DISCO DURO ENTERPRISE 12TB WD ULTRASTAR',33,5,1021.50,8,'15',2,'0000-00-00 00:00:00','0000-00-00 00:00:00'),(510,1,'HUS722T1TALA604','DISCO DURO ENTERPRISE 1TB WD ULTRASTAR',33,5,156.95,8,'15',2,'0000-00-00 00:00:00','0000-00-00 00:00:00'),(511,1,'HUS722T2TALA604','DISCO DURO ENTERPRISE 2TB WD ULTRASTAR',33,5,247.50,8,'15',2,'0000-00-00 00:00:00','0000-00-00 00:00:00'),(512,1,'HUS726T4TALA6L4','DISCO DURO ENTERPRISE 4TB WD ULTRASTAR',33,5,354.75,8,'15',2,'0000-00-00 00:00:00','0000-00-00 00:00:00'),(513,1,'HUS726T6TALE6L4','DISCO DURO ENTERPRISE 6TB WD ULTRASTAR',33,5,473.00,8,'15',2,'0000-00-00 00:00:00','0000-00-00 00:00:00'),(514,1,'HUS728T8TALE6L4','DISCO DURO ENTERPRISE 8TB WD ULTRASTAR',33,5,623.50,8,'15',2,'0000-00-00 00:00:00','0000-00-00 00:00:00'),(515,1,'WD20-YELRE','DISCO DURO SATA 2TB SERIE WD YELLOW RE OPTIMIZADO PARA CCTV, 7200RPM, 24/7',33,5,119.00,8,'15',2,'0000-00-00 00:00:00','0000-00-00 00:00:00'),(516,1,'WD40-PURX','DISCO DURO SATA 4 TB SERIE WD PURPLE OPTIMIZADO PARA CCTV / 5400RPM / 24/7',33,5,152.99,8,'15',2,'0000-00-00 00:00:00','0000-00-00 00:00:00'),(517,1,'WD10EZEX','DISCO DURO WD 1 TB / 7200 RPM / MULTI-PROPOSITO',33,5,77.40,8,'15',2,'0000-00-00 00:00:00','0000-00-00 00:00:00'),(518,1,'WD101KFBX','DISCO DURO WD 10 TB / 7200 RPM / OPTIMIZADO PARA NAS',33,5,777.00,8,'15',2,'0000-00-00 00:00:00','0000-00-00 00:00:00'),(519,1,'WD20EZRZ','DISCO DURO WD 2 TB / 5400 RPM / MULTI-PROP&OGRAVE;SITO',33,5,94.99,8,'15',2,'0000-00-00 00:00:00','0000-00-00 00:00:00'),(520,1,'WD2005FBYZ','DISCO DURO WD 2TB / 7200RPM / OPTIMIZADO PARA NAS Y DATACENTER',33,5,234.50,8,'15',2,'0000-00-00 00:00:00','0000-00-00 00:00:00'),(521,1,'WD4003FFBX','DISCO DURO WD 4 TB / 7200 RPM / OPTIMIZADO PARA NAS',33,5,354.75,8,'15',2,'0000-00-00 00:00:00','0000-00-00 00:00:00'),(522,1,'WD4002FYYZ','DISCO DURO WD 4TB / 7200RPM / OPTIMIZADO PARA NAS Y DATACENTER',33,5,337.00,8,'15',2,'0000-00-00 00:00:00','0000-00-00 00:00:00'),(523,1,'WD5000AZRZ','DISCO DURO WD 500 GB / 5400 RPM / MULTI-PROPOSITO',33,5,72.00,8,'15',2,'0000-00-00 00:00:00','0000-00-00 00:00:00'),(524,1,'WD6003FFBX','DISCO DURO WD 6 TB / 7200 RPM / OPTIMIZADO PARA NAS',33,5,502.00,8,'15',2,'0000-00-00 00:00:00','0000-00-00 00:00:00'),(525,1,'WD8003FFBX','DISCO DURO WD 8 TB / 7200 RPM / OPTIMIZADO PARA NAS',33,5,630.00,8,'15',2,'0000-00-00 00:00:00','0000-00-00 00:00:00'),(526,1,'WD100PURZ','DISCO DURO WD DE 10TB / 7200RPM / OPTIMIZADO PARA VIDEOVIGILANCIA',33,5,535.35,8,'15',2,'0000-00-00 00:00:00','0000-00-00 00:00:00'),(527,1,'WD121PURZ','DISCO DURO WD DE 12TB / 7200RPM / OPTIMIZADO PARA VIDEOVIGILANCIA',33,5,688.00,8,'15',2,'0000-00-00 00:00:00','0000-00-00 00:00:00'),(528,1,'WD10PURZ','DISCO DURO WD DE 1TB / 5400RPM / OPTIMIZADO PARA VIDEOVIGILANCIA',33,5,80.63,8,'15',2,'0000-00-00 00:00:00','0000-00-00 00:00:00'),(529,1,'WD20PURZ','DISCO DURO WD DE 2TB / 5400RPM / OPTIMIZADO PARA VIDEOVIGILANCIA',33,5,108.57,8,'15',2,'0000-00-00 00:00:00','0000-00-00 00:00:00'),(530,1,'WD30PURZ','DISCO DURO WD DE 3TB / 5400RPM / OPTIMIZADO PARA VIDEOVIGILANCIA',33,5,141.90,8,'15',2,'0000-00-00 00:00:00','0000-00-00 00:00:00'),(531,1,'WD40PURZ','DISCO DURO WD DE 4TB / 5400RPM / OPTIMIZADO PARA VIDEOVIGILANCIA',33,5,191.35,8,'15',2,'0000-00-00 00:00:00','0000-00-00 00:00:00'),(532,1,'WD60PURZ','DISCO DURO WD DE 6TB / 5400RPM / OPTIMIZADO PARA VIDEOVIGILANCIA',33,5,309.60,8,'15',2,'0000-00-00 00:00:00','0000-00-00 00:00:00'),(533,1,'4RS485','DISTRIBUIDOR DE 4 PUERTOS RS485',32,5,79.00,8,'15',2,'0000-00-00 00:00:00','0000-00-00 00:00:00'),(534,1,'DS1H31','DISTRIBUIDOR DE VÍDEO TURBOHD V2.0 / 1 ENTRADA DE VÍDEO / 3 SALIDAS DE VÍDEO / TVI',28,5,39.00,8,'15',2,'0000-00-00 00:00:00','0000-00-00 00:00:00'),(535,1,'TT-312V-20','DIVISOR 1 X 2 HDMI 2.0, 4K X 2K @ 60 HZ',31,5,33.75,8,'15',2,'0000-00-00 00:00:00','0000-00-00 00:00:00'),(536,1,'TT3144KHDBITTTX','DIVISOR DE ULTRA ALTA DEFINICIÓN DE 1 ENTRADA X 4 SALIDAS 4K X 2K HDMI POR CABLE CAT6 A 120 METROS',31,5,299.00,8,'15',2,'0000-00-00 00:00:00','0000-00-00 00:00:00'),(537,1,'TT-314-PRO','DIVISOR HDMI DE 1 ENTRADA A 4 SALIDAS 4KX2K @ 30 HZ SOPORTA 3D, SOPORTA 30 METROS EN LA ENTRADA, 25 METROS EN LAS SALIDAS.',31,5,67.50,8,'15',2,'0000-00-00 00:00:00','0000-00-00 00:00:00'),(538,1,'TT318PRO','DIVISOR HDMI DE 1 ENTRADA A 8 SALIDAS 4K X 2K @ 30 HZ SOPORTA 3D',31,5,96.25,8,'15',2,'0000-00-00 00:00:00','0000-00-00 00:00:00'),(539,1,'TT-4CH-12BNC','DIVISOR Y 21LIFICADOR DE VIDEO',31,5,99.00,8,'15',2,'0000-00-00 00:00:00','0000-00-00 00:00:00'),(540,1,'DS-2CD1101-I','DOMO IP 1 MEGAPIXEL / 30 MTS IR INTELIGENTE / DWDR / IP67 / IK10 / HIK-CONNECT P2P / POE / ONVIF',28,5,43.60,8,'15',2,'0000-00-00 00:00:00','0000-00-00 00:00:00'),(541,1,'DS-2CD2723G0-IZS','DOMO IP 2 MEGAPIXEL / 30 MTS IR EXIR / EXTERIOR IP67 / IK10 / WDR / POE / ENTRADA DE ALARMA Y AUDIO',28,5,249.00,8,'15',2,'0000-00-00 00:00:00','0000-00-00 00:00:00'),(542,1,'DS-2CD2122FWD-IS','DOMO IP 2 MEGAPIXEL / 30 MTS IR INTELIGENTE / H.264+ / WDR 120DB / MICROSD / IP67 / IK10 / ENTRADA-SALIDA AUDIO Y ALARMA / POE',28,5,150.00,8,'15',2,'0000-00-00 00:00:00','0000-00-00 00:00:00'),(543,1,'DS-2CD2122FWD-IWS','DOMO IP 2 MEGAPIXEL / 30 MTS IR INTELIGENTE / H.264+ / WDR 120DB / MICROSD / IP67 / IK10 / ENTRADA-SALIDA AUDIO Y ALARMA / POE / WIFI',28,5,129.00,8,'15',2,'0000-00-00 00:00:00','0000-00-00 00:00:00'),(544,1,'DS-2CD4D26FWD-IZS','DOMO IP 2 MEGAPIXEL / DARKFIGHTER / LENTE MOT. 2.8 A 12 MM / WDR / H.264+ / DEFOG / EIS / HLC / 30 MTS IR /  MICROSD / ENTRADA-SALIDA DE AUDIO Y ALARMA',28,5,717.00,8,'15',2,'0000-00-00 00:00:00','0000-00-00 00:00:00'),(545,1,'iDS-2CD6124FWD-IZ/H','DOMO IP 2 MEGAPIXEL / HEAT MAP / ZONAS CALIENTES / LENTE MOT. 2.8 A 12 MM / 30 MTS IR / WDR / POE / HLC / EIS / INTERIOR',28,5,1515.00,8,'15',2,'0000-00-00 00:00:00','0000-00-00 00:00:00'),(546,1,'DS-2CD1721FWD-IZB','DOMO IP 2 MEGAPIXEL / LENTE MOT. 2.8 A 12 MM / 30 MTS IR EXIR / WDR 120DB / IP67 / IK10 / POE / COLOR NEGRO / ONVIF',28,5,155.00,8,'15',2,'0000-00-00 00:00:00','0000-00-00 00:00:00'),(547,1,'DS-2CD1721FWD-IZ','DOMO IP 2 MEGAPIXEL / LENTE MOT. 2.8 A 12 MM / 30 MTS IR EXIR / WDR 120DB / IP67 / IK10 / POE / EXTERIOR / ONVIF',28,5,157.00,8,'15',2,'0000-00-00 00:00:00','0000-00-00 00:00:00'),(548,1,'DS-2CD2722FWD-IZS','DOMO IP 2 MEGAPIXEL / LENTE MOT. 2.8 A 12 MM / IP66 / IK10 / WDR / 30 MTS IR / MICROSD / ONVIF / ENTRADA-SALIDA DE AUDIO Y ALARMA /  H.264+ / EXTERIOR / POE / MICROSD',28,5,239.00,8,'15',2,'0000-00-00 00:00:00','0000-00-00 00:00:00'),(549,1,'DS-2CD4125FWD-IZ','DOMO IP 2 MEGAPIXEL / LIGHTFIGHTER / WDR 140DB / 60IPS / 30 MTS IR / IK10 / HLC / H.264+ / DETECCIÓN DE ROSTROS / CONTEO DE OBJETOS / USO EN INTERIOR',28,5,636.00,8,'15',2,'0000-00-00 00:00:00','0000-00-00 00:00:00'),(550,1,'DS-2CD2725FWD-IZS','DOMO IP 2 MEGAPIXEL / ULTRA BAJA ILUMINACIÓN / 30 MTS IR EXIR / LENTE MOT. 2.8 A 12 MM / WDR / IP67 / IK10 / VÍDEO ANÁLISIS / ENTRADA-SALIDA AUDIO Y ALARMA / POE / MICROSD',28,5,432.00,8,'15',2,'0000-00-00 00:00:00','0000-00-00 00:00:00'),(551,1,'DS-2CD1131-I','DOMO IP 3 MEGAPIXEL / 30 MTS IR INTELIGENTE / DWDR / IP67 / IK10 / HIK-CONNECT P2P / H.264+ / POE / ONVIF',28,5,72.24,8,'15',2,'0000-00-00 00:00:00','0000-00-00 00:00:00'),(552,1,'DS-2CD4132FWD-I','DOMO IP 3 MEGAPIXEL / H.264+ / WDR / CONTEO DE OBJETOS / DETECCIÓN DE ROSTROS / 30 MTS IR / DEFOG / H.264+ / INTERIOR / POE / MICROSD, (EXPORT VERSION)',28,5,585.00,8,'15',2,'0000-00-00 00:00:00','0000-00-00 00:00:00'),(553,1,'DS-2CD4332FWD-I','DOMO IP 3 MEGAPIXEL / H.264+ / WDR / CONTEO DE OBJETOS / DETECCIÓN DE ROSTROS / 30 MTS IR / DEFOG / IP66 / IK10 / POE / MICRO SD',28,5,249.00,8,'15',2,'0000-00-00 00:00:00','0000-00-00 00:00:00'),(554,1,'DS-2CD2135FWD-IS','DOMO IP 3 MEGAPIXEL / H.265+ / ULTRA BAJA ILUMINACIÓN / 30 MTS IR EXIR / WDR / IP67 / IK10 / HIK-CONNECT / VÍDEO ANALÍTICOS / POE / LENTE 2.8 MM / ENTRADA Y SALIDA DE AUDIO Y ALARMA',28,5,192.65,8,'15',2,'0000-00-00 00:00:00','0000-00-00 00:00:00'),(555,1,'DS-2CD2735FWD-IZS','DOMO IP 3 MEGAPIXEL / ULTRA BAJA ILUMINACIÓN / 30 MTS IR EXIR / LENTE MOT. 2.8 A 12 MM / WDR / IP67 / IK10 / VÍDEO ANÁLISIS / ENTRADA-SALIDA AUDIO Y ALARMA / POE / MICROSD',28,5,447.00,8,'15',2,'0000-00-00 00:00:00','0000-00-00 00:00:00'),(556,1,'DS-2CD2141G1-IDW1','DOMO IP 4 MEGAPIXEL / 30 MTS IR / IP66 / WIFI / DWDR / LENTE 2.8 MM / SOPORTA MICRO SD / H.265+ / MICRÓFONO INTERCONSTRUIDO',28,5,110.00,8,'15',2,'0000-00-00 00:00:00','0000-00-00 00:00:00'),(557,1,'DS-2CD2143G0-I','DOMO IP 4 MEGAPIXEL / 30 MTS IR EXIR / EXTERIOR IP67 / IK10  / LENTE 2.8 MM / WDR / POE / MICRO SD',28,5,126.85,8,'15',2,'0000-00-00 00:00:00','0000-00-00 00:00:00'),(558,1,'DS-2CD2143G0-IS','DOMO IP 4 MEGAPIXEL / 30 MTS IR EXIR / EXTERIOR IP67 / IK10 / LENTE 2.8 MM / WDR / POE / AUDIO Y ALARMAS / MICRO SD',28,5,137.60,8,'15',2,'0000-00-00 00:00:00','0000-00-00 00:00:00'),(559,1,'DS-2CD2743G0-IZS','DOMO IP 4 MEGAPIXEL / 30 MTS IR EXIR / EXTERIOR IP67 / IK10 / WDR / POE / ENTRADA DE ALARMA Y AUDIO',28,5,292.40,8,'15',2,'0000-00-00 00:00:00','0000-00-00 00:00:00'),(560,1,'DS-2CD2142FWD-I','DOMO IP 4 MEGAPIXEL / 30 MTS IR INTELIGENTE / H.264+ / WDR 120DB / MICROSD / IP67 / IK10 / POE',28,5,149.00,8,'15',2,'0000-00-00 00:00:00','0000-00-00 00:00:00'),(561,1,'DS-2CD2742FWD-IZSB','DOMO IP 4 MEGAPIXEL / LENTE MOT. 2.8 A 12 MM / IP66 / IK10 / WDR / 30 MTS IR / MICROSD / ONVIF / ENTRADA-SALIDA DE AUDIO Y ALARMA /  H.264+ / EXTERIOR / POE / MICROSD',28,5,149.00,8,'15',2,'0000-00-00 00:00:00','0000-00-00 00:00:00'),(562,1,'DS-2CD2745FWD-IZS','DOMO IP 4 MEGAPIXEL / ULTRA BAJA ILUMINACIÓN / 30 MTS IR EXIR / LENTE MOT. 2.8 A 12 MM / WDR / IP67 / IK10 / VÍDEO ANÁLISIS / ENTRADA-SALIDA AUDIO Y ALARMA / POE / MICRO SD',28,5,472.00,8,'15',2,'0000-00-00 00:00:00','0000-00-00 00:00:00'),(563,1,'DS-2CD2755FWD-IZS','DOMO IP 5 MEGAPIXEL / 30 MTS IR EXIR / LENTE MOT. 2.8 A 12 MM / WDR / IP67 / IK10 / VÍDEO ANALÍTICOS / MICROSD / POE+ / ENTRADA-SALIDA AUDIO Y ALARMA',28,5,511.00,8,'15',2,'0000-00-00 00:00:00','0000-00-00 00:00:00'),(564,1,'DS-2CD2155FWD-IS','DOMO IP 5 MEGAPIXEL / 30 MTS IR EXIR / WDR / IP67 / VÍDEO ANALÍTICOS / ENTRADA-SALIDA AUDIO Y ALARMA / POE / LENTE 2.8 MM / MICROSD',28,5,198.32,8,'15',2,'0000-00-00 00:00:00','0000-00-00 00:00:00'),(565,1,'DS-2CD2752F-I','DOMO IP 5 MEGAPIXEL / H.264+ / LENTE VAR. 2.8 A 12 MM / IP66 / IK10 / 20 MTS IR INTELIGENTE / HIK-CONNECT / MICROSD / POE / EXTERIOR / DWDR',28,5,199.00,8,'15',2,'0000-00-00 00:00:00','0000-00-00 00:00:00'),(566,1,'DS-2CD2163G0-I','DOMO IP 6 MEGAPIXEL / 30 MTS IR EXIR / EXTERIOR IP67 / IK10 / LENTE 2.8 MM / WDR / POE / MICRO SD',28,5,144.90,8,'15',2,'0000-00-00 00:00:00','0000-00-00 00:00:00'),(567,1,'DS-2CD2763G0-IZS','DOMO IP 6 MEGAPIXEL / 30 MTS IR EXIR / EXTERIOR IP67 / IK10 / WDR / POE / ENTRADA DE ALARMA Y AUDIO',28,5,318.20,8,'15',2,'0000-00-00 00:00:00','0000-00-00 00:00:00'),(568,1,'DS-2CD2185FWD-IS','DOMO IP 8 MEGAPIXEL (4K) / 30 MTS IR EXIR / LENTE 2.8 MM / WDR / IP67 / IK10 / VÍDEO ANALÍTICOS / POE / MICROSD / ENTRADA-SALIDA AUDIO Y ALARMA',28,5,346.00,8,'15',2,'0000-00-00 00:00:00','0000-00-00 00:00:00'),(569,1,'DS-2CD2785FWD-IZS','DOMO IP 8 MEGAPIXEL (4K) / 30 MTS IR EXIR / LENTE MOT. 2.8MM A 12 MM / WDR / IP67 / IK10 / VÍDEO ANALÍTICOS / POE / MICROSD / ENTRADA-SALIDA AUDIO Y ALARMA',28,5,594.00,8,'15',2,'0000-00-00 00:00:00','0000-00-00 00:00:00'),(570,1,'DS-2CD4185F-IZ','DOMO IP 8 MEGAPIXEL (4K) / INTERIOR / LENTE MOT.2.8 -12 MM / 30 MTS IR / H.264+ / IK10 / DETECCIÓN DE ROSTROS / CONTEO DE OBJETOS / POE / IK10 / HLC / DEFOG / DWDR',28,5,1107.00,8,'15',2,'0000-00-00 00:00:00','0000-00-00 00:00:00'),(571,1,'DS-2CD4585F-IZ','DOMO IP 8 MEGAPIXEL (4K) / LENTE MOT. 2.8 -12MM / 40 MTS IR / H.264+ / IK10 / IP66 / HLC / DETECCIÓN DE ROSTROS / CONTEO OBJETOS / POE / DEFOG',28,5,1308.00,8,'15',2,'0000-00-00 00:00:00','0000-00-00 00:00:00'),(572,1,'DS-2CD2183G0-I','DOMO IP 8 MEGAPIXEL / 30 MTS IR EXIR / EXTERIOR IP67 / IK10 / LENTE 2.8 MM / WDR / POE / MICRO SD',28,5,184.90,8,'15',2,'0000-00-00 00:00:00','0000-00-00 00:00:00'),(573,1,'DS-2CD2783G0-IZS','DOMO IP 8 MEGAPIXEL / 30 MTS IR EXIR / EXTERIOR IP67 / IK10 / WDR / POE / ENTRADA DE ALARMA Y AUDIO',28,5,348.30,8,'15',2,'0000-00-00 00:00:00','0000-00-00 00:00:00'),(574,1,'DS-2DE4215IW-A','DOMO IP PTZ 2 MEGAPIXEL / 15X ZOOM / 100 MTS IR / EXTERIOR IP66 / WDR REAL / DEFOG / EIS / HLC / 3D-DNR',28,5,349.00,8,'15',2,'0000-00-00 00:00:00','0000-00-00 00:00:00'),(575,1,'DS-2DE4215IW-DE','DOMO IP PTZ 2 MEGAPIXEL / 15X ZOOM / 100 MTS IR / EXTERIOR IP66 / WDR REAL / DEFOG / EIS / HLC / 3D-DNR / POE+',28,5,349.00,8,'15',2,'0000-00-00 00:00:00','0000-00-00 00:00:00'),(576,1,'DS-2DE4215W-DE3','DOMO IP PTZ 2 MEGAPIXEL / 15X ZOOM / USO EN PLAFON / INTERIOR / IK10 / WDR / 3D-DNR / BLC / POE+',28,5,382.50,8,'15',2,'0000-00-00 00:00:00','0000-00-00 00:00:00'),(577,1,'DS-2DE4220IW-DE','DOMO IP PTZ 2 MEGAPIXEL / 20X ZOOM / 100 MTS IR / POE + / DÍA-NOCHE ICR REAL / DWDR / IP66 / EXTERIOR / HLC / DEFOG / EIS / AUDIO',28,5,519.00,8,'15',2,'0000-00-00 00:00:00','0000-00-00 00:00:00'),(578,1,'DS-2DE4220W-AE','DOMO IP PTZ 2 MEGAPIXEL / 20X ZOOM / H.265+ / POE+ / DIA-NOCHE ICR REAL / DWDR / IP66 / IK10 / HLC / DEFOG / EIS',28,5,499.00,8,'15',2,'0000-00-00 00:00:00','0000-00-00 00:00:00'),(579,1,'DS-2DE5220I-AE','DOMO IP PTZ 2 MEGAPIXEL / 20X ZOOM ÓPTICO / 150 MTS IR / DÍA-NOCHE ICR REAL / DWDR / 3D-DNR / HI-POE / EXTERIOR / IP66',28,5,449.00,8,'15',2,'0000-00-00 00:00:00','0000-00-00 00:00:00'),(580,1,'DS-2DE4225IW-DE','DOMO IP PTZ 2 MEGAPIXEL / 25X ZOOM / 100 MTS IR / EXTERIOR IP66 / WDR REAL / DEFOG / EIS / HLC / 3D-DNR / POE+',28,5,489.00,8,'15',2,'0000-00-00 00:00:00','0000-00-00 00:00:00'),(581,1,'DS-2DE4225W-DE3','DOMO IP PTZ 2 MEGAPIXEL / 25X ZOOM / USO EN PLAFON / INTERIOR / IK10 / WDR / 3D-DNR / BLC / POE+ / ENTRADA-SALIDA AUDIO Y ALARMA',28,5,519.00,8,'15',2,'0000-00-00 00:00:00','0000-00-00 00:00:00'),(582,1,'DS-2DE5225W-AE3','DOMO IP PTZ 2 MEGAPIXEL / 25X ZOOM / USO EN PLAFON / INTERIOR / WDR / 3D-DNR / BLC / POE+ / ENTRADA-SALIDA AUDIO Y ALARMA',28,5,567.00,8,'15',2,'0000-00-00 00:00:00','0000-00-00 00:00:00'),(583,1,'DS-2DE7230IW-AE','DOMO IP PTZ 2 MEGAPIXEL / 30X ZOOM / 150 MTS IR / DWDR / HI-POE / EXTERIOR IP66 / 60 IPS / ENTRADA-SALIDA AUDIO Y ALARMA',28,5,873.00,8,'15',2,'0000-00-00 00:00:00','0000-00-00 00:00:00'),(584,1,'DS-2DE7320IW-AE','DOMO IP PTZ 3 MEGAPIXEL / 20X ZOOM / 150 MTS IR / HI-POE / EXTERIOR IP66 / DEFOG / HLC / ENTRADA-SALIDA AUDIO Y ALARMA',28,5,987.75,8,'15',2,'0000-00-00 00:00:00','0000-00-00 00:00:00'),(585,1,'DS-2DE4425IW-DE','DOMO IP PTZ 4 MEGAPIXEL / 25X ZOOM / 100 MTS IR / EXTERIOR IP66 / WDR / 60 IPS / DEFOG / EIS / HLC / 3D-DNR / POE+',28,5,655.00,8,'15',2,'0000-00-00 00:00:00','0000-00-00 00:00:00'),(586,1,'DS-2DF8336IV-AEL','DOMO IP PTZ MEGAPIXEL / 36X ZOOM / 200 MTS IR / AUTOSEGUIMIENTO / 60IPS / IP66 / IK10 / HI-POE / DETECCIÓN DE ROSTROS',28,5,1599.00,8,'15',2,'0000-00-00 00:00:00','0000-00-00 00:00:00'),(587,1,'LD10IW6-A','DUCTO Pan-Way® C/ADHESIVO LD10, BLANCO INTERNACIONAL, 6 FT (TRAMO 1.82 MT) LD10',19,4,8.62,8,'1',2,'0000-00-00 00:00:00','0000-00-00 00:00:00'),(588,1,'LD10WH6-A','DUCTO Pan-Way® C/ADHESIVO LD10, BLANCO, 6 FT (TRAMO 1.82 MT) LD11',19,4,8.62,8,'1',2,'0000-00-00 00:00:00','0000-00-00 00:00:00'),(589,1,'LD3IW6-A','DUCTO Pan-Way® C/ADHESIVO LD3, BLANCO INTERNACIONAL, 6 FT (TRAMO 1.82 MT)  LD5',19,4,3.29,8,'1',2,'0000-00-00 00:00:00','0000-00-00 00:00:00'),(590,1,'LD5WH6-A','DUCTO Pan-Way® C/ADHESIVO LD5, BLANCO , 6 FT (TRAMO 1.82 MT) LD5',19,4,5.26,8,'1',2,'0000-00-00 00:00:00','0000-00-00 00:00:00'),(591,1,'LD5IW6-A','DUCTO Pan-Way® C/ADHESIVO LD5, BLANCO INTERNACIONAL, 6 FT (TRAMO 1.82 MT) LD5',19,4,5.26,8,'1',2,'0000-00-00 00:00:00','0000-00-00 00:00:00'),(592,1,'EYP-001','EMPAQUE DE PLASTICO IP66 PARA EYM001/PFM001',30,5,1.00,8,'15',2,'0000-00-00 00:00:00','0000-00-00 00:00:00'),(593,1,'T45EEIW','ENTRADA DE CONDUIT A DUCTO Pan-Way® T45 BLANCO INTERNACIONAL T54',19,4,10.68,8,'1',2,'0000-00-00 00:00:00','0000-00-00 00:00:00'),(594,1,'OCF10IW-X','ESQUINERO EXTERIOR P/DUCTO Pan-Way® LD10, BLANCO INTERNACIONAL (PK/10) PARA APLICACIONES DE BAJO VOLTAJE LD15',19,4,10.22,8,'1',2,'0000-00-00 00:00:00','0000-00-00 00:00:00'),(595,1,'OCFX10IW-X','ESQUINERO EXTERIOR P/DUCTO Pan-Way® LD10, BLANCO INTERNACIONAL (PK/10) RADIOS DE CURVATURA DE ACUERDO A TIA/EIA  LD20',19,4,24.82,8,'1',2,'0000-00-00 00:00:00','0000-00-00 00:00:00'),(596,1,'OCF5IW-E','ESQUINERO EXTERIOR P/DUCTO Pan-Way® LD5, BLANCO INTERNACIONAL (PQ/20) PARA APLICACIONES DE BAJO VOLTAJE LD5',19,4,20.44,8,'1',2,'0000-00-00 00:00:00','0000-00-00 00:00:00'),(597,1,'T70OCIW','ESQUINERO EXTERIOR P/DUCTO Pan-Way® T70, BLANCO INTERNACIONAL T70',19,4,9.35,8,'1',2,'0000-00-00 00:00:00','0000-00-00 00:00:00'),(598,1,'T45OCIW','ESQUINERO EXTERIOR PARA DUCTO Pan-Way® T45, (BASE Y CUBIERTA), BLANCO INTERNACIONAL T50',19,4,5.50,8,'1',2,'0000-00-00 00:00:00','0000-00-00 00:00:00'),(599,1,'ICFC10IW-X','ESQUINERO INTERIOR P/DUCTO Pan-Way® LD10, BLANCO INTERNACIONAL (PK/10) RADIOS DE CURVATURA DE ACUERDO  A TIA/EIA LD23',19,4,11.20,8,'1',2,'0000-00-00 00:00:00','0000-00-00 00:00:00'),(600,1,'ICF10IW-X','ESQUINERO INTERIOR P/DUCTO Pan-Way® LD10, BLANCO INTERNACIONAL (PK/10), PARA APLICACIONES DE  BAJO VOLTAJE LD14',19,4,11.20,8,'1',2,'0000-00-00 00:00:00','0000-00-00 00:00:00'),(601,1,'ICF5IW-E','ESQUINERO INTERIOR P/DUCTO Pan-Way® LD5, BLANCO INTERNACIONAL (PQ/20) PARA APLICACIONES DE BAJO VOLTAJE LD5',19,4,20.44,8,'1',2,'0000-00-00 00:00:00','0000-00-00 00:00:00'),(602,1,'T70ICIW','ESQUINERO INTERIOR P/DUCTO Pan-Way® T70, BLANCO INTERNACIONAL T70',19,4,8.92,8,'1',2,'0000-00-00 00:00:00','0000-00-00 00:00:00'),(603,1,'T45ICIW','ESQUINERO INTERIOR PARA DUCTO Pan-Way® T45 (BASE Y CUBIERTA),  BLANCO INTERNACIONAL T49',19,4,5.50,8,'1',2,'0000-00-00 00:00:00','0000-00-00 00:00:00'),(604,1,'DS-1271ZJ-DM25','EXTENSIÓN DE MONTAJE EN TECHO PARA MODELOS DS-63X2FXX',28,5,49.00,8,'15',2,'0000-00-00 00:00:00','0000-00-00 00:00:00'),(605,1,'TT-672','EXTENSOR ULTRA HD HDMI 4K@60HZ CON IR; DISTANCIA DE 60 METROS',31,5,97.50,8,'15',2,'0000-00-00 00:00:00','0000-00-00 00:00:00'),(606,1,'DS-2CD1331-I','EYEBALL IP 3 MEGAPIXEL / 30 MTS IR INTELIGENTE / DWDR / IP67 / HIK-CONNECT P2P / H.264+ / POE / ONVIF',28,5,71.11,8,'15',2,'0000-00-00 00:00:00','0000-00-00 00:00:00'),(607,1,'25515-001','FAN 9,STDWALLCAB,120V        ACCESORIO',23,4,98.07,8,'1',2,'0000-00-00 00:00:00','0000-00-00 00:00:00'),(608,1,'FO12CB','FAN OUT 9 PARA TERMINACIÓN DE 12 HILOS DE FIBRA EXTERIOR DESNUDA SM/MM',19,4,23.12,8,'1',2,'0000-00-00 00:00:00','0000-00-00 00:00:00'),(609,1,'FO6CB','FAN OUT 9 PARA TERMINACIÓN DE 6 HILOS DE FIBRA EXTERIOR DESNUDA SM/MM',19,4,21.90,8,'1',2,'0000-00-00 00:00:00','0000-00-00 00:00:00'),(610,1,'FRTSC4YL','FIBBER RUNNER TAPA DIVIDIDA PARA TEE HORIZONTAL   4X4',19,4,59.94,8,'1',2,'0000-00-00 00:00:00','0000-00-00 00:00:00'),(611,1,'FRTSC6YL','FIBBER RUNNER TAPA DIVIDIDA PARA TEE HORIZONTAL   6X4',19,4,65.28,8,'1',2,'0000-00-00 00:00:00','0000-00-00 00:00:00'),(612,1,'FRT4X4YL','FIBBER RUNNER TEE HORIZONTAL   4X4',19,4,75.03,8,'1',2,'0000-00-00 00:00:00','0000-00-00 00:00:00'),(613,1,'FRT6X4YL','FIBBER RUNNER TEE HORIZONTAL   6X4',19,4,84.47,8,'1',2,'0000-00-00 00:00:00','0000-00-00 00:00:00'),(614,1,'FRTR4X4YL','FIBER RUNNER ACCESORIO EN CASCADA BRC DE 3 LADOS 4X4',19,4,46.51,8,'1',2,'0000-00-00 00:00:00','0000-00-00 00:00:00'),(615,1,'FRBC4X4YL','FIBER RUNNER ACOPLADOR (UNION) 4X4',19,4,18.08,8,'1',2,'0000-00-00 00:00:00','0000-00-00 00:00:00'),(616,1,'FRBC6X4YL','FIBER RUNNER ACOPLADOR (UNION) 6X4',19,4,18.08,8,'1',2,'0000-00-00 00:00:00','0000-00-00 00:00:00'),(617,1,'FRRA4X4YL','FIBER RUNNER ANGULO RECTO HORIZONTAL 4X4',19,4,70.24,8,'1',2,'0000-00-00 00:00:00','0000-00-00 00:00:00'),(618,1,'FRRA6X4YL','FIBER RUNNER ANGULO RECTO HORIZONTAL 6X4',19,4,79.73,8,'1',2,'0000-00-00 00:00:00','0000-00-00 00:00:00'),(619,1,'FRSPJ2X2YL','FIBER RUNNER BAJADA CON REDUCCION 2x2 4X4',19,4,84.47,8,'1',2,'0000-00-00 00:00:00','0000-00-00 00:00:00'),(620,1,'FRSPJ4X4YL','FIBER RUNNER BAJADA CON REDUCCION 4x4 6X4',19,4,116.33,8,'1',2,'0000-00-00 00:00:00','0000-00-00 00:00:00'),(621,1,'FR4X4YL6','FIBER RUNNER CANAL TRAMO DE 6 FT 4X4',19,4,79.73,8,'1',2,'0000-00-00 00:00:00','0000-00-00 00:00:00'),(622,1,'FR6X4YL6','FIBER RUNNER CANAL TRAMO DE 6 FT 6X4',19,4,60.75,8,'1',2,'0000-00-00 00:00:00','0000-00-00 00:00:00'),(623,1,'FRFWCSC6YL','FIBER RUNNER TAPA DIVIDIDA PARA ACOPLADOR DE 4 SALIDAS 6X4',19,4,0.00,8,'1',2,'0000-00-00 00:00:00','0000-00-00 00:00:00'),(624,1,'FREC6X4YL','FIBER RUNNER TAPA FINAL 6X4',19,4,8.54,8,'1',2,'0000-00-00 00:00:00','0000-00-00 00:00:00'),(625,1,'FRRASC4YL','FIBER RUNNER TAPA PARA ANGULO RECTO HORIZONTAL 4X4',19,4,46.62,8,'1',2,'0000-00-00 00:00:00','0000-00-00 00:00:00'),(626,1,'FRRASC6YL','FIBER RUNNER TAPA PARA ANGULO RECTO HORIZONTAL 6X4',19,4,53.90,8,'1',2,'0000-00-00 00:00:00','0000-00-00 00:00:00'),(627,1,'FRSPJC24YL','FIBER RUNNER TAPA PARA BAJADA CON REDUCCION 2x2 4X4',19,4,37.67,8,'1',2,'0000-00-00 00:00:00','0000-00-00 00:00:00'),(628,1,'FRSPJC26YL','FIBER RUNNER TAPA PARA BAJADA CON REDUCCION 2x2 FRSPJ2X2YL 4X4',19,4,37.67,8,'1',2,'0000-00-00 00:00:00','0000-00-00 00:00:00'),(629,1,'FRSPJC46YL','FIBER RUNNER TAPA PARA BAJADA CON REDUCCION 4x4 6X4',19,4,0.00,8,'1',2,'0000-00-00 00:00:00','0000-00-00 00:00:00'),(630,1,'FRHC4YL6','FIBER RUNNER TAPA TRAMO DE 6 FT 4X4',19,4,56.15,8,'1',2,'0000-00-00 00:00:00','0000-00-00 00:00:00'),(631,1,'FRHC6YL6','FIBER RUNNER TAPA TRAMO DE 6 FT 6X4',19,4,60.75,8,'1',2,'0000-00-00 00:00:00','0000-00-00 00:00:00'),(632,1,'FRVT4X4YL','FIBER RUNNER TEE VERTICAL 4X4',19,4,0.00,8,'1',2,'0000-00-00 00:00:00','0000-00-00 00:00:00'),(633,1,'FRVT6X4YL','FIBER RUNNER TEE VERTICAL 6X4',19,4,0.00,8,'1',2,'0000-00-00 00:00:00','0000-00-00 00:00:00'),(634,1,'FSWN912','FIBRA ÓPTICA 12 HILOS, MONOMODO 9/125μm (OS1/OS2) EXTERIOR ARMADA LIBRE DEL GEL SM',19,4,0.34,8,'1',2,'0000-00-00 00:00:00','0000-00-00 00:00:00'),(635,1,'FSTN912','FIBRA ÓPTICA 12 HILOS, MONOMODO 9/125μm (OS1/OS2) EXTERIOR DIELECTRICA LIBRE DEL GEL SM',19,4,0.28,8,'1',2,'0000-00-00 00:00:00','0000-00-00 00:00:00'),(636,1,'FSCR512Y','FIBRA ÓPTICA 12 HILOS, MULTIMODO 50/125μm, (OM2) INTERNA/EXTERNA TIPO RISER DIELECTRICA LIBRE DE GEL MM',19,4,0.89,8,'1',2,'0000-00-00 00:00:00','0000-00-00 00:00:00'),(637,1,'FOCRX12Y','FIBRA ÓPTICA 12 HILOS, MULTIMODO 50/125μm, (OM3)  EXTERIRO ARMADA MM',19,4,1.77,8,'1',2,'0000-00-00 00:00:00','0000-00-00 00:00:00'),(639,1,'FSWN906','FIBRA ÓPTICA 6 HILOS, MONOMODO 9/125μm (OS1/OS2) EXTERIOR ARMADA LIBRE DEL GEL SM',19,4,0.32,8,'1',2,'0000-00-00 00:00:00','0000-00-00 00:00:00'),(640,1,'FSTN906','FIBRA ÓPTICA 6 HILOS, MONOMODO 9/125μm (OS1/OS2) EXTERIOR DIELECTRICA LIBRE DEL GEL SM',19,4,0.23,8,'1',2,'0000-00-00 00:00:00','0000-00-00 00:00:00'),(641,1,'FSWN506','FIBRA ÓPTICA 6 HILOS, MULTIMODO 50/125μm, (OM2) EXTERIOR ARMADA LIBRE DE GEL MM',19,4,0.78,8,'1',2,'0000-00-00 00:00:00','0000-00-00 00:00:00'),(642,1,'FSCR506Y','FIBRA ÓPTICA 6 HILOS, MULTIMODO 50/125μm, (OM2) INTERNA/EXTERNA TIPO RISER DIELECTRICA LIBRE DE GEL MM',19,4,0.48,8,'1',2,'0000-00-00 00:00:00','0000-00-00 00:00:00'),(643,1,'FSDR506Y','FIBRA ÓPTICA 6 HILOS, MULTIMODO 50/125μm, (OM2) RISER INTERNA COLOR NARANJA. MM',19,4,0.41,8,'1',2,'0000-00-00 00:00:00','0000-00-00 00:00:00'),(644,1,'FOCRX06Y','FIBRA ÓPTICA 6 HILOS, MULTIMODO 50/125μm, (OM3) INTERNA/EXTERNA TIPO RISER  MM',19,4,0.98,8,'1',2,'0000-00-00 00:00:00','0000-00-00 00:00:00'),(645,1,'FODRX06Y','FIBRA ÓPTICA 6 HILOS, MULTIMODO 50/125μm, (OM3) RISER INTERNA COLOR AQUA MM',19,4,0.74,8,'1',2,'0000-00-00 00:00:00','0000-00-00 00:00:00'),(646,1,'FOCRZ06Y','FIBRA ÓPTICA 6 HILOS, MULTIMODO 50/125μm, (OM4) INTERNA/EXTERNA TIPO RISER  MM',19,4,1.23,8,'1',2,'0000-00-00 00:00:00','0000-00-00 00:00:00'),(647,1,'FOWNX06','FIBRA ÓPTICA 6 HILOS. MULTIMODO 50/125μm, (OM3) EXTERNA ARMADA COLOR NEGRO LIBRE DE GEL MM',19,4,0.78,8,'1',2,'0000-00-00 00:00:00','0000-00-00 00:00:00'),(648,1,'FOTNX06','FIBRA ÓPTICA 6 HILOS. MULTIMODO 50/125μm, (OM3) EXTERNA DIELECTRICA COLOR NEGRO LIBRE DE GEL MM',19,4,0.66,8,'1',2,'0000-00-00 00:00:00','0000-00-00 00:00:00'),(649,1,'PFC-S02O12     ','FIBRA ÓPTICA ENERGIAZADA MONOMODO,2F,OUTDOOR  12 AWG FO ENERG.',21,4,2.04,8,'1',2,'0000-00-00 00:00:00','0000-00-00 00:00:00'),(650,1,'PFC-S04O12     ','FIBRA ÓPTICA ENERGIAZADA MONOMODO,4F,OUTDOOR  12 AWG FO ENERG.',21,4,2.12,8,'1',2,'0000-00-00 00:00:00','0000-00-00 00:00:00'),(651,1,'PFC-302O16     ','FIBRA ÓPTICA ENERGIZADA OM3,2F,OUTDOOR,16AWG       FO ENERG.',21,4,1.87,8,'1',2,'0000-00-00 00:00:00','0000-00-00 00:00:00'),(652,1,'760053280','FIBRA ÓPTICA MONOMODO 8.3/125 ARMADA DE 12 FIBRAS LOOSE TUBE SIN GEL SM',18,4,0.51,8,'1',2,'0000-00-00 00:00:00','0000-00-00 00:00:00'),(653,1,'760053272','FIBRA ÓPTICA MONOMODO 8.3/125 ARMADA DE 6 FIBRAS LOOSE TUBE SIN GEL SM',18,4,0.39,8,'1',2,'0000-00-00 00:00:00','0000-00-00 00:00:00'),(654,1,'760053843','FIBRA ÓPTICA MONOMODO 8.3/125 DIÉLECTRICA DE 12 FIBRAS LOOSE TUBE SIN GEL SM',18,4,0.39,8,'1',2,'0000-00-00 00:00:00','0000-00-00 00:00:00'),(655,1,'760135442','FIBRA ÓPTICA MONOMODO 8.3/125 DIÉLECTRICA DE 6 FIBRAS TUBO CENTRAL CON GEL SM',18,4,0.33,8,'1',2,'0000-00-00 00:00:00','0000-00-00 00:00:00'),(656,1,'760053629','FIBRA ÓPTICA MULTIMODO 50/125 EXTERNO ARMADA 12 FIBRAS SIN GEL MM',18,4,0.00,8,'1',2,'0000-00-00 00:00:00','0000-00-00 00:00:00'),(657,1,'760053611','FIBRA ÓPTICA MULTIMODO 50/125 EXTERNO ARMADA 6 FIBRAS SIN GEL MM',18,4,0.80,8,'1',2,'0000-00-00 00:00:00','0000-00-00 00:00:00'),(658,1,'700012354','FIBRA ÓPTICA MULTIMODO 50/125 EXTERNO DIELÉCTRICO 12 FIBRAS MM',18,4,1.49,8,'1',2,'0000-00-00 00:00:00','0000-00-00 00:00:00'),(659,1,'700012347','FIBRA ÓPTICA MULTIMODO 50/125 EXTERNO DIELÉCTRICO 6 FIBRAS MM',18,4,0.80,8,'1',2,'0000-00-00 00:00:00','0000-00-00 00:00:00'),(660,1,'760012104','FIBRA ÓPTICA MULTIMODO 50/550 OM4 INTERIOR 6 HILOS TIPO DISTRIBUCION SIN GEL MM',18,4,1.01,8,'1',2,'0000-00-00 00:00:00','0000-00-00 00:00:00'),(661,1,'760006411','FIBRA ÓPTICA MULTIMODO 50/550 OM4 INTERIOR PLENUM 12 HILOS TIPO DISTRIBUCION SIN GEL MM',18,4,1.93,8,'1',2,'0000-00-00 00:00:00','0000-00-00 00:00:00'),(662,1,'700009509','FIBRA ÓPTICA MULTIMODO 62.5/125 INTERNA RISER 6 FIBRAS SIN GEL MM',18,4,0.00,8,'1',2,'0000-00-00 00:00:00','0000-00-00 00:00:00'),(663,1,'CPAF1BLY','FILLER PANEL ANGULADA 1RMU NEGRO',19,4,0.00,8,'1',2,'0000-00-00 00:00:00','0000-00-00 00:00:00'),(664,1,'DPFP1','FILLER PANEL PARA RACK 1RMU NEGRO',19,4,14.08,8,'1',2,'0000-00-00 00:00:00','0000-00-00 00:00:00'),(665,1,'DPFP2','FILLER PANEL PARA RACK 2RMU NEGRO',19,4,17.07,8,'1',2,'0000-00-00 00:00:00','0000-00-00 00:00:00'),(666,1,'12805-701','FILTRO DEL DE VENTILACIÓN PARA GABINETE CUBE-IT PLUS ACCESORIO',23,4,100.13,8,'1',2,'0000-00-00 00:00:00','0000-00-00 00:00:00'),(667,1,'DS-2CD63C2F-IS','FISHEYE 12 MEGAPIXEL (4K) / 180° / 360° / 15 MTS IR / WDR / PTZ DIGITAL / POE / MICROSD / HEAT MAP / MÚLTIPLES VISTAS / ENTRADA-SALIDA AUDIO Y ALARMA',28,5,1414.04,8,'15',2,'0000-00-00 00:00:00','0000-00-00 00:00:00'),(668,1,'DS-2CD63C2F-IVS','FISHEYE 12 MEGAPIXEL (4K) / 180º / 360º / 15 MTS IR / WDR / PTZ DIGITAL / POE / IP66 / IK10 / HEAT MAP / MÚLTIPLES VISTAS / ENTRADA-SALIDA AUDIO Y ALARMA',28,5,971.31,8,'15',2,'0000-00-00 00:00:00','0000-00-00 00:00:00'),(669,1,'DS-2CD6362F-IVS','FISHEYE 6 MEGAPIXEL / 180º / 360º / DWDR / 15 MTS IR / PTZ DIGITAL / HEAT MAP / MÚLTIPLES VISTAS / ENTRADA-SALIDA AUDIO Y ALARMA / IP66 / IK10 / POE',28,5,699.99,8,'15',2,'0000-00-00 00:00:00','0000-00-00 00:00:00'),(670,1,'DS-2CD6362F-IS','FISHEYE 6 MEGAPIXEL / 180º / 360º / INTERIOR / 15 MTS IR / DWDR / HEAT MAP / MÚLTIPLES VISTAS / POE / ENTRADA-SALIDA AUDIO Y ALARMA / PTZ DIGITAL',28,5,652.00,8,'15',2,'0000-00-00 00:00:00','0000-00-00 00:00:00'),(671,1,'DS-2CD6332FWD-IVS','FISHEYE IP 3 MEGAPIXEL / 180° / 360° / WDR / 15 MTS IR  / PTZ DIGITAL / HEAT MAP / ENTRADA-SALIDA AUDIO Y ALARMA / MÚLTIPLES VISTAS / IP66 / IK10 / POE',28,5,584.64,8,'15',2,'0000-00-00 00:00:00','0000-00-00 00:00:00'),(672,1,'DS-2CD6332FWD-IS','FISHEYE IP 3 MEGAPIXEL / INTERIOR / 180º /360º / 15M IR / WDR 120DB / PTZ DIGITAL / MICROSD / ONVIF / MICRÓFONO INTEGRADO',28,5,521.74,8,'15',2,'0000-00-00 00:00:00','0000-00-00 00:00:00'),(673,1,'DS-2CD6562PT','FISHEYE MÓVIL 6 MEGAPIXEL / IP54 / POE / DWDR / 180° / 360° / LENTE 1.27 MM / BLC / ROI / SOPORTA VIBRACIONES',28,5,649.00,8,'15',2,'0000-00-00 00:00:00','0000-00-00 00:00:00'),(674,1,'TURBO-SHIELD-1','GABINETE ANTIVANDÁLICO DE ACERO PARA DOMOS TIPO EYE BALL.',29,5,7.99,8,'15',2,'0000-00-00 00:00:00','0000-00-00 00:00:00'),(675,1,'DS-1322HZC','GABINETE CON CALEFACTOR Y VENTILADOR PARA CÁMARAS PROFESIONALES / IP66 / 28 / SAMSUNG / ACTI / IDIS',28,5,79.00,8,'15',2,'0000-00-00 00:00:00','0000-00-00 00:00:00'),(676,1,'XWM-2312-GD','GABINETE DE PARED 12RMU, PUERTAS DE CRISTAL      NEGRO',20,4,346.24,8,'1',2,'0000-00-00 00:00:00','0000-00-00 00:00:00'),(677,1,'XWM-2320-GD','GABINETE DE PARED 20RMU, PUERTAS DE CRISTAL      NEGRO',20,4,425.27,8,'1',2,'0000-00-00 00:00:00','0000-00-00 00:00:00'),(678,1,'XWM-2109-GD','GABINETE DE PARED 9RMU, PUERTAS DE CRISTAL      NEGRO',20,4,295.43,8,'1',2,'0000-00-00 00:00:00','0000-00-00 00:00:00'),(679,1,'11901-724','GABINETE DE PARED CUBE-IT PLUS, 24\"H(12RMU) X 24\"W X 18\"D, PUERTA DE PLEXIGLASS, SOPORTA 200LB (90KG);  NEGRO',23,4,577.68,8,'1',2,'0000-00-00 00:00:00','0000-00-00 00:00:00'),(680,1,'13496-772','GABINETE DE PARED CUBE-IT PLUS, 72\"H(40 RMU) X 24\"W X 30\"D, PUERTA DE PLEXIGLASS  NEGRO',23,4,1469.01,8,'1',2,'0000-00-00 00:00:00','0000-00-00 00:00:00'),(681,1,'25504-712','GABINETE DE PARED STDWALLCAB,600X600X12RMU,TG,BK  NEGRO',23,4,424.96,8,'1',2,'0000-00-00 00:00:00','0000-00-00 00:00:00'),(682,1,'25504-706','GABINETE DE PARED STDWALLCAB,600X600X6RMU,TG,BK  NEGRO',23,4,0.00,8,'1',2,'0000-00-00 00:00:00','0000-00-00 00:00:00'),(683,1,'25504-709','GABINETE DE PARED STDWALLCAB,600X600X9RMU,TG,BK  NEGRO',23,4,385.08,8,'1',2,'0000-00-00 00:00:00','0000-00-00 00:00:00'),(684,1,'GAB-VID1','GABINETE DE 5 PARA DVR/NVR. TAMAÑO CHICO (VER DIMENSIONES DE EQUIPO COMPATIBLE).',29,5,79.00,8,'15',2,'0000-00-00 00:00:00','0000-00-00 00:00:00'),(685,1,'GAB-VID4','GABINETE DE 5 PARA DVR/NVR. TAMAÑO EXTRA GRANDE (VER DIMENSIONES DE EQUIPO COMPATIBLE).',29,5,109.00,8,'15',2,'0000-00-00 00:00:00','0000-00-00 00:00:00'),(686,1,'GAB-VID3','GABINETE DE 5 PARA DVR/NVR. TAMAÑO GRANDE (VER DIMENSIONES DE EQUIPO COMPATIBLE).',29,5,105.00,8,'15',2,'0000-00-00 00:00:00','0000-00-00 00:00:00'),(687,1,'GAB-VID2','GABINETE DE 5 PARA DVR/NVR. TAMAÑO MEDIANO (VER DIMENSIONES DE EQUIPO COMPATIBLE).',29,5,89.00,8,'15',2,'0000-00-00 00:00:00','0000-00-00 00:00:00'),(688,1,'GAB-VID-M1','GABINETE DE 5 PARA VIDEOGRABADORA MÓVIL.',29,5,84.00,8,'15',2,'0000-00-00 00:00:00','0000-00-00 00:00:00'),(689,1,'FH3N-100N-C22-B','GABINETE F-SERIES TERAFRAME GEN 3 47RMU 88.1 IN BLANCO',23,4,0.00,8,'1',2,'0000-00-00 00:00:00','0000-00-00 00:00:00'),(690,1,'GF-1A320-CB','GABINETE GLOBALFRAME GEN2  42U, 79.4\'\' (2016 mm) H x  23.62\'\' (600 mm) W x 42.28\'\' (1050 mm)D  NEGRO',23,4,1466.01,8,'1',2,'0000-00-00 00:00:00','0000-00-00 00:00:00'),(691,1,'GF-1A520-CB','GABINETE GLOBALFRAME GEN2  42U, 79.4\'\' (2016 mm) H x  23.62\'\' (600 mm) W x 43.30\'\' (1100 mm)D  NEGRO',23,4,1466.01,8,'1',2,'0000-00-00 00:00:00','0000-00-00 00:00:00'),(692,1,'GF-1D420-CB','GABINETE GLOBALFRAME GEN2  42U, 79.4\'\' (2016 mm) H x  27.60\'\' (700 mm) W x 47.20\'\' (1200 mm)D  NEGRO',23,4,1979.97,8,'1',2,'0000-00-00 00:00:00','0000-00-00 00:00:00'),(693,1,'GF-1C220-CB','GABINETE GLOBALFRAME GEN2  42U, 79.4\'\' (2016 mm) H x  31.50\'\' (800 mm) W x 39.40\'\' (1000 mm)D  NEGRO',23,4,1762.34,8,'1',2,'0000-00-00 00:00:00','0000-00-00 00:00:00'),(694,1,'M1030-741','GABINETE MEGAFRAME (45RMU) 84\"H X 19\"W X 30\"D  (2130mm H x 693mmW x 760mmD) PANELES LATERALES, PUERTAS DE METAL PERFORADAS (FRONTAL Y TRASERA) 2,000LB (904KG) NEGRO',23,4,0.00,8,'1',2,'0000-00-00 00:00:00','0000-00-00 00:00:00'),(695,1,'DS-1322HZ-HW','GABINETE PARA CÁMARA PROFESIONAL / ALUMINIO / CALEFACTOR / VENTILADOR / WIPER / IP66 / 28 / IDIS / ACTI / SAMSUNG',28,5,155.00,8,'15',2,'0000-00-00 00:00:00','0000-00-00 00:00:00'),(696,1,'FWME2','GABINETE PARA MONTAJE EN PARED  Opticom® ACEPTA 2 PANELES FAP SM/MM',19,4,55.29,8,'1',2,'0000-00-00 00:00:00','0000-00-00 00:00:00'),(697,1,'MG-51-105','GRAPA DE SUSPENSION ACCESORIO',16,4,0.88,8,'1',2,'0000-00-00 00:00:00','0000-00-00 00:00:00'),(698,1,'EXPO-BASE-6MON','HERRAJES PARA VIDEOWALL 2 X 3 PARA MONITORES DE 24.',29,5,110.00,8,'15',2,'0000-00-00 00:00:00','0000-00-00 00:00:00'),(699,1,'IPC-B100','HILOOK SERIES / BALA IP 1 MEGAPIXEL / 30 MTS IR / EXTERIOR IP67 / DWDR / POE / LENTE 2.8 MM',28,5,33.79,8,'15',2,'0000-00-00 00:00:00','0000-00-00 00:00:00'),(700,1,'IPC-B121H','HILOOK SERIES / BALA IP 2 MEGAPIXEL / 30 MTS IR / EXTERIOR IP67 / POE / DWDR / LENTE 2.8 MM / H.265',28,5,49.50,8,'15',2,'0000-00-00 00:00:00','0000-00-00 00:00:00'),(701,1,'IPC-B140H','HILOOK SERIES / BALA IP 4 MEGAPIXEL / 30 MTS IR / EXTERIOR IP67 / POE / DWDR / LENTE 2.8 MM',28,5,68.36,8,'15',2,'0000-00-00 00:00:00','0000-00-00 00:00:00'),(702,1,'IPCD-140H','HILOOK SERIES / DOMO IP 4 MEGAPIXEL / 30 MTS IR / EXTERIOR IP67 / POE / DWDR / LENTE 2.8 MM',28,5,72.27,8,'15',2,'0000-00-00 00:00:00','0000-00-00 00:00:00'),(703,1,'IPC-T121','HILOOK SERIES / TURRET IP 2 MEGAPIXEL / 30 MTS IR / EXTERIOR IP67 / POE / DWDR / LENTE 2.8 MM',28,5,39.07,8,'15',2,'0000-00-00 00:00:00','0000-00-00 00:00:00'),(704,1,'IPC-T221H','HILOOK SERIES / TURRET IP 2 MEGAPIXEL / 30 MTS IR / EXTERIOR IP67 / POE / DWDR / LENTE 2.8 MM / H.265',28,5,49.50,8,'15',2,'0000-00-00 00:00:00','0000-00-00 00:00:00'),(705,1,'IPC-T240H','HILOOK SERIES / TURRET IP 4 MEGAPIXEL / 30 MTS IR / EXTERIOR IP67 / POE / DWDR / LENTE 2.8 MM',28,5,83.71,8,'15',2,'0000-00-00 00:00:00','0000-00-00 00:00:00'),(706,1,'JMJH2-X20','J HOOK PARA ENRUTAMIENTO AEREO DE CABLES, CUIDA EL RADIO DE CURVATURA NECESITA JMOD BRACKET JMCMB25-1-X LD24',19,4,2.46,8,'1',2,'0000-00-00 00:00:00','0000-00-00 00:00:00'),(707,1,'AX101070','JACK RJ45 UTP CAT 6A CONFIGURACION A/B MDVO VERDE',20,4,0.00,8,'1',2,'0000-00-00 00:00:00','0000-00-00 00:00:00'),(708,1,'CJ688TGBU','JACK RJ45 UTP CAT 6A CONFIGURACION A/B TERM. TG AZUL',19,4,8.20,8,'1',2,'0000-00-00 00:00:00','0000-00-00 00:00:00'),(709,1,'CJ688TGIG','JACK RJ45 UTP CAT 6A CONFIGURACION A/B TERM. TG GRIS',19,4,8.20,8,'1',2,'0000-00-00 00:00:00','0000-00-00 00:00:00'),(710,1,'CJ688TGBL','JACK RJ45 UTP CAT 6A CONFIGURACION A/B TERM. TG NEGRO',19,4,8.20,8,'1',2,'0000-00-00 00:00:00','0000-00-00 00:00:00'),(711,1,'CJ688TGRD','JACK RJ45 UTP CAT 6A CONFIGURACION A/B TERM. TG ROJO',19,4,8.20,8,'1',2,'0000-00-00 00:00:00','0000-00-00 00:00:00'),(712,1,'CJ688TPYL','JACK RJ45 UTP CAT 6A CONFIGURACION A/B TERM. TP AMARILLO',19,4,8.20,8,'1',2,'0000-00-00 00:00:00','0000-00-00 00:00:00'),(713,1,'CJ688TPBU','JACK RJ45 UTP CAT 6A CONFIGURACION A/B TERM. TP AZUL',19,4,8.20,8,'1',2,'0000-00-00 00:00:00','0000-00-00 00:00:00'),(714,1,'CJ688TPEI','JACK RJ45 UTP CAT 6A CONFIGURACION A/B TERM. TP MARFIL',19,4,8.20,8,'1',2,'0000-00-00 00:00:00','0000-00-00 00:00:00'),(715,1,'CJ688TPOR','JACK RJ45 UTP CAT 6A CONFIGURACION A/B TERM. TP NARANJA',19,4,8.20,8,'1',2,'0000-00-00 00:00:00','0000-00-00 00:00:00'),(716,1,'CJ688TPBL','JACK RJ45 UTP CAT 6A CONFIGURACION A/B TERM. TP NEGRO',19,4,8.20,8,'1',2,'0000-00-00 00:00:00','0000-00-00 00:00:00'),(717,1,'CJ688TPRD','JACK RJ45 UTP CAT 6A CONFIGURACION A/B TERM. TP ROJO',19,4,8.20,8,'1',2,'0000-00-00 00:00:00','0000-00-00 00:00:00'),(718,1,'CJ688TPGR','JACK RJ45 UTP CAT 6A CONFIGURACION A/B TERM. TP VERDE',19,4,8.20,8,'1',2,'0000-00-00 00:00:00','0000-00-00 00:00:00'),(719,1,'700206709','JACK RJ45 UTP CAT 6A CONFIGURACION A/B VERDE',18,4,9.58,8,'1',2,'0000-00-00 00:00:00','0000-00-00 00:00:00'),(720,1,'JMCMB25-1-X','JMOD BRACKET PARA J HOOK JMJH2-X20 LD25',19,4,2.06,8,'1',2,'0000-00-00 00:00:00','0000-00-00 00:00:00'),(721,1,'CANA-0039','JUEGO DE CONTRA-MONITOR GALVANIZADO PG 1 ¼\" CANALIZACION',17,4,0.41,8,'4',2,'0000-00-00 00:00:00','0000-00-00 00:00:00'),(722,1,'CANA-0040','JUEGO DE CONTRA-MONITOR GALVANIZADO PG 1 ½\" CANALIZACION',17,4,0.46,8,'4',2,'0000-00-00 00:00:00','0000-00-00 00:00:00'),(723,1,'CANA-0037','JUEGO DE CONTRA-MONITOR  GALVANIZADO PG ¾\" CANALIZACION',17,4,0.06,8,'4',2,'0000-00-00 00:00:00','0000-00-00 00:00:00'),(724,1,'CANA-0038','JUEGO DE CONTRA-MONITOR  GALVANIZADO PG 1\" CANALIZACION',17,4,0.28,8,'4',2,'0000-00-00 00:00:00','0000-00-00 00:00:00'),(725,1,'CANA-0041','JUEGO DE CONTRA-MONITOR  GALVANIZADO PG 2\" CANALIZACION',17,4,0.31,8,'4',2,'0000-00-00 00:00:00','0000-00-00 00:00:00'),(726,1,'F92ERLNLNSNM002','JUMPER DE FIBRA OPTICA DUPLEX MONOMODO 9/125 (OS1/OS2) LC A LC 2Metros SM',19,4,28.58,8,'1',2,'0000-00-00 00:00:00','0000-00-00 00:00:00'),(727,1,'F92ERLNLNSNM003','JUMPER DE FIBRA OPTICA DUPLEX MONOMODO 9/125 (OS1/OS2) LC A LC 3 Metros Riser revestimiento de 1.6 mm SM',19,4,28.99,8,'1',2,'0000-00-00 00:00:00','0000-00-00 00:00:00'),(728,1,'F92ERLNSNSNM003','JUMPER DE FIBRA OPTICA DUPLEX MONOMODO 9/125 (OS1/OS2) LC A SC 3Metros SM',19,4,27.32,8,'1',2,'0000-00-00 00:00:00','0000-00-00 00:00:00'),(729,1,'FX2ERLNSNSNM003','JUMPER DE FIBRA OPTICA DUPLEX MULTIMODO (OM3)  revestimiento 1.6mm LC A SC Std. IL   3 metros MM',19,4,25.74,8,'1',2,'0000-00-00 00:00:00','0000-00-00 00:00:00'),(730,1,'FXE10-10M2Y','JUMPER DE FIBRA OPTICA DUPLEX MULTIMODO 10 GIG (OM3) 50/125 LC A LC 2 Metros (Riser) MM',19,4,26.17,8,'1',2,'0000-00-00 00:00:00','0000-00-00 00:00:00'),(731,1,'FX2ERLNLNSNM003','JUMPER DE FIBRA OPTICA DUPLEX MULTIMODO 10 GIG (OM3) 50/125 LC A LC 3 Metros Riser revestimiento de 1.6 mm MM',19,4,27.18,8,'1',2,'0000-00-00 00:00:00','0000-00-00 00:00:00'),(732,1,'FX2ERLNLNSNM005','JUMPER DE FIBRA OPTICA DUPLEX MULTIMODO 10 GIG (OM3) 50/125 LC A LC 5 Metros (Riser) MM',19,4,29.20,8,'1',2,'0000-00-00 00:00:00','0000-00-00 00:00:00'),(733,1,'FXE10-10M7Y','JUMPER DE FIBRA OPTICA DUPLEX MULTIMODO 10 GIG (OM3) 50/125 LC A LC 7Metros (Riser) MM',19,4,48.41,8,'1',2,'0000-00-00 00:00:00','0000-00-00 00:00:00'),(734,1,'FX2ERLNLNSNM002','JUMPER DE FIBRA OPTICA DUPLEX MULTIMODO 10 GIG (OM3) 50/125 revestimiento de 1.6 mm LC A LC 2 Metros MM',19,4,26.17,8,'1',2,'0000-00-00 00:00:00','0000-00-00 00:00:00'),(735,1,'F52ERLNLNSNM003','JUMPER DE FIBRA OPTICA DUPLEX OM2 LC A LC 1.6mm jacket RISER MM',19,4,26.87,8,'1',2,'0000-00-00 00:00:00','0000-00-00 00:00:00'),(736,1,'FEXLCLC42-MXF010','JUMPER FIBRA 50/125 LC A LC 10 FT MM',18,4,37.67,8,'1',2,'0000-00-00 00:00:00','0000-00-00 00:00:00'),(737,1,'FEXLCLC42-MXF100','JUMPER FIBRA 50/125 LC A LC 100 FT MM',18,4,74.00,8,'1',2,'0000-00-00 00:00:00','0000-00-00 00:00:00'),(738,1,'FEXLCLC42-MXF015','JUMPER FIBRA 50/125 LC A LC 15 FT MM',18,4,39.69,8,'1',2,'0000-00-00 00:00:00','0000-00-00 00:00:00'),(739,1,'FEXLCLC42-MXF025','JUMPER FIBRA 50/125 LC A LC 25 FT MM',18,4,43.73,8,'1',2,'0000-00-00 00:00:00','0000-00-00 00:00:00'),(740,1,'FEXLCLC42-MXF004','JUMPER FIBRA 50/125 LC A LC 4 FT MM',18,4,35.25,8,'1',2,'0000-00-00 00:00:00','0000-00-00 00:00:00'),(741,1,'FEXLCLC42-MXF050','JUMPER FIBRA 50/125 LC A LC 50 FT MM',18,4,53.82,8,'1',2,'0000-00-00 00:00:00','0000-00-00 00:00:00'),(742,1,'FEXLCLC42-MXF006','JUMPER FIBRA 50/125 LC A LC 6 FT MM',18,4,36.06,8,'1',2,'0000-00-00 00:00:00','0000-00-00 00:00:00'),(743,1,'FEXLCLC42-MXF065','JUMPER FIBRA 50/125 LC A LC 65 FT MM',18,4,59.88,8,'1',2,'0000-00-00 00:00:00','0000-00-00 00:00:00'),(744,1,'FEXLCLC42-MXF007','JUMPER FIBRA 50/125 LC A LC 7 FT MM',18,4,36.46,8,'1',2,'0000-00-00 00:00:00','0000-00-00 00:00:00'),(745,1,'FEXLCSC42-MXF010','JUMPER FIBRA 50/125 LC A SC 10 FT MM',18,4,37.67,8,'1',2,'0000-00-00 00:00:00','0000-00-00 00:00:00'),(746,1,'FEXLCSC42-MXF015','JUMPER FIBRA 50/125 LC A SC 15 FT MM',18,4,39.69,8,'1',2,'0000-00-00 00:00:00','0000-00-00 00:00:00'),(747,1,'FEXLCSC42-MXF006','JUMPER FIBRA 50/125 LC A SC 6 FT MM',18,4,36.06,8,'1',2,'0000-00-00 00:00:00','0000-00-00 00:00:00'),(748,1,'FEXSCSC52-MXF006','JUMPER FIBRA 50/125 SC A SC 6 FT MM',18,4,0.00,8,'1',2,'0000-00-00 00:00:00','0000-00-00 00:00:00'),(749,1,'FEMLCST42-EXF010 ','JUMPER FIBRA 62/125 LC A ST 10 PIES  COLOR GRIS MM',18,4,37.67,8,'1',2,'0000-00-00 00:00:00','0000-00-00 00:00:00'),(750,1,'FEMSCST52-EXF010','JUMPER FIBRA 62/125 SC A ST 10 PIES  COLOR GRIS MM',18,4,40.37,8,'1',2,'0000-00-00 00:00:00','0000-00-00 00:00:00'),(751,1,'FEMSTST52-EXF010','JUMPER FIBRA 62/125 ST A ST 10 PIES  COLOR GRIS MM',18,4,40.37,8,'1',2,'0000-00-00 00:00:00','0000-00-00 00:00:00'),(752,1,'FEWLCLC42-JXF010','JUMPER FIBRA 8.3/125 LC A LC 10 FT SM',18,4,37.67,8,'1',2,'0000-00-00 00:00:00','0000-00-00 00:00:00'),(753,1,'FEWLCLC42-JXF004','JUMPER FIBRA 8.3/125 LC A LC 4 FT SM',18,4,35.25,8,'1',2,'0000-00-00 00:00:00','0000-00-00 00:00:00'),(754,1,'FEWLCSC42-JXF010','JUMPER FIBRA 8.3/125 LC A SC 10 FT SM',18,4,35.66,8,'1',2,'0000-00-00 00:00:00','0000-00-00 00:00:00'),(755,1,'TT714PRO','9 COMPLETO DISTRIBUIDOR HDMI 1 X 4',31,5,207.00,8,'15',2,'0000-00-00 00:00:00','0000-00-00 00:00:00'),(756,1,'TT718PRO','9 COMPLETO DISTRIBUIDOR HDMI 1 X 8',31,5,280.00,8,'15',2,'0000-00-00 00:00:00','0000-00-00 00:00:00'),(757,1,'9-TT-16-PV-TURBO','9 DE 16 CANALES PARA TRANSMISIÓN DE ALIMENTACION ( DE 36 VCD A 12 VCD) Y VIDEO (HD-TVI) A DISTANCIAS DE HASTA 250 M.',31,5,489.00,8,'15',2,'0000-00-00 00:00:00','0000-00-00 00:00:00'),(758,1,'TT101FTURBO/P','9 DE 24 PARES DE TRANSCEPTORES PASIVOS TURBOHD PARA APLICACIONES DE VIDEO POR UTP CAT 5E/6 EN ALTA DEFINICIÓN',32,5,96.00,8,'15',2,'0000-00-00 00:00:00','0000-00-00 00:00:00'),(759,1,'9-TT-4-PV-TURBO','9 DE 4 CANALES DE PARA TRANSMISIÓN DE ALIMENTACION ( DE 36 VCD A 12VCD )  Y VIDEO (HD-TVI) A DISTANCIAS DE HASTA 250 MTS.',31,5,186.15,8,'15',2,'0000-00-00 00:00:00','0000-00-00 00:00:00'),(760,1,'9-TT-8-PV-TURBO','9 DE 8 CANALES PARA TRANSMISIÓN DE ALIMENTACIÓN (DE 36 VCD A 12VCD) Y VIDEO (HD-TVI) A DISTANCIAS DE HASTA 250 MTS.',31,5,299.00,8,'15',2,'0000-00-00 00:00:00','0000-00-00 00:00:00'),(761,1,'EPMONTVIACC','9 DE ACCESORIOS PARA PROBADORES DE VÍDEO EPMONTVI INCLUYE: MALETA, PROBADOR DE CABLE, CABLES DE CONEXION.',30,5,42.75,8,'15',2,'0000-00-00 00:00:00','0000-00-00 00:00:00'),(762,1,'TPTURBOACC','9 DE ACCESORIOS PARA PROBADORES DE VIDEO TPTURBO5MP,TPTURBO8MP, TPTURBOHD',30,5,42.75,8,'15',2,'0000-00-00 00:00:00','0000-00-00 00:00:00'),(763,1,'FIELD9RFB','9 DE CONSUMIBLES PARA TERMINACION EN C21O PARA PULIR 100 CONECTORES PARA EL 9 DE TERMINACION FJ9G SM/MM',19,4,546.71,8,'1',2,'0000-00-00 00:00:00','0000-00-00 00:00:00'),(764,1,'FPP9-CVY','9 DE CONVERSION PRE-POLISHED DE  OPTI-CRIMP  A OPTICAM  SM/MM',19,4,0.00,8,'1',2,'0000-00-00 00:00:00','0000-00-00 00:00:00'),(765,1,'94501AA','9 DE LARGO ALCANCE DE 400 METROS TVI COMPUESTO POR TT4501T + TT4501R  / ACTIVO+ACTIVO / COMPATIBLE 5/3/2/1 MEGAPIXEL',31,5,40.00,8,'15',2,'0000-00-00 00:00:00','0000-00-00 00:00:00'),(766,1,'TT-101-F-TURBO-EXT','9 DE TRANSCEPTORES (BALLUNS) EXTERIOR SUMERGIBLES TURBOHD HASTA 5 MPX HD-TVI/HD-CVI/AHD / CONECTORES 100% COBRE / CON CABLE RF BLINDADO PARA APLICACIONES',31,5,5.15,8,'15',2,'0000-00-00 00:00:00','0000-00-00 00:00:00'),(767,1,'TT101FTURBOZ','9 DE TRANSCEPTORES (BALLUNS) HASTA 5 MEGAPIXEL TURBOHD HD-TVI/HD-CVI/AHD / CABLE RF BLINDADO',31,5,3.99,8,'15',2,'0000-00-00 00:00:00','0000-00-00 00:00:00'),(768,1,'TT-101-F-TURBO','9 DE TRANSCEPTORES (BALLUNS) TURBOHD HASTA 4K / 5 MP / HD-TVI/HD-CVI/AHD / CONECTOR 100% COBRE / CON CABLE RF BLINDADO',31,5,4.35,8,'15',2,'0000-00-00 00:00:00','0000-00-00 00:00:00'),(769,1,'TT-101-PVA-TURBO','9 DE TRANSCEPTORES ACTIVOS CON ALIMENTACIÓN 12V/24VCD/AC, VIDEO Y AUDIO DE UN CANAL TURBOHD PARA APLICACIONES DE VIDEO POR UTP CAT5E/6 EN ALTA DEFINICIÓN',31,5,16.00,8,'15',2,'0000-00-00 00:00:00','0000-00-00 00:00:00'),(770,1,'TT-101-PV-TURBO','9 DE TRANSCEPTORES ACTIVOS CON CONECTOR PARA ALIMENTACIÓN (12V/24VCD/AC) TURBOHD PARA APLICACIONES DE VIDEO POR UTP CAT5E/6 EN HD',31,5,9.49,8,'15',2,'0000-00-00 00:00:00','0000-00-00 00:00:00'),(771,1,'TT-101-PVD-TURBO','9 DE TRANSCEPTORES ACTIVOS CON CONECTOR PARA ALIMENTACIÓN 12V/24VCD/AC, VIDEO Y DATOS DE UN CANAL TURBOHD PARA APLICACIONES DE VIDEO POR UTP CAT5E/6 EN ALTA DEFINICIÓN',31,5,16.15,8,'15',2,'0000-00-00 00:00:00','0000-00-00 00:00:00'),(772,1,'TT-4816-PVTURBO','9 DE TRANSCEPTORES ACTIVOS TURBO HD DE 36 VCD A 12 VCD , A TRAVÉS DE CABLE  UTP CAT5E / 6',31,5,13.90,8,'15',2,'0000-00-00 00:00:00','0000-00-00 00:00:00'),(773,1,'DS-1H18S/E','9 DE TRASCEPTOR (BALLUNS) DE VÍDEO / ACEPTA HASTA 8 MEGAPIXEL / SOPORTA TVI / AHD / CVI / CVBS',28,5,4.50,8,'15',2,'0000-00-00 00:00:00','0000-00-00 00:00:00'),(774,1,'12804-701','9 DE VENTILACIÓN PARA GABINETE CUBE-IT PLUS, 115VAC, 100CFM CORDÓN DE 15\', PLUG NEMA 5-15; NEGRO ACCESORIO',23,4,120.32,8,'1',2,'0000-00-00 00:00:00','0000-00-00 00:00:00'),(775,1,'TT-HDMI-150','9 EXTENSOR DE HDMI POR CABLE UTP/5/5E/6 / DISTANCIAS DE HASTA 150 MTS',31,5,339.15,8,'15',2,'0000-00-00 00:00:00','0000-00-00 00:00:00'),(776,1,'TT-VGA-300','9 EXTENSOR DE VGA POR UTP 5/5E/6 PARA DISTANCIAS DE HASTA 300 M',31,5,159.00,8,'15',2,'0000-00-00 00:00:00','0000-00-00 00:00:00'),(777,1,'TT383VGA','9 EXTENSOR DE VGA POR UTP 5E/6 PARA DISTANCIAS DE HASTA 100-120 M',31,5,120.00,8,'15',2,'0000-00-00 00:00:00','0000-00-00 00:00:00'),(778,1,'TT372EDID','9 EXTENSOR HDMI CON LOOP DE SALIDA, PARA DISTANCIA DE 50 METROS CON CABLE CAT 6 , CON CONTROL IR, 1080 P @ 50/60 HZ , COMPATIBLE CON HDCP.',31,5,79.00,8,'15',2,'0000-00-00 00:00:00','0000-00-00 00:00:00'),(779,1,'TT-372-PRO','9 EXTENSOR HDMI CON LOOP DE SALIDA, PARA DISTANCIA DE 60 METROS CON CABLE CAT 6 , CON CONTROL IR, 1080 P @ 50/60 HZ , COMPATIBLE CON HDCP.',31,5,69.00,8,'15',2,'0000-00-00 00:00:00','0000-00-00 00:00:00'),(780,1,'TT-383-PRO','9 EXTENSOR HDMI DE 120 METROS CON LOOP HDBITT, CAT 5E/6, PROTOCOLO HDBITT, COMPATIBLE CON HDCP.',31,5,120.00,8,'15',2,'0000-00-00 00:00:00','0000-00-00 00:00:00'),(781,1,'TT-380-PRO','9 EXTENSOR HDMI SOBRE POWERLINE CON LOOP HDBITT, PROTOCOLO HDBITT, COMPATIBLE CON HDCP.',31,5,449.00,8,'15',2,'0000-00-00 00:00:00','0000-00-00 00:00:00'),(782,1,'TT-388-A','9 EXTENSOR INALÁMBRICO HDMI DE 200 METROS, PROTOCOLO HDBITT, CONTROL IR, 1080 P@50/60 HZ, COMPATIBLE CON HDCP.',31,5,479.00,8,'15',2,'0000-00-00 00:00:00','0000-00-00 00:00:00'),(783,1,'TT688','9 EXTENSOR INALÁMBRICO HDMI DE 200 METROS, PROTOCOLO HDBITT, CONTROL IR, 4K X 2K @ 30 HZ, COMPATIBLE CON HDCP.',31,5,639.00,8,'15',2,'0000-00-00 00:00:00','0000-00-00 00:00:00'),(784,1,'TT388M','9 EXTENSOR INALÁMBRICO MATRICIAL HDMI PARA DISTANCIA DE 50 METROS, CONTROL IR,1080P@50/60 HZ.',31,5,247.50,8,'15',2,'0000-00-00 00:00:00','0000-00-00 00:00:00'),(785,1,'EBRIDGE-100-RMT','9 EXTENSOR IP POE BNC POR CABLE UTP CAT 5E HASTA 500 METROS A 100 MBPS Y POR BNC HASTA 300 METROS',34,5,439.00,8,'15',2,'0000-00-00 00:00:00','0000-00-00 00:00:00'),(786,1,'TT-IP-CX','9 EXTENSOR IP POR CABLE COAXIAL PARA DISTANCIAS DE HASTA 200 M',31,5,29.00,8,'15',2,'0000-00-00 00:00:00','0000-00-00 00:00:00'),(787,1,'TT371KVM','9 EXTENSOR KVM ( TECLADO, VIDEO, MOUSE ) HDMI 1080P @ 60 HZ, 60 METROS CON CABLE CAT5E/6',31,5,122.50,8,'15',2,'0000-00-00 00:00:00','0000-00-00 00:00:00'),(788,1,'TT383MATRIX','9 EXTENSOR MATRICIAL 1080P SOBRE CAT5/6 A120/150M',31,5,175.00,8,'15',2,'0000-00-00 00:00:00','0000-00-00 00:00:00'),(789,1,'TT683MATRIX','9 EXTENSOR MATRICIAL 4K X 2K @ 30 HZ SOBRE CAT5/6 A 120 /150 METROS',31,5,205.00,8,'15',2,'0000-00-00 00:00:00','0000-00-00 00:00:00'),(790,1,'TT-USB-100','9 EXTENSOR USB POR CABLE UTP5/5E/6 PARA DISTANCIAS DE HASTA 50 M',31,5,69.00,8,'15',2,'0000-00-00 00:00:00','0000-00-00 00:00:00'),(791,1,'KHL104/4B','9 IP DE 4 CANALES DE 1 MEGAPIXEL / NVR DE 4 CANALES + 4 CÁMARAS IP + BOBINA DE CABLE DE 100 MTS',28,5,235.00,9,'15',2,'0000-00-00 00:00:00','0000-00-00 00:00:00'),(792,1,'KHL4B/1TB','9 IP DE 4 CANALES DE 1 MEGAPIXEL / NVR DE 4 CANALES + 4 CÁMARAS IP + BOBINA DE CABLE DE 100 MTS + DISCO DURO 1 TB',28,5,317.02,9,'15',2,'0000-00-00 00:00:00','0000-00-00 00:00:00'),(793,1,'KH71NI/4B','9 IP DE 4 CANALES DE 2 MEGAPIXEL / NVR DE 4 CANALES + 4 CÁMARAS IP + BOBINA DE CABLE DE 100 MTS',28,5,509.00,9,'15',2,'0000-00-00 00:00:00','0000-00-00 00:00:00'),(794,1,'KH71NI4B/1TB','9 IP DE 4 CANALES DE 2 MEGAPIXEL / NVR DE 4 CANALES + 4 CÁMARAS IP + BOBINA DE CABLE DE 100 MTS + DISCO DURO 1 TB',28,5,594.01,9,'15',2,'0000-00-00 00:00:00','0000-00-00 00:00:00'),(795,1,'NK42W0-1TWD','9 IP WIFI DE 2 MEGAPIXEL / NVR 4 CANALES / 4 CAMARAS BALA PARA EXTERIOR / INCLUYE 1 HDD DE 1 TB',28,5,447.75,9,'15',2,'0000-00-00 00:00:00','0000-00-00 00:00:00'),(796,1,'94PF','9 P/VIDEO ANALOGO P/300MTS COMPUESTO POR 1 TT104P + 2 9S TT101FTURBOZ',31,5,9.99,8,'15',2,'0000-00-00 00:00:00','0000-00-00 00:00:00'),(797,1,'SRTRK3','9 PARA MONTAJE EN RACK 2 POSTES, PARA SMART-UPS SRT  1/1.5/2/3 KVA ACCESORIO',24,4,147.64,8,'1',2,'0000-00-00 00:00:00','0000-00-00 00:00:00'),(798,1,'SRTRK2','9 PARA MONTAJE EN RACK 4 POSTES PARA SMART-UPS SRT 5/6/8/10KVA ACCESORIO',24,4,103.63,8,'1',2,'0000-00-00 00:00:00','0000-00-00 00:00:00'),(799,1,'SURTRK','9 PARA MONTAJE EN RACK 4 POSTES, PARA SMART-UPS RT 1/1.5/2KVA ACCESORIO',24,4,71.26,8,'1',2,'0000-00-00 00:00:00','0000-00-00 00:00:00'),(800,1,'SURTRK2','9 PARA MONTAJE EN RACK 4 POSTES, PARA SMART-UPS RT 3/5/6/8/10KVA ACCESORIO',24,4,105.48,8,'1',2,'0000-00-00 00:00:00','0000-00-00 00:00:00'),(801,1,'FCAM9','9 PARA TERMINACIÓN DE CONECTORES PRE-PULIDOS OptiCam®, INCLUYE LA HERRAMIENTA OCTT, CORTADORA Y ACCESORIOS DE TERMINACION SM/MM',19,4,0.00,8,'1',2,'0000-00-00 00:00:00','0000-00-00 00:00:00'),(802,1,'916PVRPVT','9 PARA VIDEO ANÁLOGO + ALIMENTACIÓN PARA 300 METROS, COMPUESTO POR 1 TT116PVR + 16 TT101PVT',32,5,379.99,8,'15',2,'0000-00-00 00:00:00','0000-00-00 00:00:00'),(803,1,'9TT16PVTURBOX','9 PREMIUM DE 16 CANALES PARA TRANSMISIÓN DE ALIMENTACION ( DE 36 VCD A 12 VCD) Y VIDEO (HD-TVI) A DISTANCIAS DE HASTA 300 M.',31,5,519.00,8,'15',2,'0000-00-00 00:00:00','0000-00-00 00:00:00'),(804,1,'9TT4PVTURBOX','9 PREMIUM WITH 4 TRANSMITTERS AND 1 RECEIVER FOR POWER TRANSMISSION (36 VDC @ 12 VCD) AND VIDEO (HD-TVI) FOR DISTANCES UP TO 300 METERS',31,5,168.75,8,'15',2,'0000-00-00 00:00:00','0000-00-00 00:00:00'),(805,1,'9TT8PVTURBOX','9 PREMIUM WITH 8 TRANSMITTERS AND 1 RECEIVER FOR POWER TRANSMISSION (36 VDC @ 12 VCD) AND VIDEO (HD-TVI) FOR DISTANCES UP TO 300 METERS',31,5,236.25,8,'15',2,'0000-00-00 00:00:00','0000-00-00 00:00:00'),(806,1,'13571-001','KOLDLOK - PASACABLE PARA PISO ELEVADO (SPLIT) NEGRO',23,4,0.00,8,'1',2,'0000-00-00 00:00:00','0000-00-00 00:00:00'),(807,1,'13676-001','KOLDLOK - PASACABLE PARA PISO ELEVADO LARGO 305MM X 33MM X 298MM NEGRO',23,4,0.00,8,'1',2,'0000-00-00 00:00:00','0000-00-00 00:00:00'),(808,1,'37200-111','KVM, 1 RMU, 17\" LCD DRAWER     NEGRO',23,4,0.00,8,'1',2,'0000-00-00 00:00:00','0000-00-00 00:00:00'),(809,1,'12803-701','LÁMPARA DE LUZ FLUORESCENTE, 8 WATTS PARA GABINETE, COLOCACIÓN INFERIOR, SUPERIOR O LATERAL, SWITCH ENCENDIDO Y APAGADO, INCLUYE CABLE DE CORRIENTE NEMA 5-15P. ACCESORIO',23,4,76.37,8,'1',2,'0000-00-00 00:00:00','0000-00-00 00:00:00'),(810,1,'HV11-40D8-MPIR','LENTE 4K VARIFOCAL 11 - 40MM ASPHERICAL CON AUTO IRIS DC',28,5,357.00,8,'15',2,'0000-00-00 00:00:00','0000-00-00 00:00:00'),(811,1,'HV38-16D8-MPIR','LENTE 4K VARIFOCAL 3.8 - 16MM ASPHERICAL CON AUTO IRIS DC',28,5,207.00,8,'15',2,'0000-00-00 00:00:00','0000-00-00 00:00:00'),(812,1,'25512-712','LSHNG BRKT,STDWALLCAB,12U,BK   ACCESORIO',23,4,45.17,8,'1',2,'0000-00-00 00:00:00','0000-00-00 00:00:00'),(813,1,'25512-706','LSHNG BRKT,STDWALLCAB,6U,BK    ACCESORIO',23,4,40.87,8,'1',2,'0000-00-00 00:00:00','0000-00-00 00:00:00'),(814,1,'TT414','MATRICIAL 4 X 4 HDMI, EN 4 K X 2K @30 HZ.',31,5,247.50,8,'15',2,'0000-00-00 00:00:00','0000-00-00 00:00:00'),(815,1,'TT818','MATRICIAL 8 X 8 HDMI, EN 4K X 2 K @ 30 HZ',31,5,1099.00,8,'15',2,'0000-00-00 00:00:00','0000-00-00 00:00:00'),(816,1,'HS-ESSD-T100I/120G','MEMORIA SSD 120 GB / USB 3.1 / COLOR NEGRO',28,5,69.00,8,'15',2,'0000-00-00 00:00:00','0000-00-00 00:00:00'),(817,1,'HS-ESSD-T100I/240G','MEMORIA SSD 240 GB / USB 3.1 / COLOR NEGRO',28,5,145.00,8,'15',2,'0000-00-00 00:00:00','0000-00-00 00:00:00'),(818,1,'HS-ESSD-T100I/480G','MEMORIA SSD 480 GB / USB 3.1 / COLOR NEGRO',28,5,229.00,8,'15',2,'0000-00-00 00:00:00','0000-00-00 00:00:00'),(819,1,'DS-4BUBBLE','MICA TRANSPARENTE D/REPUESTO P/DOMOS ANALOGOS SERIE DS-2AF1402/DS-2AF1412',28,5,5.00,8,'15',2,'0000-00-00 00:00:00','0000-00-00 00:00:00'),(820,1,'EP-MIC','MICRÓFONO CON CANCELACIÓN DE RUIDO DE ALTA FIDELIDAD',32,5,5.39,8,'15',2,'0000-00-00 00:00:00','0000-00-00 00:00:00'),(821,1,'TTMIC50','MICRÓFONO CON CANCELACIÓN DE RUIDO DE ALTA FIDELIDAD PARA ÁREAS DE APLICACIÓN DE 50 METROS CUADRADOS',31,5,7.00,8,'15',2,'0000-00-00 00:00:00','0000-00-00 00:00:00'),(822,1,'TTMIC100','MICRÓFONO CON CANCELACIÓN DE RUIDO DE ALTA FIDELIDAD PARA C21OS DE APLICACIÓN DE 100 METROS CUADRADOS',31,5,12.00,8,'15',2,'0000-00-00 00:00:00','0000-00-00 00:00:00'),(823,1,'MIC006','MICRÓFONO DIRECCIONAL PARA USO EN  CAPTURA DE CONVERSACIONES PARA EXTERIOR, CON DISTANCIA DE RECEPCIÓN DE 5 M',31,5,64.00,8,'15',2,'0000-00-00 00:00:00','0000-00-00 00:00:00'),(824,1,'MIC104','MICRÓFONO OMNIDIRECCIONAL CON CANCELACIÓN DE RUIDO, ALTA FIDELIDAD, PARA INTERIOR, CON DISTANCIA DE RECEPCIÓN DE 50 - 120 M CUADRADOS',31,5,4.60,8,'15',2,'0000-00-00 00:00:00','0000-00-00 00:00:00'),(825,1,'MIC210','MICRÓFONO OMNIDIRECCIONAL PARA USO EN  CAPTURA DE CONVERSACIONES  PARA EXTERIOR,  CON DISTANCIA DE RECEPCIÓN DE 5-100 M CUADRADOS',31,5,84.00,8,'15',2,'0000-00-00 00:00:00','0000-00-00 00:00:00'),(826,1,'MIC026','MICRÓFONO OMNIDIRECCIONAL PARA USO EN  CAPTURA DE CONVERSACIONES  PARA INTERIOR, CON DISTANCIA DE RECEPCIÓN DE 10-50 M CUADRADOS',31,5,54.00,8,'15',2,'0000-00-00 00:00:00','0000-00-00 00:00:00'),(827,1,'MIC280','MICRÓFONO OMNIDIRECCIONAL PARA USO EN CAPTURA DE CONVERSACIONES  PARA INTERIOR CON DISTANCIA DE RECEPCIÓN DE 5-150 M CUADRADOS',31,5,159.00,8,'15',2,'0000-00-00 00:00:00','0000-00-00 00:00:00'),(828,1,'MIC040','MICRÓFONO OMNIDIRECCIONAL PARA USO EN CAPTURA DE CONVERSACIONES  PARA INTERIOR CON DISTANCIA DE RECEPCIÓN DE 5-40 METROS CUADRADOS',31,5,12.00,8,'15',2,'0000-00-00 00:00:00','0000-00-00 00:00:00'),(829,1,'MIC601A','MICRÓFONO OMNIDIRECCIONAL, CON OPTIMIZACIÓN ACÚSTICA , ALTA FIDELIDAD, PARA INTERIOR, RECEPCIÓN DE 50 - 150 M CUADRADOS',31,5,28.46,8,'15',2,'0000-00-00 00:00:00','0000-00-00 00:00:00'),(830,1,'MIC-602A','MICRÓFONO OMNIDIRECCIONAL, EN SENSOR DE HUMO, ALTA FIDELIDAD, CON DISTANCIA DE RECEPCIÓN DE 10-100 METROS CUADRADOS',31,5,28.46,8,'15',2,'0000-00-00 00:00:00','0000-00-00 00:00:00'),(831,1,'MIC502','MICRÓFONO OMNIDIRECCIONAL, TIPO CUADRO, A PRUEBA DE EXPLOSIÓN, CON DISTANCIA DE RECEPCIÓN DE 10 - 100 M CUADRADOS',31,5,14.95,8,'15',2,'0000-00-00 00:00:00','0000-00-00 00:00:00'),(832,1,'MIC-302','MICRÓFONO OMNIDIRECCIONAL, TIPO PELOTA DE GOLF, A PRUEBA DE EXPLOSIÓN, CON DISTANCIA DE RECEPCIÓN DE 10 - 100 M CUADRADOS',31,5,10.00,8,'15',2,'0000-00-00 00:00:00','0000-00-00 00:00:00'),(833,1,'NETWAY16','MIDSPAN DE 16 PUERTOS, MONTAJE EN RACK DE 19. OFRECE ALIMENTACIÓN POE A LOS DISPOSITIVOS ALCANZANDO DISTANCIAS DE HASTA 600M.',34,5,989.00,8,'15',2,'0000-00-00 00:00:00','0000-00-00 00:00:00'),(834,1,'NETWAY8','MIDSPAN DE 8 PUERTOS, MONTAJE EN RACK DE 19. OFRECE ALIMENTACIÓN POE A LOS DISPOSITIVOS ALCANZANDO DISTANCIAS DE HASTA 600M.',34,5,589.00,8,'15',2,'0000-00-00 00:00:00','0000-00-00 00:00:00'),(835,1,'DS-2CD2042WD-I','MINI BALA IP  4 MEGAPIXEL / WDR 120DB / 30 MTS IR / H.264+ / HIK-CONNECT P2P / POE / 3D-DNR / IP66 / EXTERIOR / ONVIF',28,5,119.00,8,'15',2,'0000-00-00 00:00:00','0000-00-00 00:00:00'),(836,1,'DS-2CD1001-I','MINI BALA IP 1 MEGAPIXEL / 30 MTS IR / DWDR / IP67 / HIK-CONNECT P2P / EXTERIOR / POE / LENTE 2.8 MM',28,5,39.00,8,'15',2,'0000-00-00 00:00:00','0000-00-00 00:00:00'),(837,1,'DS-2CD2023G0D-IW2','MINI BALA IP 2 MEGAPIXEL / 30 MTS IR / EXTERIOR IP66 / DWDR / LENTE 2.8 MM / MICRÓFONO INTERCONSTRUIDO',28,5,105.00,8,'15',2,'0000-00-00 00:00:00','0000-00-00 00:00:00'),(838,1,'DS-2CD2021G1-IW','MINI BALA IP 2 MEGAPIXEL / 30 MTS IR / IP66 / WIFI / DWDR / LENTE 2.8 MM / SOPORTA MICRO SD',28,5,103.50,8,'15',2,'0000-00-00 00:00:00','0000-00-00 00:00:00'),(839,1,'DS-2CV1021G0-IDW1/NF','MINI BALA IP 2 MEGAPIXEL / 30 MTS IR EXIR / EXTERIOR IP66 / DWDR / LENTE 2.8 MM / WIFI / MICRÓFONO INTERCONTRUIDO',28,5,80.00,8,'15',2,'0000-00-00 00:00:00','0000-00-00 00:00:00'),(840,1,'DS-2CD2023G0-I','MINI BALA IP 2 MEGAPIXEL / 30 MTS IR EXIR / EXTERIOR IP67 / LENTE 2.8 MM / WDR / POE / MICRO SD',28,5,99.00,8,'15',2,'0000-00-00 00:00:00','0000-00-00 00:00:00'),(841,1,'DS-2CD2020F-I','MINI BALA IP 2 MEGAPIXEL / 30 MTS IR INTELIGENTE / DWDR / EXTERIOR IP67 / ONVIF / MICRO SD',28,5,90.00,8,'15',2,'0000-00-00 00:00:00','0000-00-00 00:00:00'),(842,1,'DS-2CD1031-I','MINI BALA IP 3 MEGAPIXEL / 30 MTS IR / DWDR / IP67 / HIK-CONNECT P2P / H.264+ / EXTERIOR / POE / LENTE 2.8 MM',28,5,71.11,8,'15',2,'0000-00-00 00:00:00','0000-00-00 00:00:00'),(843,1,'DS-2CD2035FWD-I','MINI BALA IP 3 MEGAPIXEL / H.265+ / ULTRA BAJA ILUMINACIÓN / 30 MTS IR EXIR / WDR / IP67 / HIK-CONNECT / VÍDEO ANALÍTICOS / POE / LENTE 2.8 MM',28,5,179.08,8,'15',2,'0000-00-00 00:00:00','0000-00-00 00:00:00'),(844,1,'DS-2CD2041G1-IDW1','MINI BALA IP 4 MEGAPIXEL / 30 MTS IR / IP66 / WIFI / DWDR / LENTE 2.8 MM / SOPORTA MICRO SD / H.265+ / MICRÓFONO INTERCONSTRUIDO',28,5,100.00,8,'15',2,'0000-00-00 00:00:00','0000-00-00 00:00:00'),(845,1,'DS-2CD2043G0-I','MINI BALA IP 4 MEGAPIXEL / 30 MTS IR EXIR / EXTERIOR IP67 / LENTE 2.8 MM / WDR / POE / MICRO SD',28,5,126.85,8,'15',2,'0000-00-00 00:00:00','0000-00-00 00:00:00'),(846,1,'DS-2CD2055FWD-I','MINI BALA IP 5 MEGAPIXEL / 30 MTS IR EXIR / WDR / IP67 / VÍDEO ANALÍTICOS / POE / LENTE 2.8 MM',28,5,245.00,8,'15',2,'0000-00-00 00:00:00','0000-00-00 00:00:00'),(847,1,'DS-2CD2063G0-I','MINI BALA IP 6 MEGAPIXEL / 30 MTS IR EXIR / EXTERIOR IP67 / LENTE 2.8 MM / WDR / POE / MICRO SD',28,5,152.65,8,'15',2,'0000-00-00 00:00:00','0000-00-00 00:00:00'),(848,1,'DS-2CD2085FWD-I','MINI BALA IP 8 MEGAPIXEL (4K) / 30 MTS IR EXIR / LENTE 2.8MM / WDR / IP67 / VÍDEO ANALÍTICOS / POE / MICROSD',28,5,229.11,8,'15',2,'0000-00-00 00:00:00','0000-00-00 00:00:00'),(849,1,'DS-2CD2083G0-I','MINI BALA IP 8 MEGAPIXEL / 30 MTS IR EXIR / EXTERIOR IP67 / LENTE 2.8 MM / WDR / POE / MICRO SD',28,5,179.99,8,'15',2,'0000-00-00 00:00:00','0000-00-00 00:00:00'),(850,1,'DS-2CD2D14WD','MINI CÁMARA IP PINHOLE 1 MEGAPIXEL / DWDR / LENTE 4 MM / IDEAL PARA OCULTARSE',28,5,107.00,8,'15',2,'0000-00-00 00:00:00','0000-00-00 00:00:00'),(851,1,'MG-67-112EZ','MINI CLIP AUTOMÁTICO ACCESORIO',16,4,1.58,8,'1',2,'0000-00-00 00:00:00','0000-00-00 00:00:00'),(852,1,'DS-2CV2U01FD-IW','MINI CUBO IP 1 MEGAPIXEL / 5 MTS IR / DWDR / MICROSD 128GB / HIK-CONNECT P2P / BOCINA Y MICRÓFONO INTERCONSTRUIDOS / INTERIOR / WIFI',28,5,59.00,8,'15',2,'0000-00-00 00:00:00','0000-00-00 00:00:00'),(853,1,'DS-2CD2123G0D-IW2','MINI DOMO IP 2 MEGAPIXEL / 30 MTS IR / EXTERIOR IP66 / DWDR / LENTE 2.8 MM / MICRÓFONO INTERCONSTRUIDO',28,5,108.00,8,'15',2,'0000-00-00 00:00:00','0000-00-00 00:00:00'),(854,1,'DS-2CD2123G0-IS','MINI DOMO IP 2 MEGAPIXEL / 30 MTS IR EXIR / EXTERIOR IP67 / IK10 / LENTE 2.8 MM / WDR / POE / ENTRADAS DE ALARMA / MICRO SD',28,5,129.00,8,'15',2,'0000-00-00 00:00:00','0000-00-00 00:00:00'),(855,1,'DS-2CD2523G0-IS','MINI DOMO IP 2 MEGAPIXEL / LENTE 2.8 MM / 10 MTS IR EXIR / MICROFONO INTERCONSTRUIDO / IP66 / IK08 / POE / ENTRADA Y SALIDA DE AUDIO Y ALARMA / H.265+',28,5,162.00,8,'15',2,'0000-00-00 00:00:00','0000-00-00 00:00:00'),(856,1,'DS-2CD2542FWD-IS/ZJ','MINI DOMO IP 4 MEGAPIXEL / H.264+ / WDR / HIK-CONNECT / IP67 / 10 MTS IR / POE / MICRÓFONO INTERCONSTRUIDO / ENTRADA-SALIDA DE AUDIO Y ALARMA / IK08',28,5,215.00,8,'15',2,'0000-00-00 00:00:00','0000-00-00 00:00:00'),(857,1,'DS-2CD2543G0-IS','MINI DOMO IP 4 MEGAPIXEL / LENTE 2.8 MM / 10 MTS IR EXIR / MICROFONO INTERCONSTRUIDO / IP66 / IK08 / POE / ENTRADA Y SALIDA DE AUDIO Y ALARMA / H.265+',28,5,171.00,8,'15',2,'0000-00-00 00:00:00','0000-00-00 00:00:00'),(858,1,'DS-2CD2555FWD-IS','MINI DOMO IP 5 MEGAPIXEL / 10 MTS IR EXIR / WDR / IP66 / IK08 / VÍDEO ANALÍTICOS / ENTRADA-SALIDA AUDIO Y ALARMA / POE / LENTE 2.8 MM / MICROSD',28,5,342.00,8,'15',2,'0000-00-00 00:00:00','0000-00-00 00:00:00'),(859,1,'DS-2DE4A215IW-DE','MINI DOMO IP PTZ 2 MEGAPIXEL / 15X ZOOM / 50 MTS IR INTELIGENTE / DWDR / POE+ / IP66 / 60 IPS',28,5,723.00,8,'15',2,'0000-00-00 00:00:00','0000-00-00 00:00:00'),(860,1,'DS-2DE4A220IW-DE','MINI DOMO IP PTZ 2 MEGAPIXEL / 20X ZOOM / 50 MTS IR INTELIGENTE / DWDR / POE+ / EXTERIOR IP66 / 60 IPS',28,5,849.00,8,'15',2,'0000-00-00 00:00:00','0000-00-00 00:00:00'),(861,1,'DS-2DE2204IW-DE3/W','MINI DOMO IP PTZ 2 MEGAPIXEL / 4X ZOOM / 20 MTS IR / DWDR / POE / 60 IPS / INTERIOR',28,5,159.00,8,'15',2,'0000-00-00 00:00:00','0000-00-00 00:00:00'),(862,1,'DS-2CV2Q01FD-IW','MINI DOMO PT IP 1 MEGAPIXEL / INTERIOR / 5 MTS IR / DWDR / MICROSD / BOCINA Y MICRÓFONO INTEGRADO / USO RESIDENCIAL / LENTE 2.8 MM',28,5,69.00,8,'15',2,'0000-00-00 00:00:00','0000-00-00 00:00:00'),(863,1,'TT-388DONGLE','MINI EXTENSOR INALÁMBRICO DONGLE A 50 METROS',31,5,197.50,8,'15',2,'0000-00-00 00:00:00','0000-00-00 00:00:00'),(864,1,'DS-2CD2935FWD-I','MINI FISHEYE 3 MEGAPIXEL / PANORÁMICA / 8 MTS IR / USO EN INTERIOR / POE / MÚLTIPLES VISTAS SOLO POR SOFTWARE IVMS4200',28,5,342.29,8,'15',2,'0000-00-00 00:00:00','0000-00-00 00:00:00'),(865,1,'DS-2CD2955FWD-I','MINI FISHEYE 5 MEGAPIXEL / PANORÁMICA / 180° / 8 MTS IR / USO EN INTERIOR / POE / MÚLTIPLES VISTAS',28,5,434.16,8,'15',2,'0000-00-00 00:00:00','0000-00-00 00:00:00'),(866,1,'DS-2CD2955FWD-IS','MINI FISHEYE 5 MEGAPIXEL / PANORÁMICA / 8 MTS IR / USO EN INTERIOR / POE / MÚLTIPLES VISTAS / ENTRADA Y SALIDA AUDIO Y ALARMA',28,5,427.71,8,'15',2,'0000-00-00 00:00:00','0000-00-00 00:00:00'),(867,1,'DS-2PT3122IZ-DE3','MINI PANOVU 2 MEGAPIXEL / 1 PTZ 4X ZOOM + 1 LENTE PANORÁMICO 130&ORDM; / H.265 / 10 MTS IR / USO EN INTERIOR / DWDR / SOPORTA MICROSD',28,5,419.00,8,'15',2,'0000-00-00 00:00:00','0000-00-00 00:00:00'),(868,1,'DS-2PT3326IZ-DE3','MINI PANOVU 2 MEGAPIXEL / 1 PTZ 4X ZOOM + 3 LENTES PANORÁMICOS 360º / H.265 / 10 MTS IR / USO EN INTERIOR / DWDR / SOPORTA MICROSD',28,5,595.70,8,'15',2,'0000-00-00 00:00:00','0000-00-00 00:00:00'),(869,1,'IPC-P100-D/W','MINI PT IP 1 MEGAPIXEL / 5 MTS IR / WIFI / COMPATIBLE CON HIK-CONNECT / USO RESIDENCIAL / AUDIO DE DOS VÍAS',28,5,63.00,8,'15',2,'0000-00-00 00:00:00','0000-00-00 00:00:00'),(870,1,'PTZ-N2404I-DE3','MINI PTZ IP 4 MEGAPIXEL / 4X ZOOM / H.265+ / 20 MTS IR EXIR / WDR / POE / IK10 / IP66 / ULTRA BAJA ILUMINACIÓN',28,5,185.00,8,'15',2,'0000-00-00 00:00:00','0000-00-00 00:00:00'),(871,1,'DS-2DY3220IW-DE4','MINI PUNTA DE POSTE IP PTZ 2 MEGAPIXEL / 20X ZOOM / DWDR / 3D-DNR / 150 MTS IR / 60 IPS / MICROSD / ROI / POE+ / IP66',28,5,895.00,8,'15',2,'0000-00-00 00:00:00','0000-00-00 00:00:00'),(872,1,'760109298','MÓDULO 360 DE 6 CONECTORES SC, COLOR AQUA, LAZRSPEED (50/125) IPATCH READY MM',18,4,34.90,8,'1',2,'0000-00-00 00:00:00','0000-00-00 00:00:00'),(873,1,'760109330','MODULO 360 G2 6 CONECTORES ST LAZRSPEED MM',18,4,0.00,8,'1',2,'0000-00-00 00:00:00','0000-00-00 00:00:00'),(874,1,'760109272','MODULO 360 PARA 12 LC TERASPEED AZUL IPATCH READY SM',18,4,44.40,8,'1',2,'0000-00-00 00:00:00','0000-00-00 00:00:00'),(875,1,'CMDBUSCBL','MODULO CON ACOPLADOR SC MM/SM, NEGRO SM/MM',19,4,0.00,8,'1',2,'0000-00-00 00:00:00','0000-00-00 00:00:00'),(876,1,'FOSMF','Módulo de empalme de fibra óptica que sostiene y protege hasta 24 empalmes de fusión SM/MM',19,4,21.90,8,'1',2,'0000-00-00 00:00:00','0000-00-00 00:00:00'),(877,1,'BMG7030W','MONITOR LCD 7 IDEAL PARA COLOCAR EN VEHÍCULOS O REALIZAR PRUEBAS DE CCTV',30,5,95.00,8,'15',2,'0000-00-00 00:00:00','0000-00-00 00:00:00'),(878,1,'DS-D5019QE-B','MONITOR PROFESIONAL LCD DE 18.5/ RESOLUCIÓN 1366 X 768P / ENTRADAS DE VÍDEO HDMI / VGA / COMPATIBLE CON VESA',28,5,189.00,8,'15',2,'0000-00-00 00:00:00','0000-00-00 00:00:00'),(879,1,'DS-2CD6812D','MONOVU IP 1.3 MEGAPIXEL / 2 CÁMARAS INDEPENDIENTES / IDEAL PARA ESQUINAS / WDR 120DB / INTERIOR / IDEAL PARA VENTANILLAS / ONVIF',28,5,199.00,8,'15',2,'0000-00-00 00:00:00','0000-00-00 00:00:00'),(880,1,'DS-1297ZJ','MONTAJE COLGANTE EXTENDIBLE DE 2 MTS',28,5,45.00,8,'15',2,'0000-00-00 00:00:00','0000-00-00 00:00:00'),(881,1,'DS-1203ZJ','MONTAJE COLGANTE PARA INTERIOR',28,5,9.00,8,'15',2,'0000-00-00 00:00:00','0000-00-00 00:00:00'),(882,1,'DS-1299ZJ','MONTAJE COLGANTE PARA INTERIOR / RECOMENDADO PARA CÁMARAS TIPO BOX / FABRICADA EN ALUMINIO',28,5,16.00,8,'15',2,'0000-00-00 00:00:00','0000-00-00 00:00:00'),(883,1,'EPS710ED2','MONTAJE DE ESCRITORIO ARTICULADO PARA 2 MONITORES DE 13 A 27, CARGA MÁXIMA 15KG, VESA 75X75/100X100.',30,5,79.00,8,'15',2,'0000-00-00 00:00:00','0000-00-00 00:00:00'),(884,1,'EPS710ED','MONTAJE DE ESCRITORIO ARTICULADO PARA MONITORES DE 13 A 27, CARGA MÁXIMA 15KG, VESA 75X75/100X100.',30,5,45.00,8,'15',2,'0000-00-00 00:00:00','0000-00-00 00:00:00'),(885,1,'DS1274ZJDM28','MONTAJE DE ESQUINA PARA CÁMARA PANORÁMICA TURBOHD',28,5,15.00,8,'15',2,'0000-00-00 00:00:00','0000-00-00 00:00:00'),(886,1,'DS-1476ZJ-SUS','MONTAJE DE ESQUINA PARA CÁMARAS IP DS-2CD27XX Y DS-2CD26XX',28,5,48.00,8,'15',2,'0000-00-00 00:00:00','0000-00-00 00:00:00'),(887,1,'DS-1602ZJ-CORNER','MONTAJE DE ESQUINA PARA DOMOS PTZ 30 Y 28',28,5,29.00,8,'15',2,'0000-00-00 00:00:00','0000-00-00 00:00:00'),(888,1,'DS-1690ZJ-X','MONTAJE DE PARED ANTICORROSION PARA DOMOS PTZ / SOPORTA NORMA ANTI-EXPLOSIÓN',28,5,405.00,8,'15',2,'0000-00-00 00:00:00','0000-00-00 00:00:00'),(889,1,'DS-1701ZJ','MONTAJE DE PARED ANTICORROSIVO PARA CÁMARAS BALA 28',28,5,139.00,8,'15',2,'0000-00-00 00:00:00','0000-00-00 00:00:00'),(890,1,'DS-1703-ZJ','MONTAJE DE PARED ANTICORROSIVO PARA CÁMARAS DOMO 28',28,5,355.00,8,'15',2,'0000-00-00 00:00:00','0000-00-00 00:00:00'),(891,1,'DS-1691ZJ-X','MONTAJE DE PARED ANTICORROSIVO PARA DOMOS PTZ / SOPORTA NORMA ANTIEXPLOSION',28,5,190.00,8,'15',2,'0000-00-00 00:00:00','0000-00-00 00:00:00'),(892,1,'DS-1713ZJ-Y','MONTAJE DE PARED ANTIEXPLOSION / ANTICORROSIVO / COMPATIBLE CON DS-2DY9236I-CWX(W/316L)',28,5,552.00,8,'15',2,'0000-00-00 00:00:00','0000-00-00 00:00:00'),(893,1,'EPS20EW','MONTAJE DE PARED ARTICULADO PARA MONITOR DE 13 A 37, CARGA MÁXIMA 30KG, VESA 200X200',30,5,29.85,8,'15',2,'0000-00-00 00:00:00','0000-00-00 00:00:00'),(894,1,'DS-1283ZJ','MONTAJE DE PARED CON CAJA DE CONEXIÓN PARA CAMARA FISHEYE DS2CD6',28,5,46.00,8,'15',2,'0000-00-00 00:00:00','0000-00-00 00:00:00'),(895,1,'DS-1273ZJ-130B','MONTAJE DE PARED CON CAJA DE CONEXIÓN RESISTENTE AL AGUA PARA CÁMARAS DOMO',28,5,45.00,8,'15',2,'0000-00-00 00:00:00','0000-00-00 00:00:00'),(896,1,'DS-1604ZJ-BOX-POLE','MONTAJE DE PARED CON CAJA DE CONEXIÓN Y MONTAJE EN POSTE PARA DOMOS PTZ',28,5,102.50,8,'15',2,'0000-00-00 00:00:00','0000-00-00 00:00:00'),(897,1,'DS-1273ZJ-135B','MONTAJE DE PARED CON CAJA DE CONEXIONES PARA DOMOS DS-2CD27X2-FI, LD1200V, HRD800V',28,5,49.00,8,'15',2,'0000-00-00 00:00:00','0000-00-00 00:00:00'),(898,1,'DS-1602ZJ-BOX','MONTAJE DE PARED CON CAJA DE CONEXIONES PARA DOMOS PTZ',28,5,112.00,8,'15',2,'0000-00-00 00:00:00','0000-00-00 00:00:00'),(899,1,'DS-1618ZJ','MONTAJE DE PARED DE BRAZO CORTO PARA DOMOS DE 4, 5 (PULGADAS)',28,5,25.00,8,'15',2,'0000-00-00 00:00:00','0000-00-00 00:00:00'),(900,1,'DS-1294ZJ','MONTAJE DE PARED DOMOS PTZ Y CÁMARAS FISHEYE',28,5,16.00,8,'15',2,'0000-00-00 00:00:00','0000-00-00 00:00:00'),(901,1,'DS-1704ZJ','MONTAJE DE PARED PARA CÁMARA BULLET ANTI-EXPLOSIÓN',28,5,65.00,8,'15',2,'0000-00-00 00:00:00','0000-00-00 00:00:00'),(902,1,'DS-1273ZJ-DM30-B','MONTAJE DE PARED PARA CÁMARA PANOVU',28,5,59.00,8,'15',2,'0000-00-00 00:00:00','0000-00-00 00:00:00'),(903,1,'DS-1693ZJ','MONTAJE DE PARED PARA CÁMARA PUNTA DE POSTE',28,5,155.25,8,'15',2,'0000-00-00 00:00:00','0000-00-00 00:00:00'),(904,1,'DS-1273ZJ-140','MONTAJE DE PARED PARA CAMARÁS DOMO DS-2CE56D5T-AVPIR3, DS-2CC51XX',28,5,20.00,8,'15',2,'0000-00-00 00:00:00','0000-00-00 00:00:00'),(905,1,'DS1292ZJ','MONTAJE DE PARED PARA CÁMARAS TIPO BOX (CAJA) PARA EXTERIOR',28,5,12.50,8,'15',2,'0000-00-00 00:00:00','0000-00-00 00:00:00'),(906,1,'DS1605ZJ','MONTAJE DE PARED PARA DOMO PTZ DE 4',28,5,30.00,8,'15',2,'0000-00-00 00:00:00','0000-00-00 00:00:00'),(907,1,'DS-1273ZJ-135','MONTAJE DE PARED PARA DOMOS DS-2CD27X2-FI, LD1200V, HRD800V',28,5,29.00,8,'15',2,'0000-00-00 00:00:00','0000-00-00 00:00:00'),(908,1,'DS-1273ZJ-130','MONTAJE DE PARED PARA DOMOS DS-2CE56H0T-VPIT3ZF / DS-2CD27X3 / DS-2CD27X5 / DS-2CD4332FWD-I / MATERIAL DE METAL / USO EN INTERIOR',28,5,17.00,8,'15',2,'0000-00-00 00:00:00','0000-00-00 00:00:00'),(909,1,'DS-1473ZJ-155','MONTAJE DE PARED PARA DOMOS 28 DS-2CD27X5FWD-IZS / DS-2CD27X3G0-IZS',28,5,32.00,8,'15',2,'0000-00-00 00:00:00','0000-00-00 00:00:00'),(910,1,'DS-1660ZJ-P','MONTAJE DE PARED PARA DOMOS PANOVU / COLOR PLATA',28,5,102.00,8,'15',2,'0000-00-00 00:00:00','0000-00-00 00:00:00'),(911,1,'DS-1604ZJ-P','MONTAJE DE PARED PARA DOMOS PANOVU / COLOR PLATA / USO EN EXTERIOR',28,5,54.00,8,'15',2,'0000-00-00 00:00:00','0000-00-00 00:00:00'),(912,1,'DS-1604ZJ-CORNER-P','MONTAJE DE PARED PARA DOMOS PANOVU CON MONTAJE DE ESQUINA / COLOR PLATA / USO EN EXTERIOR',28,5,78.75,8,'15',2,'0000-00-00 00:00:00','0000-00-00 00:00:00'),(913,1,'DS-1273ZJ-140-DM45','MONTAJE DE PARED PARA DOMOS TURBOHD 4K / USO EN EXTERIOR / FABRICADOS EN ALUMINIO',28,5,27.00,8,'15',2,'0000-00-00 00:00:00','0000-00-00 00:00:00'),(914,1,'DS-1273ZJ-130TRL','MONTAJE DE PARED PARA EXTERIOR COMPATIBLE CON CAMARA TIPO TORRE DS-2CD23XX',28,5,20.00,8,'15',2,'0000-00-00 00:00:00','0000-00-00 00:00:00'),(915,1,'DS-1273ZJ-160','MONTAJE DE PARED PARA EXTERIOR COMPATIBLE CON DOMO DS2CD4332FWD',28,5,22.00,8,'15',2,'0000-00-00 00:00:00','0000-00-00 00:00:00'),(916,1,'HR-D700VWM','MONTAJE DE PARED PARA EXTERIOR COMPATIBLE CON HRD700V, D8TURBOVE, LD1200V, DS2CD2732FI, DS2CD2712FI, DS2CD2732FIS, DS2CD2712FIS',30,5,7.00,8,'15',2,'0000-00-00 00:00:00','0000-00-00 00:00:00'),(917,1,'DS-1258ZJ','MONTAJE DE PARED PARA INTERIOR',28,5,15.00,8,'15',2,'0000-00-00 00:00:00','0000-00-00 00:00:00'),(918,1,'DS-1271ZJ-PT10','MONTAJE DE PARED PARA INTERIOR / COMPATIBLE CON DS-2PT3122IZ-DE3 / DS-2PT3326IZ-DE3',28,5,37.50,8,'15',2,'0000-00-00 00:00:00','0000-00-00 00:00:00'),(919,1,'DS-1294ZJ-PT','MONTAJE DE PARED PARA INTERIOR / EXTERIOR / COMPATIBLE CON DS-2DE2A204IW-DE3',28,5,10.00,8,'15',2,'0000-00-00 00:00:00','0000-00-00 00:00:00'),(920,1,'DS-1602ZJ','MONTAJE DE PARED PARA INTERIOR O EXTERIOR COMPATIBLE CON DOMOS PTZ 28',28,5,25.00,8,'15',2,'0000-00-00 00:00:00','0000-00-00 00:00:00'),(921,1,'DS-1246ZJ','MONTAJE DE PARED PARA MINI DOMO DS-2CD25XX',28,5,59.00,8,'15',2,'0000-00-00 00:00:00','0000-00-00 00:00:00'),(922,1,'DS-1273ZJ-DM25','MONTAJE DE PARED PARA MODELOS DS-63X2FXX',28,5,34.00,8,'15',2,'0000-00-00 00:00:00','0000-00-00 00:00:00'),(923,1,'EPS710FW','MONTAJE DE PARED PARA MONITORES DE 13 A 27 SOPORTA HASTA 15KG, VESA 75X75/100X100.',30,5,14.00,8,'15',2,'0000-00-00 00:00:00','0000-00-00 00:00:00'),(924,1,'DS-1697ZJ','MONTAJE DE PARED PARA PTZ ANTICORROSIVO',28,5,189.00,8,'15',2,'0000-00-00 00:00:00','0000-00-00 00:00:00'),(925,1,'EPB64EW','MONTAJE DE PARED UNIVERSAL ARTICULADO PARA MONITORES DE 32 A 55, CARGA MÁXIMA 50KG, VESA 600X400',30,5,68.46,8,'15',2,'0000-00-00 00:00:00','0000-00-00 00:00:00'),(926,1,'EPB64FW','MONTAJE DE PARED UNIVERSAL FIJO PARA MONITORES DE 32 A 60, SOPORTA HASTA 50KG, VESA 600X400.',30,5,24.77,8,'15',2,'0000-00-00 00:00:00','0000-00-00 00:00:00'),(927,1,'DS1227ZJ','MONTAJE DE PLAFÓN PARA CÁMARA DOMO',28,5,25.00,8,'15',2,'0000-00-00 00:00:00','0000-00-00 00:00:00'),(928,1,'DS-1241ZJ','MONTAJE DE PLAFÓN PARA CÁMARAS DOMO TURBOHD 30 / 28',28,5,13.00,8,'15',2,'0000-00-00 00:00:00','0000-00-00 00:00:00'),(929,1,'DS-1671ZJ-SDM9','MONTAJE DE PLAFON PARA PTZ CON IR / COMPATIBLE CON TODOS LOS PTZ DE 4 PULGADAS / 30 Y 28',28,5,24.75,8,'15',2,'0000-00-00 00:00:00','0000-00-00 00:00:00'),(930,1,'DS-1602ZJ-POLE','MONTAJE DE POSTE PARA DOMO PTZ 28',28,5,75.00,8,'15',2,'0000-00-00 00:00:00','0000-00-00 00:00:00'),(931,1,'DS-1275ZJ','MONTAJE DE POSTE PARA DOMOS PTZ 30 / 28',28,5,45.00,8,'15',2,'0000-00-00 00:00:00','0000-00-00 00:00:00'),(932,1,'DS-1234ZJ','MONTAJE DE TECHO  PARA MINI DOMO DS-2CD71XX-E',28,5,1.00,8,'15',2,'0000-00-00 00:00:00','0000-00-00 00:00:00'),(933,1,'DS-1236ZJ','MONTAJE DE TECHO CON TUBO PARA MINI DOMO DS-2CD25XX',28,5,29.00,8,'15',2,'0000-00-00 00:00:00','0000-00-00 00:00:00'),(934,1,'DS-1281ZJ-DM45','MONTAJE DE TECHO INCLINADO PARA DOMOS TURBOHD 4K / USO EN EXTERIOR / FABRICADOS EN ALUMINIO',28,5,11.25,8,'15',2,'0000-00-00 00:00:00','0000-00-00 00:00:00'),(935,1,'DS-1271ZJ-DM30','MONTAJE DE TECHO PARA CÁMARA PANOVU',28,5,69.00,8,'15',2,'0000-00-00 00:00:00','0000-00-00 00:00:00'),(936,1,'M-360-CM','MONTAJE DE TECHO PARA CAMARA PTZ M360IR',30,5,1.00,8,'15',2,'0000-00-00 00:00:00','0000-00-00 00:00:00'),(937,1,'DS1271ZJ110','MONTAJE DE TECHO PARA CÁMARAS DOMO DS-2CD212XX DE 50 CMS DE LARGO',28,5,39.00,8,'15',2,'0000-00-00 00:00:00','0000-00-00 00:00:00'),(938,1,'DS-1271ZJ-140-DM45','MONTAJE DE TECHO PARA DOMO TURBOHD 4K / 50 CMS DE LONGITUD / FABRICADO EN ALUMINIO',28,5,42.75,8,'15',2,'0000-00-00 00:00:00','0000-00-00 00:00:00'),(939,1,'DS-1471ZJ-155','MONTAJE DE TECHO PARA DOMOS 28 DS-2CD27X5FWD-IZS',28,5,46.00,8,'15',2,'0000-00-00 00:00:00','0000-00-00 00:00:00'),(940,1,'DS-1271ZJ-135','MONTAJE DE TECHO PARA DOMOS 28 DS-2CD27XX',28,5,45.00,8,'15',2,'0000-00-00 00:00:00','0000-00-00 00:00:00'),(941,1,'XM-66G','MONTAJE DE TECHO PARA DOMOS IP VARIFOCALES DS2CD27X3G0, XD22ZH, XD24ZH',30,5,51.00,8,'15',2,'0000-00-00 00:00:00','0000-00-00 00:00:00'),(942,1,'DS-1662ZJ-P','MONTAJE DE TECHO PARA DOMOS PANOVU / COLOR PLATA / 50 CMS DE LONGITUD',28,5,32.62,8,'15',2,'0000-00-00 00:00:00','0000-00-00 00:00:00'),(943,1,'DS-1294ZJ-TRL','MONTAJE DE TECHO PARA INTERIOR / COMPATIBLE CON DS-2PT3326IZ-DE3 Y DS-2PT3122IZ-DE3',28,5,9.75,8,'15',2,'0000-00-00 00:00:00','0000-00-00 00:00:00'),(944,1,'DS-1696ZJ','MONTAJE DE TECHO PARA PTZ ANTICORROSIVO',28,5,179.00,8,'15',2,'0000-00-00 00:00:00','0000-00-00 00:00:00'),(945,1,'DS-1663ZJ','MONTAJE DE TECHO SIN TUBO DE EXTENSIÓN PARA DOMOS PTZ TURBOHD Y PTZ IP',28,5,11.00,8,'15',2,'0000-00-00 00:00:00','0000-00-00 00:00:00'),(946,1,'DS-1662ZJ','MONTAJE DE TECHO TIPO TUBO DE (50CM) DE LARGO',28,5,59.00,8,'15',2,'0000-00-00 00:00:00','0000-00-00 00:00:00'),(947,1,'DS-1661ZJ','MONTAJE DE TECHO TIPO TUBO DE 20 CM DE LARGO PARA DOMOS PTZ 30 Y 28',28,5,22.00,8,'15',2,'0000-00-00 00:00:00','0000-00-00 00:00:00'),(948,1,'EPB40FP','MONTAJE DE TECHO UNIVERSAL PARA MONITORES DE 23 A 47, CARGA MAXIMA 40KG, VESA 400X400.',30,5,69.00,8,'15',2,'0000-00-00 00:00:00','0000-00-00 00:00:00'),(949,1,'DS-1281ZJ-DM27','MONTAJE INCLINADO P/TECHO',28,5,10.00,8,'15',2,'0000-00-00 00:00:00','0000-00-00 00:00:00'),(950,1,'DS-1259ZJ','MONTAJE INCLINADO PARA INSTALACIONES EN TECHO',28,5,15.00,8,'15',2,'0000-00-00 00:00:00','0000-00-00 00:00:00'),(951,1,'DS-1281ZJ-M','MONTAJE INCLINADO PARA TECHO',28,5,23.00,8,'15',2,'0000-00-00 00:00:00','0000-00-00 00:00:00'),(952,1,'DS-1272ZJ-110','MONTAJE METÁLICO DE PARED PARA EXTERIOR COMPATIBLE CON DOMO DS-2CD21XX',28,5,19.00,8,'15',2,'0000-00-00 00:00:00','0000-00-00 00:00:00'),(953,1,'DS-1217ZJ','MONTAJE PARA PARED INTERIOR/EXTERIOR',28,5,25.00,8,'15',2,'0000-00-00 00:00:00','0000-00-00 00:00:00'),(954,1,'DS-1671ZJ','MONTAJE PARA PLAFÓN PARA DOMOS TURBOHD 30 Y 28',28,5,9.00,8,'15',2,'0000-00-00 00:00:00','0000-00-00 00:00:00'),(955,1,'DS-1475ZJ-SUS','MONTAJE PARA POSTE DE CÁMARAS DOMO / BALA DS-2CD27XX / DS-2CD26XX',28,5,48.00,8,'15',2,'0000-00-00 00:00:00','0000-00-00 00:00:00'),(956,1,'DS-1281ZJ-DM25','MONTAJE PARA TECHO INCLINADO PARA MODELOS DS-63X2FXX',28,5,15.00,8,'15',2,'0000-00-00 00:00:00','0000-00-00 00:00:00'),(957,1,'DS-1660ZJ','MONTAJE PARAPETO SOBRE PARED',28,5,69.00,8,'15',2,'0000-00-00 00:00:00','0000-00-00 00:00:00'),(958,1,'106622251','MONTAJE TIPO FLUSH PARA 2 SALIDAS BLANCO',18,4,2.07,8,'1',2,'0000-00-00 00:00:00','0000-00-00 00:00:00'),(959,1,'DS-1619ZJ','MONTAJE TIPO GANZO P/PTZ',28,5,89.00,8,'15',2,'0000-00-00 00:00:00','0000-00-00 00:00:00'),(960,1,'SYS-PM-01V2','MONTAJE UNIVERSAL DE ACERO PARA INSTALACIÓN DE CÁMARAS EN POSTE',29,5,29.00,8,'15',2,'0000-00-00 00:00:00','0000-00-00 00:00:00'),(961,1,'CANA-0066','MORDAZA ACERO 1/4\" CANALIZACION',17,4,0.89,8,'4',2,'0000-00-00 00:00:00','0000-00-00 00:00:00'),(962,1,'CANA-0067','MORDAZA ACERO 3/8\" CANALIZACION',17,4,0.94,8,'4',2,'0000-00-00 00:00:00','0000-00-00 00:00:00'),(963,1,'MOUSE-HK','MOUSE ORIGINAL USB PARA DVR / NVR / COMPATIBLE CON TODAS LAS MARCAS DEL MERCADO / SAMSUNG / ACTI / 28 / 30 / IDIS',28,5,4.00,8,'15',2,'0000-00-00 00:00:00','0000-00-00 00:00:00'),(964,1,'NBRK0250','NETBOTZ MONITOR 250, 120v, APLICACIÓN PARA INSTALACION EN RACK, INCLUYE SENSOR DE TEMPERATURA Y HUMEDAD MONITOREO AMBIENTAL',24,4,465.85,8,'1',2,'0000-00-00 00:00:00','0000-00-00 00:00:00'),(965,1,'NBWL0356','NETBOTZ ROOM MONITOR 355 CON POE INJECTOR, APLICACIÓN  PARA ZONA, INCLUYE CAMARA Y SENSORES INTEGRADOS (TEMPERATURA, HUMEDAD, CIRCULACION DE AIRE, PUNTO DE CONDENSACION, MOVIMIENTO) MONITOREO',24,4,1426.36,8,'1',2,'0000-00-00 00:00:00','0000-00-00 00:00:00'),(966,1,'760109470','Nuevo! MÓDULO 360 G2 12 CONECTORES LC LAZRSPEED AQUA CON PIGTAILS IPATCH READY MM',18,4,265.35,8,'1',2,'0000-00-00 00:00:00','0000-00-00 00:00:00'),(967,1,'760109256','Nuevo! MÓDULO 360 G2 12 CONECTORES LC LAZRSPEED AQUA IPATCH READY MM',18,4,40.28,8,'1',2,'0000-00-00 00:00:00','0000-00-00 00:00:00'),(968,1,'760109462','Nuevo! MÓDULO CIEGO PARA CHAROLA 360 600G2 (4 PIEZAS POR PQ) SM/MM',18,4,5.87,8,'1',2,'0000-00-00 00:00:00','0000-00-00 00:00:00'),(969,1,'DS-96128NI-I16','NVR 12 MEGAPIXEL (4K) / 128 CANALES IP / 16 BAHIAS DE DISCO DURO / 4 PUERTOS DE RED / SOPORTA RAID CON HOT SWAP / NVR DE ALTO DESEMPEÑO',28,5,4447.13,8,'15',2,'0000-00-00 00:00:00','0000-00-00 00:00:00'),(970,1,'DS-96128NI-I24','NVR 12 MEGAPIXEL (4K) / 128 CANALES IP / 24 BAHÍAS DE DISCO DURO / 4 PUERTOS DE RED / SOPORTA RAID CON HOT SWAP / NVR DE ALTO DESEMPEÑO',28,5,6280.25,8,'15',2,'0000-00-00 00:00:00','0000-00-00 00:00:00'),(971,1,'DS-7616NI-I2/16P','NVR 12 MEGAPIXEL (4K) / 16 CANALES / H.265+ / HIK-CONNECT / SWITCH POE 300 MTS / 2 HDD / HDMI EN 4K / SOPORTA POS',28,5,499.40,8,'15',2,'0000-00-00 00:00:00','0000-00-00 00:00:00'),(972,1,'DS-7716NI-I4/16P','NVR 12 MEGAPIXEL (4K) / 16 CANALES IP / 16 PUERTOS POE+ / 4 BAHÍAS DE DISCO DURO / SWITCH POE 300 MTS / HDMI EN 4K / SOPORTA POS',28,5,818.57,8,'15',2,'0000-00-00 00:00:00','0000-00-00 00:00:00'),(973,1,'DS-96256NI-I16','NVR 12 MEGAPIXEL (4K) / 256 CANALES IP / 16 BAHÍAS DE DISCO DURO / 4 PUERTOS DE RED / SOPORTA RAID CON HOT SWAP / NVR DE ALTO DESEMPEÑO',28,5,6210.90,8,'15',2,'0000-00-00 00:00:00','0000-00-00 00:00:00'),(974,1,'DS-96256NI-I24','NVR 12 MEGAPIXEL (4K) / 256 CANALES IP / 24 BAHÍAS DE DISCO DURO / 4 PUERTOS DE RED / SOPORTA RAID CON HOT SWAP / NVR',28,5,8677.17,8,'15',2,'0000-00-00 00:00:00','0000-00-00 00:00:00'),(975,1,'DS-9632NI-I16','NVR 12 MEGAPIXEL (4K) / 32 CANALES IP / 16 BAHÍAS DE DISCO DURO / 2 TARJETAS DE RED / SOPORTA RAID CON HOT SWAP / HDMI EN 4K / SOPORTA POS',28,5,2035.13,8,'15',2,'0000-00-00 00:00:00','0000-00-00 00:00:00'),(976,1,'DS-7732NI-I4/16P','NVR 12 MEGAPIXEL (4K) / 32 CANALES IP / 16 PUERTOS POE+ / SWITCH POE 300 MTS / HDMI EN 4K / SOPORTA POS',28,5,828.37,8,'15',2,'0000-00-00 00:00:00','0000-00-00 00:00:00'),(977,1,'DS-7732NI-I4/24P','NVR 12 MEGAPIXEL (4K) / 32 CANALES IP / 24 PUERTOS POE+ / SWITCH POE 300 MTS / HDMI EN 4K / SOPORTA POS',28,5,1328.00,8,'15',2,'0000-00-00 00:00:00','0000-00-00 00:00:00'),(978,1,'DS-9632NI-I8','NVR 12 MEGAPIXEL (4K) / 32 CANALES IP / 8 BAHÍAS DE DISCO DURO / 2 TARJETAS DE RED / SOPORTA RAID CON HOT SWAP / HDMI EN 4K / SOPORTA POS',28,5,1517.31,8,'15',2,'0000-00-00 00:00:00','0000-00-00 00:00:00'),(979,1,'DS-9664NI-I16','NVR 12 MEGAPIXEL (4K) / 64 CANALES IP / 16 BAHÍAS DE DISCO DURO / 2 TARJETAS DE RED / SOPORTA RAID CON HOT SWAP / HDMI EN 4K / SOPORTA POS',28,5,3220.02,8,'15',2,'0000-00-00 00:00:00','0000-00-00 00:00:00'),(980,1,'DS-9664NI-I8','NVR 12 MEGAPIXEL (4K) / 64 CANALES IP / 8 BAHÍAS DE DISCO DURO / 2 PUERTOS DE RED / SOPORTA RAID CON HOT SWAP / HDMI EN 4K / SOPORTA POS',28,5,2035.13,8,'15',2,'0000-00-00 00:00:00','0000-00-00 00:00:00'),(981,1,'DS-7608NI-I2/8P','NVR 12 MEGAPIXEL (4K) / 8 CANALES IP / 8 PUERTOS POE+ / 2 BAHÍAS DE DISCO DURO / SWITCH POE 300 MTS / HDMI EN 4K / SOPORTA POS',28,5,458.28,8,'15',2,'0000-00-00 00:00:00','0000-00-00 00:00:00'),(982,1,'DS-7716NI-SP','NVR 16 CANALES IP 4MP / 16 PUERTOS HPOE DE 30W / AUDIO BIDIRECCIONAL / HDMI /  H264+ / 4 HDD´S INTERNOS',28,5,239.00,8,'15',2,'0000-00-00 00:00:00','0000-00-00 00:00:00'),(983,1,'IDS-6704NXI-I/4F','NVR 4 CANALES CON RECONOCIMIENTO FACIAL / BASES DE DATOS / HASTA 100,000 FOTOGRAFÍAS / INCLUYE 1 SSD DE 1 TB',28,5,4067.98,8,'15',2,'0000-00-00 00:00:00','0000-00-00 00:00:00'),(984,1,'DS-9664NI-XT','NVR 4 MEGAPIXEL / 64 CANALES IP / 16 BAHÍAS DE DISCO DURO / SOPORTA RAID / H264+ / IDEAL PARA PROYECTOS GRANDES',28,5,1199.00,8,'15',2,'0000-00-00 00:00:00','0000-00-00 00:00:00'),(985,1,'DS-7616NI-E2/8P','NVR 5 MEGAPIXEL / 16 CANALES IP / 8 PUERTOS POE+ / 2 BAHÍAS DE DISCO DURO / H.264+',28,5,222.52,8,'15',2,'0000-00-00 00:00:00','0000-00-00 00:00:00'),(986,1,'DS-7604NI-K1/W','NVR 5 MEGAPIXEL / 4 CANALES IP / 1 BAHÍA DE DISCO DURO / 2 ANTENAS WIFI / SALIDA DE VÍDEO FULL HD',28,5,151.25,8,'15',2,'0000-00-00 00:00:00','0000-00-00 00:00:00'),(987,1,'DS-7608NI-K1/W','NVR 5 MEGAPIXEL / 8 CANALES IP / 1 BAHÍA DE DISCO DURO / 2 ANTENAS WIFI / SALIDA DE VÍDEO FULL HD',28,5,167.06,8,'15',2,'0000-00-00 00:00:00','0000-00-00 00:00:00'),(988,1,'DS-7608NI-E2/8P','NVR 5 MEGAPIXEL / 8 CANALES IP / 8 PUERTOS POE+ / 2 BAHÍAS DE DISCO DURO / H.264+',28,5,207.35,8,'15',2,'0000-00-00 00:00:00','0000-00-00 00:00:00'),(989,1,'DS-7616NI-K2/16P','NVR 8 MEGAPIXEL (4K) / 16 CANALES IP / 16 PUERTOS POE+ / 2 BAHÍAS DE DISCO DURO / SWITCH POE 300 MTS / HDMI EN 4K',28,5,354.43,8,'15',2,'0000-00-00 00:00:00','0000-00-00 00:00:00'),(990,1,'DS-7716NI-K4/16P','NVR 8 MEGAPIXEL (4K) / 16 CANALES IP /16 PUERTOS POE+ / 4 BAHÍAS DE DISCO DURO / SWITCH POE 300 MTS / HDMI EN 4K',28,5,540.50,8,'15',2,'0000-00-00 00:00:00','0000-00-00 00:00:00'),(991,1,'DS-7732NI-K4/16P','NVR 8 MEGAPIXEL (4K) / 32 CANALES IP / 16 PUERTOS POE+ / 4 BAHÍAS DE DISCO DURO / SWITCH POE 300 MTS / HDMI EN 4K',28,5,641.70,8,'15',2,'0000-00-00 00:00:00','0000-00-00 00:00:00'),(992,1,'DS-7604NI-K1/4P','NVR 8 MEGAPIXEL (4K) / 4 CANALES IP / 1 BAHIA DE DISCO DURO / 4 PUERTOS POE+ / SALIDA DE VÍDEO 4K',28,5,155.77,8,'15',2,'0000-00-00 00:00:00','0000-00-00 00:00:00'),(993,1,'DS-7608NI-K2/8P','NVR 8 MEGAPIXEL (4K) / 8 CANALES IP / 8 PUERTOS POE+ / 2 BAHÍAS DE DISCO DURO / SWITCH POE 300 MTS / HDMI EN 4K',28,5,259.61,8,'15',2,'0000-00-00 00:00:00','0000-00-00 00:00:00'),(994,1,'DS-7116NI-SN/P','NVR SLIM 2 MEGAPIXEL / 16 CANALES IP / 8 PUERTOS POE / 1 BAHÍA DE DISCO DURO / USO RESIDENCIAL',28,5,180.60,8,'15',2,'0000-00-00 00:00:00','0000-00-00 00:00:00'),(995,1,'DS-7104NI-SN/P','NVR SLIM 2 MEGAPIXEL / 4 CANALES IP / 4 PUERTOS POE / 1 BAHÍA DE DISCO DURO / USO RESIDENCIAL',28,5,129.00,8,'15',2,'0000-00-00 00:00:00','0000-00-00 00:00:00'),(996,1,'DS-7108NI-SN/P','NVR SLIM 2 MEGAPIXEL / 8 CANALES IP / 8 PUERTOS POE / 1 BAHÍA DE DISCO DURO / USO RESIDENCIAL',28,5,159.00,8,'15',2,'0000-00-00 00:00:00','0000-00-00 00:00:00'),(997,1,'DS-EAR-RACK','OREJAS PARA ENSAMBLE EN RACK / COMPATIBLE CON DVR`S 30 / 28 / 2 UNIDADES EN RACK',30,5,3.00,8,'15',2,'0000-00-00 00:00:00','0000-00-00 00:00:00'),(998,1,'39112-C11','ORGANIZADOR DE CABLE VERTICAL CON DEDOS PARA GABINETE GLOBALFRAME GEN 2 DE 27.6\" (700 mm) W X 42U H,  NEGRO',23,4,246.26,8,'1',2,'0000-00-00 00:00:00','0000-00-00 00:00:00'),(999,1,'39112-C22','ORGANIZADOR DE CABLE VERTICAL CON DEDOS PARA GABINETE GLOBALFRAME GEN 2 DE 31.5\" (800 mm) W X 42U H,  NEGRO',23,4,269.36,8,'1',2,'0000-00-00 00:00:00','0000-00-00 00:00:00'),(1000,1,'39124-C00','ORGANIZADOR DE CABLE VERTICAL PARA GABINETE F-SERIES SERVER 42U H,  NEGRO',23,4,49.18,8,'1',2,'0000-00-00 00:00:00','0000-00-00 00:00:00'),(1001,1,'25110-700','ORGANIZADOR DE CABLE VERTICAL PARA GABINETE GLOBALFRAME GEN 1 , 600 mm WIDE X 42U H igH , , 0.67\'\' (17.018 mm) W x 6.4\'\' (162.56 mm) D x 73.46\'\' (1865.884 mm) H  NEGRO',23,4,101.64,8,'1',2,'0000-00-00 00:00:00','0000-00-00 00:00:00'),(1002,1,'39120-C00','ORGANIZADOR DE CABLE VERTICAL PARA GABINETE GLOBALFRAME GEN 2 DE 600 mm W X 42U H,  NEGRO',23,4,140.28,8,'1',2,'0000-00-00 00:00:00','0000-00-00 00:00:00'),(1003,1,'39112-C25','ORGANIZADOR DE CABLES PARA GABINETE TERA FRAME NEGRO',23,4,238.57,8,'1',2,'0000-00-00 00:00:00','0000-00-00 00:00:00'),(1004,1,'9512-1902','ORGANIZADOR HORIZONTAL DOBLE 2 RMU NEGRO',20,4,28.21,8,'1',2,'0000-00-00 00:00:00','0000-00-00 00:00:00'),(1005,1,'1375257-1','ORGANIZADOR VERTICAL DOBLE 78\" ALTO NEGRO',21,4,147.79,8,'1',2,'0000-00-00 00:00:00','0000-00-00 00:00:00'),(1006,1,'BHVHH10','ORGANIZADOR VERTICAL DOBLE 84\" ALTO POR 10\" ANCHO NEGRO',20,4,581.06,8,'1',2,'0000-00-00 00:00:00','0000-00-00 00:00:00'),(1007,1,'BHVHH12','ORGANIZADOR VERTICAL DOBLE 84\" ALTO POR 12\" ANCHO NEGRO',20,4,618.61,8,'1',2,'0000-00-00 00:00:00','0000-00-00 00:00:00'),(1008,1,'BHVHH06','ORGANIZADOR VERTICAL DOBLE 84\" ALTO POR 6\" ANCHO NEGRO',20,4,538.36,8,'1',2,'0000-00-00 00:00:00','0000-00-00 00:00:00'),(1009,1,'VCMFDR4X4','ORGANIZADOR VERTICAL SENCILLO 84\" ALTO NEGRO',20,4,83.83,8,'1',2,'0000-00-00 00:00:00','0000-00-00 00:00:00'),(1010,1,'DPA246X88TGY','PANEL 24 PUERTOS 2UR CAT 6A ANGULADO ARMADO',19,4,0.00,8,'1',2,'0000-00-00 00:00:00','0000-00-00 00:00:00'),(1011,1,'760187203','PANEL 24 PUERTOS 2UR CAT 6A ANGULADO MODULAR',18,4,0.00,8,'1',2,'0000-00-00 00:00:00','0000-00-00 00:00:00'),(1012,1,'108356312','PANEL 24 PUERTOS CAT 6 FLEXIMAX (ALTA DENSIDAD) MODULAR',18,4,43.73,8,'1',2,'0000-00-00 00:00:00','0000-00-00 00:00:00'),(1013,1,'AX103248','PANEL 24 PUERTOS CAT 6 KEYCONNECT ANGULADO MODULAR',20,4,43.97,8,'1',2,'0000-00-00 00:00:00','0000-00-00 00:00:00'),(1014,1,'AX103114','PANEL 24 PUERTOS CAT 6 KEYCONNECT MODULAR',20,4,26.23,8,'1',2,'0000-00-00 00:00:00','0000-00-00 00:00:00'),(1015,1,'AX101456','PANEL 24 PUERTOS CAT 6 MDVO MODULAR',20,4,20.64,8,'1',2,'0000-00-00 00:00:00','0000-00-00 00:00:00'),(1016,1,'760201145','PANEL 24 PUERTOS CAT 6A IPATCH ARMADO',18,4,409.90,8,'1',2,'0000-00-00 00:00:00','0000-00-00 00:00:00'),(1017,1,'760202572','PANEL 48 PUERTOS 2UR CAT 6A ANGULADO ARMADO',18,4,0.00,8,'1',2,'0000-00-00 00:00:00','0000-00-00 00:00:00'),(1018,1,'760151779','PANEL 48 PUERTOS 2UR CAT 6A ANGULADO MODULAR',18,4,848.00,8,'1',2,'0000-00-00 00:00:00','0000-00-00 00:00:00'),(1019,1,'760202549','PANEL 48 PUERTOS CAT 6 IPATCH ANGULADO ARMADO',18,4,0.00,8,'1',2,'0000-00-00 00:00:00','0000-00-00 00:00:00'),(1020,1,'AX103115','PANEL 48 PUERTOS CAT 6 KEYCONNECT MODULAR',20,4,43.13,8,'1',2,'0000-00-00 00:00:00','0000-00-00 00:00:00'),(1021,1,'FAPB','PANEL FAP Opticom™ CIEGO PARA CHAROLAS DE FIBRA SM/MM',19,4,3.37,8,'1',2,'0000-00-00 00:00:00','0000-00-00 00:00:00'),(1022,1,'FAP12WBUDLCZ','PANEL FAP Opticom™ PRECARGADO CON 12 ACOPLADORES DUPLEX LC MONOMODO (OS1/OS2) SM',19,4,151.60,8,'1',2,'0000-00-00 00:00:00','0000-00-00 00:00:00'),(1023,1,'FAP12WBLDLC','PANEL FAP Opticom™ PRECARGADO CON 12 ACOPLADORES DUPLEX LC MULTIMODO (OM2) MM',19,4,122.11,8,'1',2,'0000-00-00 00:00:00','0000-00-00 00:00:00'),(1024,1,'FAP12WAQDLCZ','PANEL FAP Opticom™ PRECARGADO CON 12 ACOPLADORES DUPLEX LC MULTIMODO (OM3/OM4) MM',19,4,151.60,8,'1',2,'0000-00-00 00:00:00','0000-00-00 00:00:00'),(1025,1,'FAP3WBLDSC','PANEL FAP Opticom™ PRECARGADO CON 3 ACOPLADORES DUPLEX SC MULTIMODO (OM2) MM',19,4,33.95,8,'1',2,'0000-00-00 00:00:00','0000-00-00 00:00:00'),(1026,1,'FAP3WAQDSCZ','PANEL FAP Opticom™ PRECARGADO CON 3 ACOPLADORES DUPLEX SC MULTIMODO (OM3/OM4) DE ZIRCONIA MM',19,4,0.00,8,'1',2,'0000-00-00 00:00:00','0000-00-00 00:00:00'),(1027,1,'FAP6WBUDLCZ','PANEL FAP Opticom™ PRECARGADO CON 6 ACOPLADORES DUPLEX LC MONOMODO (OS1/OS2) SM',19,4,77.64,8,'1',2,'0000-00-00 00:00:00','0000-00-00 00:00:00'),(1028,1,'FAP6WBLDLC','PANEL FAP Opticom™ PRECARGADO CON 6 ACOPLADORES DUPLEX LC MULTIMODO (OM2) MM',19,4,151.60,8,'1',2,'0000-00-00 00:00:00','0000-00-00 00:00:00'),(1029,1,'FAP6WAQDLCZ','PANEL FAP Opticom™ PRECARGADO CON 6 ACOPLADORES DUPLEX LC MULTIMODO (OM3/OM4) DE ZIRCONIA MM',19,4,70.58,8,'1',2,'0000-00-00 00:00:00','0000-00-00 00:00:00'),(1030,1,'FAP6WAQDLC','PANEL FAP Opticom™ PRECARGADO CON 6 ACOPLADORES DUPLEX LC MULTIMODO (OM3/OM4) MM',19,4,59.27,8,'1',2,'0000-00-00 00:00:00','0000-00-00 00:00:00'),(1031,1,'FAP6WBUDSCZ','PANEL FAP Opticom™ PRECARGADO CON 6 ACOPLADORES DUPLEX SC MONOMODO (OS1/OS2) SM',19,4,72.45,8,'1',2,'0000-00-00 00:00:00','0000-00-00 00:00:00'),(1032,1,'FAP6WBLDSC','PANEL FAP Opticom™ PRECARGADO CON 6 ACOPLADORES DUPLEX SC MULTIMODO (OM2) MM',19,4,61.27,8,'1',2,'0000-00-00 00:00:00','0000-00-00 00:00:00'),(1033,1,'FAP6WAQDSCZ','PANEL FAP Opticom™ PRECARGADO CON 6 ACOPLADORES DUPLEX SC MULTIMODO (OM3/OM4) DE ZIRCONIA MM',19,4,104.19,8,'1',2,'0000-00-00 00:00:00','0000-00-00 00:00:00'),(1034,1,'FAP6WST','PANEL FAP Opticom™ PRECARGADO CON 6 ACOPLADORES SIMPLEX ST MULTIMODO MM',19,4,30.37,8,'1',2,'0000-00-00 00:00:00','0000-00-00 00:00:00'),(1035,1,'CFAPPBL1','PANEL PARA CHAROLA SE ACOPLA A FMT1 ACEPTA 4 MODULOS FAP O FMP SM/MM',19,4,18.68,8,'1',2,'0000-00-00 00:00:00','0000-00-00 00:00:00'),(1036,1,'34537-001','PÁNELES CIEGOS DE PRESIÓN COLOR , 1U, PAQUETE DE 6 PIEZAS NEGRO',23,4,47.06,8,'1',2,'0000-00-00 00:00:00','0000-00-00 00:00:00'),(1037,1,'IDS-2PT9122IX-DE/S','PANOVU SERIES / PTZ 2 MP 5-50 MM / CÁMARA DE CAPTURA DE OBJETIVO 2 MP / H.265+ / 100 METROS IR / IP66 / HI-POE',28,5,3884.00,8,'15',2,'0000-00-00 00:00:00','0000-00-00 00:00:00'),(1038,1,'DS-2DP0818ZIX-D/236','PANOVU SERIES / VISTA PANORÁMICA 180 CON 4 LENTES DE 2 MEGAPIXEL + PTZ 2 MEGAPIXEL 36X ZOOM / POSICIONAMIENTO INTELIGENTE 3D',28,5,9897.00,8,'15',2,'0000-00-00 00:00:00','0000-00-00 00:00:00'),(1039,1,'DS-2DP0818ZX-D/236','PANOVU SERIES / VISTA PANORÁMICA 180 GRADOS / 4 LENTES DE 2 MEGAPIXEL + PTZ 2 MEGAPIXEL DE 36X ZOOM / POSICIONAMIENTO 3D  / IP66 / WDR',28,5,8637.00,8,'15',2,'0000-00-00 00:00:00','0000-00-00 00:00:00'),(1040,1,'DS-2CD6986F-H','PANOVU SERIES / VISTA PANORÁMICA 180° / 4 LENTES 2 MEGAPIXEL / IK10 / IP66 / 8MP EN TOTAL / DEFOG / DWDR / DARKFIGHTER / POE+',28,5,2301.00,8,'15',2,'0000-00-00 00:00:00','0000-00-00 00:00:00'),(1041,1,'DS-2CD6924F-IS','PANOVU SERIES / VISTA PANORÁMICA 180º / 4 LENTES 6 MM / 8 MEGAPIXEL EN TOTAL / DARKFIGHTER / IP67 / POE+ / DWDR',28,5,2300.00,8,'15',2,'0000-00-00 00:00:00','0000-00-00 00:00:00'),(1042,1,'DS-2DP1636ZIX-D/236','PANOVU SERIES / VISTA PANORÁMICA 360 GRADOS CON 8 LENTES DE 2 MEGAPIXEL + PTZ DE 2 MEGAAPIXEL 36X DE ZOOM OPTICO Y 200 METROS DE IR INTELIGENTE / POSICIONAMIENTO INTELIGENTE 3D',28,5,12057.00,8,'15',2,'0000-00-00 00:00:00','0000-00-00 00:00:00'),(1043,1,'DS-2DP1636ZX-D/236','PANOVU SERIES / VISTA PANORÁMICA 360 GRADOS CON 8 LENTES DE 2 MEGAPIXEL + PTZ DE 2 MEGAPIXEL 36X ZOOM OPTICO / POSICIONAMIENTO INTELIGENTE 3D',28,5,10797.00,8,'15',2,'0000-00-00 00:00:00','0000-00-00 00:00:00'),(1044,1,'EPMONTVISCR','PANTALLA DE REFACCIÓN PARA PROBADORES EPMONTVI & EPMONTVI3.0, INCLUYE TOUCH',30,5,29.00,8,'15',2,'0000-00-00 00:00:00','0000-00-00 00:00:00'),(1045,1,'PAQHDD1TB','PAQUETE DE 10 DISCOS DUROS DE 1TB PURPLE WD10PURZ',33,5,829.00,8,'15',2,'0000-00-00 00:00:00','0000-00-00 00:00:00'),(1046,1,'PAQHDD2TB','PAQUETE DE 10 DISCOS DUROS DE 2TB PURPLE WD20PURZ',33,5,1179.90,8,'15',2,'0000-00-00 00:00:00','0000-00-00 00:00:00'),(1047,1,'PAQHDD3TB','PAQUETE DE 10 DISCOS DUROS DE 3TB PURPLE WD30PURZ',33,5,1755.00,8,'15',2,'0000-00-00 00:00:00','0000-00-00 00:00:00'),(1048,1,'PAQHDD4TB','PAQUETE DE 10 DISCOS DUROS DE 4TB PURPLE WD40PURZ',33,5,2227.50,8,'15',2,'0000-00-00 00:00:00','0000-00-00 00:00:00'),(1049,1,'PAQHDD6TB','PAQUETE DE 10 DISCOS DUROS DE 6TB PURPLE WD60PURZ',33,5,3099.00,8,'15',2,'0000-00-00 00:00:00','0000-00-00 00:00:00'),(1050,1,'PAQHDD8TB','PAQUETE DE 10 DISCOS DUROS DE 8TB PURPLE WD80PURZ',33,5,4649.00,8,'15',2,'0000-00-00 00:00:00','0000-00-00 00:00:00'),(1051,1,'T45DW2','PARED DIVISORA PARA DUCTO Pan-Way® T45, TRAMO DE 2 METROS T55',19,4,2.77,8,'1',2,'0000-00-00 00:00:00','0000-00-00 00:00:00'),(1052,1,'T70DW6','PARED DIVISORA PARA DUCTO Pan-Way® T70, 6FT T70',19,4,5.11,8,'1',2,'0000-00-00 00:00:00','0000-00-00 00:00:00'),(1053,1,'CO11152-01F010','PATCH CORD CAT 6, FTP, EXTERIOR, NEGRO 10 FT FO ENERG.',21,4,17.36,8,'1',2,'0000-00-00 00:00:00','0000-00-00 00:00:00'),(1054,1,'CO11152-01F005','PATCH CORD CAT 6, FTP, EXTERIOR, NEGRO 5 FT FO ENERG.',21,4,14.52,8,'1',2,'0000-00-00 00:00:00','0000-00-00 00:00:00'),(1055,1,'CO11192-01F010','PATCH CORD CAT 6A, FTP, EXTERIOR, NEGRO 10 FT FO ENERG.',21,4,19.07,8,'1',2,'0000-00-00 00:00:00','0000-00-00 00:00:00'),(1056,1,'CO11192-01F005','PATCH CORD CAT 6A, FTP, EXTERIOR, NEGRO 5 FT FO ENERG.',21,4,15.93,8,'1',2,'0000-00-00 00:00:00','0000-00-00 00:00:00'),(1057,1,'AP9562','PDU RACK, Basic, 1U, 15A, 120V, (10)5-15 ACCESORIO',24,4,75.83,8,'1',2,'0000-00-00 00:00:00','0000-00-00 00:00:00'),(1058,1,'AP9571A','PDU RACK, Basic, 1U, 30A, 208V, (10) C13 ACCESORIO',24,4,205.83,8,'1',2,'0000-00-00 00:00:00','0000-00-00 00:00:00'),(1059,1,'AP7540','PDU RACK, BASIC, ZERO U        ACCESORIO',24,4,179.47,8,'1',2,'0000-00-00 00:00:00','0000-00-00 00:00:00'),(1060,1,'AP7530','PDU RACK, BASIC, ZERO U, 20A   ACCESORIO',24,4,169.72,8,'1',2,'0000-00-00 00:00:00','0000-00-00 00:00:00'),(1061,1,'AP7532','PDU RACK, BASICA, ZERO U, VERTICAL, 30 A, 120V, Enchufe de entrada NEMA L5-30P, Conexiones de salida (24) 5-20R\n ACCESORIO',24,4,263.61,8,'1',2,'0000-00-00 00:00:00','0000-00-00 00:00:00'),(1062,1,'CANA-0072','PERNO ROSCADO DE 1/4\" CANALIZACION',17,4,0.00,8,'4',2,'0000-00-00 00:00:00','0000-00-00 00:00:00'),(1063,1,'CANA-0127','PIJA FIJADORA 10X1 1/2\" CANALIZACION',17,4,0.00,8,'4',2,'0000-00-00 00:00:00','0000-00-00 00:00:00'),(1064,1,'CANA-0126','PIJABROCA CABEZA HEXAGONAL 1/4\"X1 1/2\" CANALIZACION',17,4,0.00,8,'4',2,'0000-00-00 00:00:00','0000-00-00 00:00:00'),(1065,1,'IDS-2CD6412FWD/C','PINHOLE IP 1.3 MEGAPIXEL / CONTEO DE PERSONAS / WDR 120DB / LENTE 2.8 MM / ONVIF / HLC / EIS / DEFOG',28,5,1124.00,8,'15',2,'0000-00-00 00:00:00','0000-00-00 00:00:00'),(1066,1,'DS-2CD6424FWD-10','PINHOLE IP 2 MEGAPIXEL / IDEAL PARA CAJEROS AUTOMÁTICOS / LENTE 3.7 MM / WDR 120DB / HLC / DEFOG / MICROSD / H.264+ / 2 METROS DE CABLES',28,5,485.00,8,'15',2,'0000-00-00 00:00:00','0000-00-00 00:00:00'),(1067,1,'DS-2CD6424FWD-20/2M','PINHOLE IP 2 MEGAPIXEL / IDEAL PARA CAJEROS AUTOMÁTICOS / LENTE 3.7 MM / WDR 120DB / HLC / DEFOG / POE / MICROSD / 2 METROS CABLE',28,5,390.80,8,'15',2,'0000-00-00 00:00:00','0000-00-00 00:00:00'),(1068,1,'DS-2CD6425G0-20','PINHOLE IP 2 MEGAPIXEL / LENTE 3.7 MM / 2 MTS CABLE / POE / IDEAL PARA CAJEROS AUTOMATICOS (ATM) / WDR / MICRO SD / H.265+ / CÁMARA TIPO BLOCK',28,5,459.02,8,'15',2,'0000-00-00 00:00:00','0000-00-00 00:00:00'),(1069,1,'DS-2CD6425G0-10','PINHOLE IP 2 MEGAPIXEL / LENTE 3.7 MM / 2 MTS CABLE / POE / IDEAL PARA CAJEROS AUTOMATICOS (ATM) / WDR / MICRO SD / H.265+ / CÁMARA TIPO CILINDRO',28,5,459.02,8,'15',2,'0000-00-00 00:00:00','0000-00-00 00:00:00'),(1070,1,'TT383W','PLACA DE PARED DE EXTENSION HDMI SOBRE CAT6 A 120 METROS , CON CONTROL IR, RESOLUCIÓN HASTA 1080P@ 50/60 HZ, COMPATIBLE CON HDCP.',31,5,135.00,8,'15',2,'0000-00-00 00:00:00','0000-00-00 00:00:00'),(1071,1,'TT372W','PLACA DE PARED DE EXTENSIÓN HDMI SOBRE CAT6 A 50 METROS, CON CONTROL IR, COMPATIBLE CON HDCP.',31,5,65.00,8,'15',2,'0000-00-00 00:00:00','0000-00-00 00:00:00'),(1072,1,'CH-PST-AUT-66EZ','PLACA SALIDA A TUBO AUTOMATICA  PERALTE 66MM  ACCESORIO',16,4,2.57,8,'1',2,'0000-00-00 00:00:00','0000-00-00 00:00:00'),(1073,1,'6-569530-2','PLUG MODULAR 8 POSICIONES, CATEGORIA 3 PQ./100 RJ45',21,4,0.70,8,'1',2,'0000-00-00 00:00:00','0000-00-00 00:00:00'),(1074,1,'6-554720-3','PLUG MODULAR 8 POSICIONES, CATEGORIA 3 RJ45',21,4,28.34,8,'1',2,'0000-00-00 00:00:00','0000-00-00 00:00:00'),(1075,1,'MP588-L','PLUG MODULAR 8 POSICIONES, CATEGORIA 5E PQ./50 RJ45',19,4,24.34,8,'1',2,'0000-00-00 00:00:00','0000-00-00 00:00:00'),(1076,1,'6-2111979-3','PLUG MODULAR 8 POSICIONES, CATEGORIA 6 PQ./100 (BLINDADO) RJ45',21,4,62.61,8,'1',2,'0000-00-00 00:00:00','0000-00-00 00:00:00'),(1077,1,'SP688-C','PLUG MODULAR 8 POSICIONES, CATEGORIA 6 PQ./100 RJ45',19,4,114.39,8,'1',2,'0000-00-00 00:00:00','0000-00-00 00:00:00'),(1078,1,'PFU-P-B-O-03001','POE EXTENDER 1 PUERTO , UNIV  BRACKET  30WATTS FO ENERG.',21,4,804.65,8,'1',2,'0000-00-00 00:00:00','0000-00-00 00:00:00'),(1079,1,'PFU-P-C-O-060-0','POE EXTENDER 2 PUERTOS, UNIVERSAL  60 WATT  FO ENERG.',21,4,1206.97,8,'1',2,'0000-00-00 00:00:00','0000-00-00 00:00:00'),(1080,1,'EPMONTVI4K','PROBADOR DE VIDEO ANDROID CON PANTALLA LCD DE 4.3 PARA IP 4K / HD-TVI (8MP), HD-CVI (8MP), AHD (5MP) / MULTÍMETRO DIGITAL, HDMI ENTRADA/ SALIDA, WIFI',30,5,665.46,8,'15',2,'0000-00-00 00:00:00','0000-00-00 00:00:00'),(1081,1,'TPTURBO8MP','PROBADOR DE VÍDEO ANDROID CON PANTALLA LCD DE 7 PARA IP ONVIF / HD-TVI (8MP), HD-CVI (8MP) Y AHD (5MP) / WI-FI, SCANNER IP, WIFI, ENTRADA HDMI',30,5,644.00,8,'15',2,'0000-00-00 00:00:00','0000-00-00 00:00:00'),(1082,1,'TPTURBO4K','PROBADOR DE VÍDEO ANDROID CON PANTALLA LCD DE 7 PARA IP ONVIF / HD-TVI 8MP (TURBOHD) / ANÁLOGO, ONVIF, WI-FI, SCANNER IP, WIFI, ENTRADA HDMI',30,5,825.00,8,'15',2,'0000-00-00 00:00:00','0000-00-00 00:00:00'),(1083,1,'TPTURBO4KPLUS','PROBADOR DE VÍDEO ANDROID CON PANTALLA LCD DE 7 PARA IP ONVIF / HD-TVI 8MP (TURBOHD) / ANÁLOGO, ONVIF, WI-FI, SCANNER IP, WIFI, ENTRADA HDMI/MEDIDOR DE POTENCIA OPTICA',30,5,1161.75,8,'15',2,'0000-00-00 00:00:00','0000-00-00 00:00:00'),(1084,1,'EP-TURBO','PROBADOR DE VIDEO CON PANTALLA LCD DE 3.5 PARA HD-TVI (TURBOHD) CON MULTÍMETRO DIGITAL, CONTROL PTZ',30,5,305.85,8,'15',2,'0000-00-00 00:00:00','0000-00-00 00:00:00'),(1085,1,'EPMON-TVI-3.0','PROBADOR DE VIDEO CON PANTALLA LCD DE 4.3 PARA IP / HD-TVI 3.0 (HASTA 3MP) / ANÁLOGO, MULTÍMETRO DIGITAL, SALIDA HDMI, WIFI',30,5,339.00,8,'15',2,'0000-00-00 00:00:00','0000-00-00 00:00:00'),(1086,1,'DS-1250ZJ','PROTECTOR DE LLUVIA PARA CAMARAS DOMO',28,5,7.00,8,'15',2,'0000-00-00 00:00:00','0000-00-00 00:00:00'),(1087,1,'DS-2DE5220IW-AE','PTZ IP 2 MEGAPIXEL / 20X ZOOM ÓPTICO / H.265+ / 150 MTS IR INTELIGENTE / DWDR / HI-POE / HLC / BLC / EXTERIOR / IP66 / EXTERIOR',28,5,649.00,8,'15',2,'0000-00-00 00:00:00','0000-00-00 00:00:00'),(1088,1,'DS-2DE5225IW-AE','PTZ IP 2 MEGAPIXEL / 25X ZOOM / 150 MTS IR / EXTERIOR IP66 / WDR / HI-POE / 60 IPS / ULTRA BAJA ILUMINACIÓN',28,5,559.64,8,'15',2,'0000-00-00 00:00:00','0000-00-00 00:00:00'),(1089,1,'DS-2DE7225IW-AE','PTZ IP 2 MEGAPIXEL / 25X ZOOM / 150 MTS IR / IP66 / AUTOSEGUIMIENTO / WDR / HI-POE / 60 IPS / ENTRADA-SALIDAD DE AUDIO Y ALARMA',28,5,649.00,8,'15',2,'0000-00-00 00:00:00','0000-00-00 00:00:00'),(1090,1,'DS-2DF8225IX-AEL','PTZ IP 2 MEGAPIXEL / 25X ZOOM / 200 MTS IR / AUTOSEGUIMIENTO / WDR / HI-POE / EIS / EXTERIOR IP66 / IK10',28,5,1582.11,8,'15',2,'0000-00-00 00:00:00','0000-00-00 00:00:00'),(1091,1,'DS-2DE7232IW-AE','PTZ IP 2 MEGAPIXEL / 32X ZOOM / 150 MTS IR / IP66 / AUTOSEGUIMIENTO / WDR / HI-POE / 60 IPS / ENTRADA-SALIDAD DE AUDIO Y ALARMA',28,5,915.00,8,'15',2,'0000-00-00 00:00:00','0000-00-00 00:00:00'),(1092,1,'DS-2DF8236IX-AEL','PTZ IP 2 MEGAPIXEL / 36X ZOOM / 200 MTS IR / AUTOSEGUIMIENTO / / WDR / HI-POE / EIS / DETECCIÓN DE ROSTROS / EXTERIOR IP66 / IK10',28,5,1967.14,8,'15',2,'0000-00-00 00:00:00','0000-00-00 00:00:00'),(1093,1,'DS-2DF6223-CXW','PTZ IP 2 MEGAPIXEL / ANTI-EXPLOSIÓN / 23X ZOOM  / IP68 / ACERO INOXIDABLE / HLC / WDR / CERTIFICACIÓN ANTI-EXPLOSIÓN / DEFOG',28,5,8925.00,8,'15',2,'0000-00-00 00:00:00','0000-00-00 00:00:00'),(1094,1,'DS-2DY9236I-CWXW/316L','PTZ IP 2 MEGAPIXEL / ANTI-EXPLOSIÓN / 36X ZOOM / IP68 / ACERO INOXIDABLE / 150 MTS IR / WDR / DARKFIGHTER',28,5,17996.00,8,'15',2,'0000-00-00 00:00:00','0000-00-00 00:00:00'),(1095,1,'DS-2DF8236I5X-AELW','PTZ IP 2 MEGAPIXEL / DARKFIGHTER / 36X ZOOM / 500 MTS IR LASER / EXTERIOR IP66 / WDR / AUTOSEGUIMIENTO / HI-POE / WIPER',28,5,5220.00,8,'15',2,'0000-00-00 00:00:00','0000-00-00 00:00:00'),(1096,1,'DS-2DF8236IX-AELW','PTZ IP 2 MEGAPIXEL / DARKFIGHTER / 36X ZOOM / AUTOSEGUIMIENTO / 200 MTS IR / WDR / HI-POE / EIS / DETECCIÓN DE ROSTROS / WIPER',28,5,2196.35,8,'15',2,'0000-00-00 00:00:00','0000-00-00 00:00:00'),(1097,1,'DS-2DE5225W-AE','PTZ IP 2 MEGAPIXEL / H.265+ / 25X ZOOM / DÍA-NOCHE ICR REAL / WDR / POE+ / IP66 / IK10 / 60 IPS / ULTRA BAJA ILUMINACIÓN',28,5,567.00,8,'15',2,'0000-00-00 00:00:00','0000-00-00 00:00:00'),(1098,1,'DS-2DE5230W-AE','PTZ IP 2 MEGAPIXEL / H.265+ / 30X ZOOM ÓPTICO / DÍA-NOCHE ICR REAL / DWDR / POE+ / IP66 / ANTIVANDALICO IK10 / IP66 / 60 IPS / DEFOG / HLC',28,5,753.75,8,'15',2,'0000-00-00 00:00:00','0000-00-00 00:00:00'),(1099,1,'DS-2DE5232W-AE','PTZ IP 2 MEGAPIXEL / H.265+ / 32X ZOOM / DÍA-NOCHE ICR REAL / WDR / POE+ / IP66 / IK10 / 60 IPS / ULTRA BAJA ILUMINACIÓN',28,5,769.00,8,'15',2,'0000-00-00 00:00:00','0000-00-00 00:00:00'),(1100,1,'DS-2DY9250IAX-A','PTZ IP 2 MEGAPIXEL / PUNTA DE POSTE  / 50X ZOOM / 1000 MTS IR LASER / EXTERIOR IP66 / 60 IPS / EIS / WDR 120 DB',28,5,12780.00,8,'15',2,'0000-00-00 00:00:00','0000-00-00 00:00:00'),(1101,1,'DS-2DY7236IW-A','PTZ IP 2 MEGAPIXEL / PUNTA DE POSTE /  DARKFIGHTER / 36X ZOOM / 150 MTS IR / EXTERIOR IP66 / 60 IPS / EIS / DWDR',28,5,4860.00,8,'15',2,'0000-00-00 00:00:00','0000-00-00 00:00:00'),(1102,1,'DS-2DY9236IX-A','PTZ IP 2 MEGAPIXEL / PUNTA DE POSTE / DARKFIGHTER / 36X ZOOM / 200 MTS IR / EXTERIOR IP66 / 60 IPS / EIS / WDR',28,5,7020.00,8,'15',2,'0000-00-00 00:00:00','0000-00-00 00:00:00'),(1103,1,'DS-2DY9236I8X-A','PTZ IP 2 MEGAPIXEL / PUNTA DE POSTE / DARKFIGHTER / 36X ZOOM / 800 MTS IR LASER / EXTERIOR IP66 / 60 IPS / EIS / WDR',28,5,8460.00,8,'15',2,'0000-00-00 00:00:00','0000-00-00 00:00:00'),(1104,1,'DS-2DY9236X-A','PTZ IP 2 MEGAPIXEL / PUNTA DE POSTE / DARKFIGHTER / 36X ZOOM / EXTERIOR IP66 / 60 IPS / EIS / WDR',28,5,5940.00,8,'15',2,'0000-00-00 00:00:00','0000-00-00 00:00:00'),(1105,1,'DS-MH6171I','PTZ IP 2MP / 30X / IR 80M / WIFI / BLUETOOTH / GPS / 4G / DOBLE SIM / ANPR / 8-36VCD / IP66',28,5,8892.00,8,'15',2,'0000-00-00 00:00:00','0000-00-00 00:00:00'),(1106,1,'DS-2DE7330IW-AE','PTZ IP 3 MEGAPIXEL / 30X ZOOM ÓPTICO / 150 MTS IR INTELIGENTE / ONVIF / HI-POE / IP66 / DWDR / EXTERIOR / HLC / DEFOG',28,5,899.00,8,'15',2,'0000-00-00 00:00:00','0000-00-00 00:00:00'),(1107,1,'DS-2DE7425IW-AE','PTZ IP 4 MEGAPIXEL / 25X ZOOM / 150 MTS IR / AUTOSEGUIMIENTO / IP66 / WDR / HI-POE / 60 IPS / ENTRADA-SALIDAD DE AUDIO Y ALARMA',28,5,1017.50,8,'15',2,'0000-00-00 00:00:00','0000-00-00 00:00:00'),(1108,1,'DS-2DE5425IW-AE','PTZ IP 4 MEGAPIXEL / 25X ZOOM / 150 MTS IR / ULTRA BAJA ILUMINACIÓN / IP66 / WDR / HI-POE',28,5,810.00,8,'15',2,'0000-00-00 00:00:00','0000-00-00 00:00:00'),(1109,1,'DS-2DE7430IW-AE','PTZ IP 4 MEGAPIXEL / 30X ZOOM ÓPTICO / 150 MTS IR INTELIGENTE / ONVIF / HI-POE / IP66 / DWDR / EXTERIOR / ULTRA BAJA ILUMINACIÓN',28,5,1320.00,8,'15',2,'0000-00-00 00:00:00','0000-00-00 00:00:00'),(1110,1,'DS-2DE5432IW-AE','PTZ IP 4 MEGAPIXEL / 32X ZOOM / 150 MTS IR / ULTRA BAJA ILUMINACIÓN / IP66 / WDR / HI-POE',28,5,975.00,8,'15',2,'0000-00-00 00:00:00','0000-00-00 00:00:00'),(1111,1,'DS2DF8825IXAEL','PTZ IP 8 MEGAPIXEL (4K) / 25X ZOOM / 200 MTS IR / AUTOSEGUIMIENTO 2.0 / DETECCIÓN DE ROSTROS /D-WDR / HI-POE / EIS / DEEP LEARNING / EXTERIOR IP67 / IK10',28,5,4323.00,8,'15',2,'0000-00-00 00:00:00','0000-00-00 00:00:00'),(1112,1,'DS-2DF8836IX-AELW','PTZ IP 8 MEGAPIXEL (4K) / 36X ZOOM / 200 MTS IR / AUTOSEGUIMIENTO 2.0 / DETECCIÓN DE ROSTROS /D-WDR / HI-POE / EIS / DEEP LEARNING / EXTERIOR IP67',28,5,5396.00,8,'15',2,'0000-00-00 00:00:00','0000-00-00 00:00:00'),(1113,1,'DS-2DF8836IX-AEL','PTZ IP 8 MEGAPIXEL (4K) / 36X ZOOM / 200 MTS IR / AUTOSEGUIMIENTO 2.0 / DETECCIÓN DE ROSTROS /D-WDR / HI-POE / EIS / DEEP LEARNING / EXTERIOR IP67 / IK10',28,5,5180.00,8,'15',2,'0000-00-00 00:00:00','0000-00-00 00:00:00'),(1114,1,'DS-2TD4136-25','PTZ IP DUAL / TÉRMICA 25 MM (384 X 288) + ÓPTICO 36X / 200 MTS IR / IP66 / DETECCIÓN DE TEMPERATURA',28,5,9356.00,8,'15',2,'0000-00-00 00:00:00','0000-00-00 00:00:00'),(1115,1,'DS-2TD4166-25','PTZ IP DUAL / TÉRMICA 25 MM (640 X 512) + ÓPTICO 36X / 200 MTS IR / IP66 / DETECCIÓN DE TEMPERATURA',28,5,13676.00,8,'15',2,'0000-00-00 00:00:00','0000-00-00 00:00:00'),(1116,1,'DS-2TD4136-50','PTZ IP DUAL / TÉRMICA 50 MM (384 X 288) + ÓPTICO 36X / 200 MTS IR / IP66 / DETECCIÓN DE TEMPERATURA',28,5,11156.00,8,'15',2,'0000-00-00 00:00:00','0000-00-00 00:00:00'),(1117,1,'DS-2TD4166-50','PTZ IP DUAL / TÉRMICA 50 MM (640 X 512) + ÓPTICO 36X / 200 MTS IR / IP66 / DETECCIÓN DE TEMPERATURA',28,5,15476.00,8,'15',2,'0000-00-00 00:00:00','0000-00-00 00:00:00'),(1118,1,'DS2TD6266100C2L','PUNTA DE POSTE IP DUAL / TÉRMICA 100 MM (640 X 512) + ÓPTICO 49X / 500 MTS IR / IP66 / DETECCIÓN DE TEMPERATURA',28,5,33117.00,8,'15',2,'0000-00-00 00:00:00','0000-00-00 00:00:00'),(1119,1,'DS-2TD6135-50B2L','PUNTA DE POSTE IP DUAL / TÉRMICA 50 MM (384 X 288) + OPTICA 32X / 500 MTS IR LASER / IP66 / WDR / HLC / DEFOG / EIS /',28,5,18999.00,8,'15',2,'0000-00-00 00:00:00','0000-00-00 00:00:00'),(1120,1,'DS-2TD6236-50H2L','PUNTA DE POSTE IP DUAL / TÉRMICA 50 MM (384 X 288) + ÓPTICO 36X / 500 MTS IR / IP66 / DETECCIÓN DE TEMPERATURA',28,5,20733.00,8,'15',2,'0000-00-00 00:00:00','0000-00-00 00:00:00'),(1121,1,'DS-2TD6266-50H2L','PUNTA DE POSTE IP DUAL / TÉRMICA 50 MM (640 X 512) + ÓPTICO 36X / 500 MTS IR / IP66 / DETECCIÓN DE TEMPERATURA',28,5,24837.00,8,'15',2,'0000-00-00 00:00:00','0000-00-00 00:00:00'),(1122,1,'DS-2TD6236-75C2L','PUNTA DE POSTE IP DUAL / TÉRMICA 75 MM (384 X 288) + ÓPTICO 49X / 500 MTS IR / IP66 / DETECCIÓN DE TEMPERATURA',28,5,24837.00,8,'15',2,'0000-00-00 00:00:00','0000-00-00 00:00:00'),(1123,1,'DS-2TD6266-75C2L','PUNTA DE POSTE IP DUAL / TÉRMICA 75 MM (640 X 512) + ÓPTICO 49X / 500 MTS IR / IP66 / DETECCIÓN DE TEMPERATURA',28,5,29013.00,8,'15',2,'0000-00-00 00:00:00','0000-00-00 00:00:00'),(1124,1,'700008360','PVC BUFFER TUBING 900 MIC. TRANSPARENTE (210 FT POR ROLLO) ACCESORIO',18,4,152.28,8,'1',2,'0000-00-00 00:00:00','0000-00-00 00:00:00'),(1125,1,'CMR19X96','RACK 2 POSTES DE ALUMINIO, 8 FT ALTO, POR 19\" ANCHO 52RMU NEGRO',19,4,0.00,8,'1',2,'0000-00-00 00:00:00','0000-00-00 00:00:00'),(1126,1,'DS-3V04R-A/1080P','RECEIVER DE 4 CH HD-TVI POR FIBRA ÓPTICA INTERFAZ FC',28,5,169.00,8,'15',2,'0000-00-00 00:00:00','0000-00-00 00:00:00'),(1127,1,'TT-104-AR','RECEPTOR ACTIVO DE 4 CANALES (DISTANCIA DE VIDEO MÁX. 1200 M CON TRANSMISOR ACTIVO)',31,5,21.00,8,'15',2,'0000-00-00 00:00:00','0000-00-00 00:00:00'),(1128,1,'TT-108-AR','RECEPTOR DE VIDEO ACTIVO DE 8 CANALES (DISTANCIA DE VIDEO MÁX. 1200 M CON TRANSMISOR ACTIVO)',31,5,139.00,8,'15',2,'0000-00-00 00:00:00','0000-00-00 00:00:00'),(1129,1,'TT4501R','RECEPTOR DE VIDEO ACTIVO TURBOHD HD-TVI / 400 METROS / COMPATIBLE 2/1 MEGAPIXEL',31,5,26.00,8,'15',2,'0000-00-00 00:00:00','0000-00-00 00:00:00'),(1130,1,'TT-116-TURBO','RECEPTOR DE VIDEO PASIVO DE 16 CANALES TURBOHD PARA APLICACIONES DE VIDEO POR UTP CAT5E/6 EN ALTA DEFINICIÓN',31,5,99.00,8,'15',2,'0000-00-00 00:00:00','0000-00-00 00:00:00'),(1131,1,'TT-104-TURBO','RECEPTOR DE VIDEO PASIVO DE 4 CANALES TURBOHD PARA APLICACIONES DE VIDEO POR UTP CAT5E/6 EN ALTA DEFINICIÓN',31,5,24.00,8,'15',2,'0000-00-00 00:00:00','0000-00-00 00:00:00'),(1132,1,'TT-108-TURBO','RECEPTOR DE VIDEO PASIVO DE 8 CANALES TURBOHD PARA APLICACIONES DE VIDEO POR UTP CAT5E/6 EN ALTA DEFINICIÓN',31,5,39.00,8,'15',2,'0000-00-00 00:00:00','0000-00-00 00:00:00'),(1133,1,'TT383PRORX','RECEPTOR HDBITT PARA USO EN 9 TT383PRO HASTA 120 METROS, CAT 5E/6, CONTROL IR, 1080 P@50/60 HZ PROTOCOLO HDBITT, COMPATIBLE CON HDCP AND 9 TT383PRO',31,5,60.00,8,'15',2,'0000-00-00 00:00:00','0000-00-00 00:00:00'),(1134,1,'TT-380-PRO-RX','RECEPTOR HDMI SOBRE POWERLINE CON LOOP HDBITT, PROTOCOLO HDBITT, CONTROL IR , 1080 P@50/60 HZ, COMPATIBLE CON HDCP Y 9 TT380PRO.',31,5,249.00,8,'15',2,'0000-00-00 00:00:00','0000-00-00 00:00:00'),(1135,1,'DS-3V01RA/1080P','RECEPTOR HD-TVI TURBOHD POR FIBRA ÓPTICA / SOPORTA 1080P / HASTA 20KM / FC',28,5,69.00,8,'15',2,'0000-00-00 00:00:00','0000-00-00 00:00:00'),(1136,1,'DS-3V01RA','RECEPTOR HD-TVI TURBOHD POR FIBRA ÓPTICA / SOPORTA 1080P / HASTA 20KM / FC Y/O SC (INCLUYE JUMPER DE FIBRA ÓPTICA FC-SC SIMPLEX)',28,5,69.00,8,'15',2,'0000-00-00 00:00:00','0000-00-00 00:00:00'),(1137,1,'DS3V04RA','RECEPTOR HD-TVI TURBOHD POR FIBRA ÓPTICA DE 4 CH / SOPORTA 1080P / HASTA 20 KM /INTERFAZ SFP (INCLUYE TRANCEPTOR Y JUMPER DE FIBRA ÓPTICA LC-SC SIMPLEX)',28,5,499.00,8,'15',2,'0000-00-00 00:00:00','0000-00-00 00:00:00'),(1138,1,'TT388ARX','RECEPTOR INALÁMBRICO HDMI DE 200 METROS,  CONTROL IR, 1080 P@50/60 HZ, COMPATIBLE CON HDCP Y 9 TT388A',31,5,198.75,8,'15',2,'0000-00-00 00:00:00','0000-00-00 00:00:00'),(1139,1,'TT388MRX','RECEPTOR INALAMBRICO MATRICIAL HDMI PARA 9 TT388M',31,5,139.00,8,'15',2,'0000-00-00 00:00:00','0000-00-00 00:00:00'),(1140,1,'EPMON255R','RECEPTOR LAN PARA PRUEBA DE CABLE EN TESTER EPMONTVI/3.0, TPTURBOHD Y TPTURBO5MP',30,5,12.30,8,'15',2,'0000-00-00 00:00:00','0000-00-00 00:00:00'),(1141,1,'TT383MATRIXRX','RECEPTOR MATRICIAL 1080P PARA 9 TT383MATRIX',31,5,87.50,8,'15',2,'0000-00-00 00:00:00','0000-00-00 00:00:00'),(1142,1,'TT683MATRIXRX','RECEPTOR MATRICIAL PARA 9 TT683MATRIX 4K X 2K @ 30 HZ SOBRE CAT5/6 A 120 /150 METROS',31,5,102.50,8,'15',2,'0000-00-00 00:00:00','0000-00-00 00:00:00'),(1143,1,'TT372EDIDRX','RECEPTOR PARA 9S TT714PRO / TT718PRO COMPATIBLE CON TT372EDID',31,5,30.00,8,'15',2,'0000-00-00 00:00:00','0000-00-00 00:00:00'),(1144,1,'CANA-0171','REDUCCIÓN ALUMINIO 1 1/2\" A 1\" CANALIZACION',17,4,8.27,8,'4',2,'0000-00-00 00:00:00','0000-00-00 00:00:00'),(1145,1,'CANA-0172','REDUCCIÓN ALUMINIO 1\" A 3/4\" CANALIZACION',17,4,3.91,8,'4',2,'0000-00-00 00:00:00','0000-00-00 00:00:00'),(1146,1,'CANA-0169','REDUCCIÓN ALUMINIO 2\" A 1 1/2\" CANALIZACION',17,4,12.24,8,'4',2,'0000-00-00 00:00:00','0000-00-00 00:00:00'),(1147,1,'CANA-0170','REDUCCIÓN ALUMINIO 2\" A 1\" CANALIZACION',17,4,12.24,8,'4',2,'0000-00-00 00:00:00','0000-00-00 00:00:00'),(1148,1,'CANA-0173','REDUCCIÓN ALUMINIO 3/4\" A 1/2\" CANALIZACION',17,4,2.79,8,'4',2,'0000-00-00 00:00:00','0000-00-00 00:00:00'),(1149,1,'CANA-0123','REGISRO DE CONCRETO PARA REDES TELEFONICAS L1T 73x63x68 CANALIZACION',17,4,0.00,8,'4',2,'0000-00-00 00:00:00','0000-00-00 00:00:00'),(1150,1,'CANA-0124','REGISTRO CON TAPA DE CONCRETO HIDRAULICO PARA ALUMBRADO 40x40x60 CM CON CONTRAMARCO GALV COS S CANALIZACION',17,4,0.00,8,'4',2,'0000-00-00 00:00:00','0000-00-00 00:00:00'),(1151,1,'CANA-0125','REGISTRO CON TAPA DE CONCRETO POLIMERICO PARA REDES TELEFONICAS L1T 50X60X60 CANALIZACION',17,4,0.00,8,'4',2,'0000-00-00 00:00:00','0000-00-00 00:00:00'),(1152,1,'CANA-0118','REGISTRO HERMETICO 250x200x150 mm CANALIZACION',17,4,0.00,8,'4',2,'0000-00-00 00:00:00','0000-00-00 00:00:00'),(1153,1,'CANA-0120','REGISTRO HERMETICO 300x250x150 mm CANALIZACION',17,4,0.00,8,'4',2,'0000-00-00 00:00:00','0000-00-00 00:00:00'),(1154,1,'CANA-0119','REGISTRO HERMETICO 400x300x200 mm CANALIZACION',17,4,0.00,8,'4',2,'0000-00-00 00:00:00','0000-00-00 00:00:00'),(1155,1,'CANA-0121','REGISTRO HERMETICO 500x400x200 mm CANALIZACION',17,4,0.00,8,'4',2,'0000-00-00 00:00:00','0000-00-00 00:00:00'),(1156,1,'CANA-0122','REGISTRO POLIMERICO 40X40X60 TAPA LISA  CANALIZACION',17,4,0.00,8,'4',2,'0000-00-00 00:00:00','0000-00-00 00:00:00'),(1157,1,'HDMI-REP','REPETIDOR HDMI',32,5,29.00,8,'15',2,'0000-00-00 00:00:00','0000-00-00 00:00:00'),(1158,1,'HSTT75-C','ROLLO DE MANGAS TERMOCONTRACTILES DE .75\" DE DIAMETRO (100 FT) SM/MM',19,4,0.00,8,'1',2,'0000-00-00 00:00:00','0000-00-00 00:00:00'),(1159,1,'760039867','ROLOSPLICE CON DOS CHAROLAS PARA EMPALME DE FUSION SM/MM',18,4,31.96,8,'1',2,'0000-00-00 00:00:00','0000-00-00 00:00:00'),(1160,1,'CANA-0078','RONDANA DE PRECISION 1/4\" CANALIZACION',17,4,0.00,8,'4',2,'0000-00-00 00:00:00','0000-00-00 00:00:00'),(1161,1,'CANA-0079','RONDANA DE PRECISION 3/8\" CANALIZACION',17,4,0.00,8,'4',2,'0000-00-00 00:00:00','0000-00-00 00:00:00'),(1162,1,'CANA-0076','RONDANA PLANA DE 1/4\" CANALIZACION',17,4,0.01,8,'4',2,'0000-00-00 00:00:00','0000-00-00 00:00:00'),(1163,1,'CANA-0077','RONDANA PLANA DE 3/8\" CANALIZACION',17,4,0.02,8,'4',2,'0000-00-00 00:00:00','0000-00-00 00:00:00'),(1164,1,'AP9335T','SENSOR UNIVERSAL DE TEMPERATURA MONITOREO AMBIENTAL',24,4,84.26,8,'1',2,'0000-00-00 00:00:00','0000-00-00 00:00:00'),(1165,1,'AP9335TH','SENSOR UNIVERSAL DE TEMPERATURA Y HUMEDAD MONITOREO AMBIENTAL',24,4,130.00,8,'1',2,'0000-00-00 00:00:00','0000-00-00 00:00:00'),(1166,1,'DS-6601HFHI','SERVIDOR DE VÍDEO CON ENTRADA HD-SDI/ FC / HDMI / VGA / RCA / 1 CANAL DE AUDIO / PTZ',28,5,603.00,8,'15',2,'0000-00-00 00:00:00','0000-00-00 00:00:00'),(1167,1,'DS-6701HWI','SERVIDOR DE VÍDEO DE 1 CANAL WD1 / 1 CANAL DE AUDIO / SOPORTA PTZ',28,5,269.00,8,'15',2,'0000-00-00 00:00:00','0000-00-00 00:00:00'),(1168,1,'DS-6716HWI','SERVIDOR DE VÍDEO DE 16 CANAL WD1 / 1 CANAL DE AUDIO / SOPORTA PTZ',28,5,499.00,8,'15',2,'0000-00-00 00:00:00','0000-00-00 00:00:00'),(1169,1,'DS-6704HWI','SERVIDOR DE VÍDEO DE 4 CANALES WD1 / 1 CANAL DE AUDIO / SOPORTA PTZ',28,5,349.00,8,'15',2,'0000-00-00 00:00:00','0000-00-00 00:00:00'),(1170,1,'BLAZERPRO128','SERVIDOR TODO EN UNO / NVR DE 128 CANALES IP / VERSIÓN 2.0 / HIK-CENTRAL / WINDOWS 10 / 16 BAHÍAS DE DISCO DURO',28,5,14937.00,8,'15',2,'0000-00-00 00:00:00','0000-00-00 00:00:00'),(1171,1,'BLAZERPRO256','SERVIDOR TODO EN UNO / NVR DE 256 CANALES IP / VERSIÓN 2.0 / HIK-CENTRAL / WINDOWS 10 / 16 BAHÍAS DE DISCO DURO',28,5,19797.00,8,'15',2,'0000-00-00 00:00:00','0000-00-00 00:00:00'),(1172,1,'HIK108094','SISTEMA COMPLETO DE CCTV 1080P / HIK-CONNECT / DVR 4 CANALES / 4 CÀMARAS BALA / CABLES / FUENTE DE PODER PROFESIONAL',28,5,181.69,9,'15',2,'0000-00-00 00:00:00','0000-00-00 00:00:00'),(1173,1,'HIK108098','SISTEMA COMPLETO DE CCTV 1080P / HIK-CONNECT / DVR 8 CANALES / 4  CÁMARAS BALA / CABLES / FUENTE DE PODER PROFESIONAL',28,5,209.81,9,'15',2,'0000-00-00 00:00:00','0000-00-00 00:00:00'),(1174,1,'HIK72094','SISTEMA COMPLETO DE CCTV 720P / DVR 4 CANALES / 4 CÁMARAS BALA / FUENTE DE PODER / ACCESORIOS DE CONEXIÓN',28,5,136.27,9,'15',2,'0000-00-00 00:00:00','0000-00-00 00:00:00'),(1175,1,'HIK72098','SISTEMA COMPLETO DE CCTV 720P / HIK-CONNECT / DVR 8 CANALES / 4 CÁMARAS BALA / CABLES / FUENTE DE PODER PROFESIONAL',28,5,168.71,9,'15',2,'0000-00-00 00:00:00','0000-00-00 00:00:00'),(1176,1,'KH1080P16DW','SISTEMA 28 TURBOHD 1080P / DVR 16 CANALES / 16 CÁMARAS DOMO (INTERIOR 2.8 MM) / TRANSCEPTORES / CONECTORES / FUENTE DE PODER PROFESIONAL',28,5,685.99,9,'15',2,'0000-00-00 00:00:00','0000-00-00 00:00:00'),(1177,1,'KH1080P2BW/2DW','SISTEMA 28 TURBOHD 1080P / DVR 4 CANALES / 2 CÁMARAS BALA (EXTERIOR 2.8 MM) / 2 CÁMARAS DOMO (INTERIOR 2.8 MM) / TRANSCEPTORES / CONECTORES / FUENTE DE PODER PROFESIONAL',28,5,186.96,9,'15',2,'0000-00-00 00:00:00','0000-00-00 00:00:00'),(1178,1,'KH1080P4B','SISTEMA 28 TURBOHD 1080P / DVR 4 CANALES / 4 CÁMARAS (EXTERIOR 2.8 MM) / TRANSCEPTORES / CONECTORES / FUENTE DE PODER PROFESIONAL',28,5,203.00,9,'15',2,'0000-00-00 00:00:00','0000-00-00 00:00:00'),(1179,1,'KH1080P4BW','SISTEMA 28 TURBOHD 1080P / DVR 4 CANALES / 4 CÁMARAS BALA (EXTERIOR 2.8 MM) / TRANSCEPTORES / CONECTORES / FUENTE DE PODER PROFESIONAL',28,5,205.00,9,'15',2,'0000-00-00 00:00:00','0000-00-00 00:00:00'),(1180,1,'KH1080P4DW','SISTEMA 28 TURBOHD 1080P / DVR 4 CANALES / 4 CÁMARAS DOMO (INTERIOR 2.8 MM) / TRANSCEPTORES / CONECTORES / FUENTE DE PODER PROFESIONAL',28,5,197.00,9,'15',2,'0000-00-00 00:00:00','0000-00-00 00:00:00'),(1181,1,'KH720P2BW/2EW','SISTEMA 28 TURBOHD 720P / DVR 4 CANALES / 2 CÁMARAS BALA (EXTERIOR 3.6 MM) / 2 CÁMARAS EYEBALL (EXTERIOR 2.8 MM) / TRANSCEPTORES / CONECTORES / FUENTE DE PODER PROFESIONAL',28,5,147.03,9,'15',2,'0000-00-00 00:00:00','0000-00-00 00:00:00'),(1182,1,'KH720P4BW','SISTEMA 28 TURBOHD 720P / DVR 4 CANALES / 4 CÁMARAS BALA (EXTERIOR 3.6 MM) / TRANSCEPTORES / CONECTORES / FUENTE DE PODER PROFESIONAL',28,5,134.98,9,'15',2,'0000-00-00 00:00:00','0000-00-00 00:00:00'),(1183,1,'KH720P4DW','SISTEMA 28 TURBOHD 720P / DVR 4 CANALES / 4 CÁMARAS DOMO (INTERIOR 2.8 MM) / TRANSCEPTORES / CONECTORES / FUENTE DE PODER PROFESIONAL',28,5,139.00,9,'15',2,'0000-00-00 00:00:00','0000-00-00 00:00:00'),(1184,1,'KH720P4EW','SISTEMA 28 TURBOHD 720P / DVR 4 CANALES / 4 CÁMARAS EYEBALL (EXTERIOR 2.8 MM) / TRANSCEPTORES / CONECTORES / FUENTE DE PODER PROFESIONAL',28,5,155.44,9,'15',2,'0000-00-00 00:00:00','0000-00-00 00:00:00'),(1185,1,'KH720P8BW','SISTEMA 28 TURBOHD 720P / DVR 8 CANALES / 8 CÁMARAS BULLET 3.6 MM / TRANSCEPTORES / CONECTORES / FUENTE DE PODER PROFESIONAL HASTA 15 VCD PARA LARGA DISTANCIA',28,5,285.05,9,'15',2,'0000-00-00 00:00:00','0000-00-00 00:00:00'),(1186,1,'KH720P8EW','SISTEMA 28 TURBOHD 720P / INCLUYE DVR 8 CANALES / 8 CÁMARAS EYEBALL 2.8 MM / TRANSCEPTORES / CONECTORES / FUENTE DE PODER PROFESIONAL',28,5,319.59,9,'15',2,'0000-00-00 00:00:00','0000-00-00 00:00:00'),(1187,1,'KH720P4BW/4EW','SISTEMA 28 TURBOHD 720P / INCLUYE DVR 8 CH / 4 CÁMARAS BALA 3.6 MM / 4 CÁMARAS EYEBALL 2.8 MM / TRANSCEPTORES / CONECTORES / FUENTE DE PODER PROFESIONAL HASTA 15 VCD PARA LARGA DISTANCIAS',28,5,292.06,9,'15',2,'0000-00-00 00:00:00','0000-00-00 00:00:00'),(1188,1,'KH720P16DW','SISTEMA 28 TURBOHD 720P INCLUYE DVR 16 CANALES / 16 CÁMARAS DOMO 2.8MM / TRANSCEPTORES / CONECTORES / FUENTE DE PODER PROFESIONAL HEAVY DUTY 20A, HASTA 15VCD PARA LARGA DISTANCIAS',28,5,433.97,9,'15',2,'0000-00-00 00:00:00','0000-00-00 00:00:00'),(1189,1,'KH720P16EW','SISTEMA 28 TURBOHD 720P INCLUYE DVR 16 CANALES / 16 CÁMARAS EYEBALL 2.8 MM / TRANSCEPTORES / CONECTORES / FUENTE DE PODER PROFESIONAL HASTA 15VCD PARA LARGA DISTANCIAS',28,5,539.98,9,'15',2,'0000-00-00 00:00:00','0000-00-00 00:00:00'),(1190,1,'KH720P16BW','SISTEMA 28 TURBOHD 720P INCLUYE DVR 16 CANALES / 16 CÁMARAS MINI BULLET 3.6MM / TRANSCEPTORES / CONECTORES / FUENTE DE PODER PROFESIONAL HEAVY DUTY 20A, HASTA 15VCD PARA LARGA DISTANCIAS',28,5,474.00,9,'15',2,'0000-00-00 00:00:00','0000-00-00 00:00:00'),(1191,1,'KH720P8BW/8EW','SISTEMA 28 TURBOHD 720P INCLUYE DVR 16 CANALES / 8 CÁMARAS MINI BULLET 3.6MM / 8 CÁMARAS EYEBALL 2.8MM / TRANSCEPTORES / CONECTORES / FUENTE DE PODER PROFESIONAL HEAVY DUTY 20A, HASTA 15VCD P',28,5,513.03,9,'15',2,'0000-00-00 00:00:00','0000-00-00 00:00:00'),(1192,1,'KHWIFI3B1D/1TB','SISTEMA IP INALAMBRICO 1080P / NVR 4 CANALES / 3 CÁMARAS BALA (EXTERIOR IP66) CON MICROFONO INTERCONSTRUIDO / 1 CÁMARA DOMO (EXTERIOR IP66) / 1 DISCO DURO',28,5,615.00,9,'15',2,'0000-00-00 00:00:00','0000-00-00 00:00:00'),(1193,1,'KHWIFI3B1D','SISTEMA IP INALAMBRICO 1080P / NVR 4 CANALES / 3 CÁMARAS BALA (EXTERIOR IP66) CON MICROFONO INTERCONSTRUIDO / 1 CÁMARA DOMO (EXTERIOR IP66) CON MICROFONO INTERCONSTRUIDO',28,5,529.00,9,'15',2,'0000-00-00 00:00:00','0000-00-00 00:00:00'),(1194,1,'KHWIFI4B','SISTEMA IP INALAMBRICO 1080P / NVR 4 CANALES / 4 CÁMARAS BALA (EXTERIOR IP66) CON MICRÓFONO INTERCONSTRUIDO',28,5,525.00,9,'15',2,'0000-00-00 00:00:00','0000-00-00 00:00:00'),(1195,1,'KHWIFI4B/1TB','SISTEMA IP INALAMBRICO 1080P / NVR 4 CANALES / 4 CÁMARAS BALA (EXTERIOR IP66) CON MICROFONO INTERCONSTRUIDO / DISCO DURO 1TB SERIE PURPURA',28,5,609.01,9,'15',2,'0000-00-00 00:00:00','0000-00-00 00:00:00'),(1196,1,'KHHG8T2BW','SISTEMA TURBOHD 1080P LITE / DVR 4 CANALES / 2 CÁMARAS BALA (EXTERIOR 2.8 MM) / SOPORTA HIK-CONNECT',28,5,89.00,9,'15',2,'0000-00-00 00:00:00','0000-00-00 00:00:00'),(1197,1,'KHHG7T2BW','SISTEMA TURBOHD 720P / DVR 4 CANALES / 2 CÁMARAS BALA (INTERIOR - EXTERIOR 3.6 MM) / HIK-CONNECT',28,5,81.00,9,'15',2,'0000-00-00 00:00:00','0000-00-00 00:00:00'),(1198,1,'KHHG7T2DW','SISTEMA TURBOHD 720P / DVR 4 CANALES / 2 CÁMARAS DOMO (INTERIOR 2.8 MM) / HIK-CONNECT',28,5,75.00,9,'15',2,'0000-00-00 00:00:00','0000-00-00 00:00:00'),(1199,1,'SOPDVD','SOPORTE PARA DVD EN DVR DS7216HVIST',28,5,6.00,8,'15',2,'0000-00-00 00:00:00','0000-00-00 00:00:00'),(1200,1,'SH-CM-300P2','SOPORTE PARA MURO O LOSA PARA GABINETE HDH-304-OC',29,5,132.00,8,'15',2,'0000-00-00 00:00:00','0000-00-00 00:00:00'),(1201,1,'MG-51-139','SUJETADOR UNIVERSAL 3,000 MM LONGITUD ACCESORIO',16,4,18.06,8,'1',2,'0000-00-00 00:00:00','0000-00-00 00:00:00'),(1202,1,'TT501V20','SWITCH 5 X 1 HDMI 4K @ 60HZ',31,5,52.50,8,'15',2,'0000-00-00 00:00:00','0000-00-00 00:00:00'),(1203,1,'TT401MS','SWITCH DE 4 ENTRADAS HDMI  QUAD MULTIVIEWER',31,5,309.00,8,'15',2,'0000-00-00 00:00:00','0000-00-00 00:00:00'),(1204,1,'107067928','TAPA CIEGA DE LA SERIE M, PQ/100 BLANCO',18,4,15.43,8,'1',2,'0000-00-00 00:00:00','0000-00-00 00:00:00'),(1205,1,'107067951','TAPA CIEGA DE LA SERIE M, PQ/100 GRIS',18,4,15.43,8,'1',2,'0000-00-00 00:00:00','0000-00-00 00:00:00'),(1206,1,'107067860','TAPA CIEGA DE LA SERIE M, PQ/100 MARFIL',18,4,15.43,8,'1',2,'0000-00-00 00:00:00','0000-00-00 00:00:00'),(1207,1,'107065583','TAPA CIEGA DE LA SERIE M, PQ/100 NEGRO',18,4,15.43,8,'1',2,'0000-00-00 00:00:00','0000-00-00 00:00:00'),(1208,1,'AX102262','TAPA CIEGA PARA FACE PLATE O PANEL DE PARCHEO (KEYCONNECT) BLANCO',20,4,0.21,8,'1',2,'0000-00-00 00:00:00','0000-00-00 00:00:00'),(1209,1,'A0405537','TAPA CIEGA PARA FACE PLATE O PANEL DE PARCHEO (MDVO) ALMENDRA',20,4,0.21,8,'1',2,'0000-00-00 00:00:00','0000-00-00 00:00:00'),(1210,1,'ECF10IW-X','TAPA FINAL P/DUCTO Pan-Way® LD10, BLANCO INTERNACIONAL (PK/10) PARA APLICACIONES DE BAJO VOLTAJE  LD12',19,4,11.20,8,'1',2,'0000-00-00 00:00:00','0000-00-00 00:00:00'),(1211,1,'ECFX10IW-X','TAPA FINAL P/DUCTO Pan-Way® LD10, BLANCO INTERNACIONAL (PK/10), RADIOS DE CURVATURA DE ACUERDO A TIA/EIA LD19',19,4,11.93,8,'1',2,'0000-00-00 00:00:00','0000-00-00 00:00:00'),(1212,1,'ECF5IW-E','TAPA FINAL P/DUCTO Pan-Way® LD5, BLANCO INTERNACIONAL (PQ/20) PARA APLICACIONES DE BAJO VOLTAJE LD5',19,4,19.23,8,'1',2,'0000-00-00 00:00:00','0000-00-00 00:00:00'),(1213,1,'T70ECIW','TAPA FINAL P/DUCTO Pan-Way® T70, BLANCO INTERNACIONAL T70',19,4,3.44,8,'1',2,'0000-00-00 00:00:00','0000-00-00 00:00:00'),(1214,1,'T45ECIW','TAPA FINAL PARA DUCTO Pan-Way® T45, BLANCO INTERNACIONAL T47',19,4,2.37,8,'1',2,'0000-00-00 00:00:00','0000-00-00 00:00:00'),(1215,1,'108258427','TAPA MODULAR PARA 1 SALIDA BLANCO',18,4,1.47,8,'1',2,'0000-00-00 00:00:00','0000-00-00 00:00:00'),(1216,1,'108258419','TAPA MODULAR PARA 1 SALIDA MARFIL',18,4,1.47,8,'1',2,'0000-00-00 00:00:00','0000-00-00 00:00:00'),(1217,1,'NK1FNIW','TAPA MODULAR PARA 1 SALIDAS (SIN ETIQUETAS) BLANCO',22,4,1.10,8,'1',2,'0000-00-00 00:00:00','0000-00-00 00:00:00'),(1218,1,'AX102660','TAPA MODULAR PARA 1 SALIDAS KEYCONNECT BLANCO',20,4,1.41,8,'1',2,'0000-00-00 00:00:00','0000-00-00 00:00:00'),(1219,1,'NK2FNIW','TAPA MODULAR PARA 2 SALIDAS (SIN ETIQUETAS) BLANCO',22,4,1.10,8,'1',2,'0000-00-00 00:00:00','0000-00-00 00:00:00'),(1220,1,'760072181','TAPA MODULAR PARA 2 SALIDAS ACERO',18,4,13.09,8,'1',2,'0000-00-00 00:00:00','0000-00-00 00:00:00'),(1221,1,'108168451','TAPA MODULAR PARA 2 SALIDAS GRIS',18,4,1.47,8,'1',2,'0000-00-00 00:00:00','0000-00-00 00:00:00'),(1222,1,'AX102655','TAPA MODULAR PARA 2 SALIDAS KEYCONNECT BLANCO',20,4,1.40,8,'1',2,'0000-00-00 00:00:00','0000-00-00 00:00:00'),(1223,1,'108168477','TAPA MODULAR PARA 2 SALIDAS MARFIL',18,4,1.47,8,'1',2,'0000-00-00 00:00:00','0000-00-00 00:00:00'),(1224,1,'AX101432','TAPA MODULAR PARA 2 SALIDAS MDVO ALMENDRA',20,4,1.28,8,'1',2,'0000-00-00 00:00:00','0000-00-00 00:00:00'),(1225,1,'AX101433','TAPA MODULAR PARA 2 SALIDAS MDVO BLANCO',20,4,1.28,8,'1',2,'0000-00-00 00:00:00','0000-00-00 00:00:00'),(1226,1,'108168485','TAPA MODULAR PARA 2 SALIDAS NEGRO',18,4,1.47,8,'1',2,'0000-00-00 00:00:00','0000-00-00 00:00:00'),(1227,1,'108168501','TAPA MODULAR PARA 3 SALIDAS BLANCO',18,4,1.47,8,'1',2,'0000-00-00 00:00:00','0000-00-00 00:00:00'),(1228,1,'108168519','TAPA MODULAR PARA 3 SALIDAS MARFIL',18,4,1.47,8,'1',2,'0000-00-00 00:00:00','0000-00-00 00:00:00'),(1229,1,'106650898','TAPA MODULAR PARA 3 SALIDAS PARA MUEBLES STEELCASE BLANCO',18,4,2.07,8,'1',2,'0000-00-00 00:00:00','0000-00-00 00:00:00'),(1230,1,'106650864','TAPA MODULAR PARA 3 SALIDAS PARA MUEBLES STEELCASE NEGRO',18,4,2.07,8,'1',2,'0000-00-00 00:00:00','0000-00-00 00:00:00'),(1231,1,'760072207','TAPA MODULAR PARA 4 SALIDAS ACERO',18,4,13.09,8,'1',2,'0000-00-00 00:00:00','0000-00-00 00:00:00'),(1232,1,'108168535','TAPA MODULAR PARA 4 SALIDAS GRIS',18,4,1.47,8,'1',2,'0000-00-00 00:00:00','0000-00-00 00:00:00'),(1233,1,'108168550','TAPA MODULAR PARA 4 SALIDAS MARFIL',18,4,1.47,8,'1',2,'0000-00-00 00:00:00','0000-00-00 00:00:00'),(1234,1,'AX101437','TAPA MODULAR PARA 4 SALIDAS MDVO BLANCO',20,4,1.28,8,'1',2,'0000-00-00 00:00:00','0000-00-00 00:00:00'),(1235,1,'108168568','TAPA MODULAR PARA 4 SALIDAS NEGRO',18,4,1.47,8,'1',2,'0000-00-00 00:00:00','0000-00-00 00:00:00'),(1236,1,'108168584','TAPA MODULAR PARA 6 SALIDAS BLANCO',18,4,1.47,8,'1',2,'0000-00-00 00:00:00','0000-00-00 00:00:00'),(1237,1,'108168592','TAPA MODULAR PARA 6 SALIDAS MARFIL',18,4,1.47,8,'1',2,'0000-00-00 00:00:00','0000-00-00 00:00:00'),(1238,1,'CFPE1IWY','TAPA MODULAR SERIE EJECUTIVA PARA 1 SALIDAS BLANCO',19,4,2.03,8,'1',2,'0000-00-00 00:00:00','0000-00-00 00:00:00'),(1239,1,'CFPE1EIY','TAPA MODULAR SERIE EJECUTIVA PARA 1 SALIDAS MARFIL',19,4,2.03,8,'1',2,'0000-00-00 00:00:00','0000-00-00 00:00:00'),(1240,1,'CFPE2EIY','TAPA MODULAR SERIE EJECUTIVA PARA 2 SALIDAS MARFIL',19,4,2.03,8,'1',2,'0000-00-00 00:00:00','0000-00-00 00:00:00'),(1241,1,'CFPE4IWY','TAPA MODULAR SERIE EJECUTIVA PARA 4 SALIDAS BLANCO',19,4,2.03,8,'1',2,'0000-00-00 00:00:00','0000-00-00 00:00:00'),(1242,1,'CFPE4EIY','TAPA MODULAR SERIE EJECUTIVA PARA 4 SALIDAS MARFIL',19,4,2.03,8,'1',2,'0000-00-00 00:00:00','0000-00-00 00:00:00'),(1243,1,'CFPE6IWY','TAPA MODULAR SERIE EJECUTIVA PARA 6 SALIDAS BLANCO',19,4,2.03,8,'1',2,'0000-00-00 00:00:00','0000-00-00 00:00:00'),(1244,1,'CFP2SY','TAPA MODULAR VERTICAL PARA 1 SALIDAS ACERO INOX',19,4,0.00,8,'1',2,'0000-00-00 00:00:00','0000-00-00 00:00:00'),(1245,1,'CFPL2SY','TAPA MODULAR VERTICAL PARA 2 SALIDAS ACERO INOX',19,4,8.36,8,'1',2,'0000-00-00 00:00:00','0000-00-00 00:00:00'),(1246,1,'CFPWR4CIG','TAPA MODULAR VERTICAL PARA 4 SALIDAS (IP56) GRIS',19,4,18.11,8,'1',2,'0000-00-00 00:00:00','0000-00-00 00:00:00'),(1247,1,'NK4FNIW','TAPA MODULAR VERTICAL PARA 4 SALIDAS (SIN ETIQUETAS) BLANCO',22,4,1.10,8,'1',2,'0000-00-00 00:00:00','0000-00-00 00:00:00'),(1248,1,'NK4FIWY','TAPA MODULAR VERTICAL PARA 4 SALIDAS BLANCO',22,4,1.16,8,'1',2,'0000-00-00 00:00:00','0000-00-00 00:00:00'),(1249,1,'NK6FIWY','TAPA MODULAR VERTICAL PARA 6 SALIDAS BLANCO',22,4,0.00,8,'1',2,'0000-00-00 00:00:00','0000-00-00 00:00:00'),(1250,1,'CANA-0117','TAPA REALZADA DE 1\" CANALIZACION',17,4,0.17,8,'4',2,'0000-00-00 00:00:00','0000-00-00 00:00:00'),(1251,1,'CANA-0116','TAPA REALZADA DE 3/4\" CANALIZACION',17,4,0.08,8,'4',2,'0000-00-00 00:00:00','0000-00-00 00:00:00'),(1252,1,'1116412-3','TAPAS CIEGAS PARA FACE PLATE BLANCO',21,4,0.25,8,'1',2,'0000-00-00 00:00:00','0000-00-00 00:00:00'),(1253,1,'CMBWH-X','TAPAS CIEGAS PARA FACE PLATE PQ./10 BLANCO',19,4,2.19,8,'1',2,'0000-00-00 00:00:00','0000-00-00 00:00:00'),(1254,1,'CMBEI-X','TAPAS CIEGAS PARA FACE PLATE PQ./10 MARFIL',19,4,2.19,8,'1',2,'0000-00-00 00:00:00','0000-00-00 00:00:00'),(1255,1,'CMBBL-X','TAPAS CIEGAS PARA FACE PLATE PQ./10 NEGRO',19,4,2.19,8,'1',2,'0000-00-00 00:00:00','0000-00-00 00:00:00'),(1256,1,'CANA-0129','TAQUETE EXPANSIVO \"Z\" 3/8\" CANALIZACION',17,4,0.48,8,'4',2,'0000-00-00 00:00:00','0000-00-00 00:00:00'),(1257,1,'CANA-0128','TAQUETE PLÁSTICO ROJO 1/4\" CANALIZACION',17,4,0.01,8,'4',2,'0000-00-00 00:00:00','0000-00-00 00:00:00'),(1258,1,'AP9630','TARJETA DE RED SNMP, INTERFAZ RJ-45 10/100 Base-T ACCESORIO',24,4,255.28,8,'1',2,'0000-00-00 00:00:00','0000-00-00 00:00:00'),(1259,1,'AP9631','TARJETA DE RED SNMP, INTERFAZ RJ-45 10/100 Base-T, INCLUYE PUERTOS DE MONITOREO AMBIENTAL ACCESORIO',24,4,412.53,8,'1',2,'0000-00-00 00:00:00','0000-00-00 00:00:00'),(1260,1,'BMG-BOARD','TARJETA MADRE PARA MONITOR BMG7030W 7206B.',30,5,3.00,8,'15',2,'0000-00-00 00:00:00','0000-00-00 00:00:00'),(1261,1,'M360IP','TECLADO CONTROLADOR PTZ IP  CON PANTALLA LCD, JOYSTICK Y PUERTO ETHERNET',30,5,249.00,8,'15',2,'0000-00-00 00:00:00','0000-00-00 00:00:00'),(1262,1,'CANA-0130','TORNILLO CABEZA REDONDA 3/16\"X1/2\" CANALIZACION',17,4,0.00,8,'4',2,'0000-00-00 00:00:00','0000-00-00 00:00:00'),(1263,1,'MG-66-403','TORNILLO Y TUERCA MILIMETRICO FRANCES ACCESORIO',16,4,0.20,8,'1',2,'0000-00-00 00:00:00','0000-00-00 00:00:00'),(1264,1,'S1224-C','TORNILLOS PARA RACK DE 19\" PQ./100 NEGRO',19,4,13.68,8,'1',2,'0000-00-00 00:00:00','0000-00-00 00:00:00'),(1265,1,'TT101FTURBO/1','TRANSCEPTOR (BALLUN) INDIVIDUAL CON TERMINAL TIPO PUSH TURBOHD HD-TVI/HD-CVI/AHD / CONECTOR 100% COBRE',31,5,2.25,8,'15',2,'0000-00-00 00:00:00','0000-00-00 00:00:00'),(1266,1,'DS-1H05T','TRANSMISOR - EXTENSOR DE RED POR COAXIAL 500 METROS / SOPORTA CÁMARAS IP 2MP Y ANALÓGICAS',28,5,15.00,8,'15',2,'0000-00-00 00:00:00','0000-00-00 00:00:00'),(1267,1,'TT4501T','TRANSMISOR ACTIVO TURBOHD HD-TVI / AHD / HD-CVI /VIDEO DE HASTA 2MP A 400 METROS CON RECEPTOR ACTIVO',31,5,12.50,8,'15',2,'0000-00-00 00:00:00','0000-00-00 00:00:00'),(1268,1,'DS-3V04TA/1080P','TRANSMISOR DE 4 CH HD-TVI POR FIBRA OPTICA INTERFAZ FC',28,5,169.00,8,'15',2,'0000-00-00 00:00:00','0000-00-00 00:00:00'),(1269,1,'DS-3V01TA/1080P','TRANSMISOR HD-TVI TURBOHD POR FIBRA ÓPTICA / SOPORTA 1080P / HASTA 20KM / FC',28,5,69.00,8,'15',2,'0000-00-00 00:00:00','0000-00-00 00:00:00'),(1270,1,'DS-3V01TA','TRANSMISOR HD-TVI TURBOHD POR FIBRA ÓPTICA / SOPORTA 1080P / HASTA 20KM / FC Y/O SC (INCLUYE JUMPER DE FIBRA ÓPTICA FC-SC SIMPLEX)',28,5,69.00,8,'15',2,'0000-00-00 00:00:00','0000-00-00 00:00:00'),(1271,1,'TT101PVTURBOTX','TRANSMISOR PARA 9-TT4/8/16PVTURBO',31,5,7.50,8,'15',2,'0000-00-00 00:00:00','0000-00-00 00:00:00'),(1272,1,'FR6TB12','TRAPECIO PARA SOPORTAR FIBER RUNNER CON ENTRADA PARA ESPARRAGO DE 1/2\" 4X4',19,4,0.00,8,'1',2,'0000-00-00 00:00:00','0000-00-00 00:00:00'),(1274,1,'CANA-0001','TUBO CONDUIT PARED DELGADA ½” CANALIZACION',17,4,2.59,8,'4',2,'0000-00-00 00:00:00','0000-00-00 00:00:00'),(1275,1,'CANA-0002','TUBO CONDUIT PARED DELGADA ¾” CANALIZACION',17,4,3.46,8,'4',2,'0000-00-00 00:00:00','0000-00-00 00:00:00'),(1276,1,'CANA-0004','TUBO CONDUIT PARED DELGADA 1 ¼” CANALIZACION',17,4,7.99,8,'4',2,'0000-00-00 00:00:00','0000-00-00 00:00:00'),(1277,1,'CANA-0005','TUBO CONDUIT PARED DELGADA 1 ½” CANALIZACION',17,4,9.27,8,'4',2,'0000-00-00 00:00:00','0000-00-00 00:00:00'),(1278,1,'CANA-0003','TUBO CONDUIT PARED DELGADA 1” CANALIZACION',17,4,6.06,8,'4',2,'0000-00-00 00:00:00','0000-00-00 00:00:00'),(1279,1,'CANA-0006','TUBO CONDUIT PARED DELGADA 2” CANALIZACION',17,4,11.79,8,'4',2,'0000-00-00 00:00:00','0000-00-00 00:00:00'),(1280,1,'CANA-0007','TUBO CONDUIT PARED GRUESA ½” CANALIZACION',17,4,4.57,8,'4',2,'0000-00-00 00:00:00','0000-00-00 00:00:00'),(1281,1,'CANA-0008','TUBO CONDUIT PARED GRUESA ¾” CANALIZACION',17,4,5.75,8,'4',2,'0000-00-00 00:00:00','0000-00-00 00:00:00'),(1282,1,'CANA-0010','TUBO CONDUIT PARED GRUESA 1 ¼” CANALIZACION',17,4,11.45,8,'4',2,'0000-00-00 00:00:00','0000-00-00 00:00:00'),(1283,1,'CANA-0011','TUBO CONDUIT PARED GRUESA 1 ½” CANALIZACION',17,4,13.70,8,'4',2,'0000-00-00 00:00:00','0000-00-00 00:00:00'),(1284,1,'CANA-0009','TUBO CONDUIT PARED GRUESA 1” CANALIZACION',17,4,8.46,8,'4',2,'0000-00-00 00:00:00','0000-00-00 00:00:00'),(1285,1,'CANA-0012','TUBO CONDUIT PARED GRUESA 2” CANALIZACION',17,4,20.38,8,'4',2,'0000-00-00 00:00:00','0000-00-00 00:00:00'),(1286,1,'CANA-0106','TUBO FLEXIBLE LICUATITE DE 1 1/2\" CANALIZACION',17,4,6.06,8,'4',2,'0000-00-00 00:00:00','0000-00-00 00:00:00'),(1287,1,'CANA-0105','TUBO FLEXIBLE LICUATITE DE 1\" CANALIZACION',17,4,2.42,8,'4',2,'0000-00-00 00:00:00','0000-00-00 00:00:00'),(1288,1,'CANA-0107','TUBO FLEXIBLE LICUATITE DE 2\" CANALIZACION',17,4,7.90,8,'4',2,'0000-00-00 00:00:00','0000-00-00 00:00:00'),(1289,1,'CANA-0104','TUBO FLEXIBLE LICUATITE DE 3/4\" CANALIZACION',17,4,1.59,8,'4',2,'0000-00-00 00:00:00','0000-00-00 00:00:00'),(1290,1,'CANA-0098','TUBO FLEXIBLE SAPA DE 1 1/2\" CANALIZACION',17,4,2.30,8,'4',2,'0000-00-00 00:00:00','0000-00-00 00:00:00'),(1291,1,'CANA-0097','TUBO FLEXIBLE SAPA DE 1\" CANALIZACION',17,4,0.95,8,'4',2,'0000-00-00 00:00:00','0000-00-00 00:00:00'),(1292,1,'CANA-0099','TUBO FLEXIBLE SAPA DE 2\" CANALIZACION',17,4,2.71,8,'4',2,'0000-00-00 00:00:00','0000-00-00 00:00:00'),(1293,1,'CANA-0096','TUBO FLEXIBLE SAPA DE 3/4\" CANALIZACION',17,4,0.66,8,'4',2,'0000-00-00 00:00:00','0000-00-00 00:00:00'),(1294,1,'CANA-0082','TUBO PVC SP 1 1/2\" CANALIZACION',17,4,2.05,8,'4',2,'0000-00-00 00:00:00','0000-00-00 00:00:00'),(1295,1,'CANA-0081','TUBO PVC SP 1\" CANALIZACION',17,4,1.15,8,'4',2,'0000-00-00 00:00:00','0000-00-00 00:00:00'),(1296,1,'CANA-0083','TUBO PVC SP 2\" CANALIZACION',17,4,3.11,8,'4',2,'0000-00-00 00:00:00','0000-00-00 00:00:00'),(1297,1,'CANA-0080','TUBO PVC SP 3/4\" CANALIZACION',17,4,0.91,8,'4',2,'0000-00-00 00:00:00','0000-00-00 00:00:00'),(1298,1,'CANA-0074','TUERCA HEXAGONAL DE 1/4\" CANALIZACION',17,4,0.01,8,'4',2,'0000-00-00 00:00:00','0000-00-00 00:00:00'),(1299,1,'CANA-0075','TUERCA HEXAGONAL DE 3/8\" CANALIZACION',17,4,0.03,8,'4',2,'0000-00-00 00:00:00','0000-00-00 00:00:00'),(1300,1,'DS-2AF-NUT','TUERCA PARA MONTAJE Y DOMO COMPATIBLE CON SERIE DS-2DF1-5XX Y DS-2AF1-5XX',28,5,12.50,8,'15',2,'0000-00-00 00:00:00','0000-00-00 00:00:00'),(1301,1,'DS-2CD2325FWD-I','TURRET IP 2 MEGAPIXEL / LENTE 2.8 MM / ULTRA BAJA ILUMINACIÓN / 30 MTS IR EXIR / WDR / IP67 / HIK-CONNECT / VIDEO ANALÍTICOS / POE / MICRO SD / ONVIF',28,5,160.56,8,'15',2,'0000-00-00 00:00:00','0000-00-00 00:00:00'),(1302,1,'IPC-T620-Z','TURRET IP 2 MEGAPIXEL / LENTE MOTORIZADO 2.8 - 12 MM / H.264+ / 30 MTS IR / POE / IP67 / WDR',28,5,122.99,8,'15',2,'0000-00-00 00:00:00','0000-00-00 00:00:00'),(1303,1,'DS-2CD2335FWD-I','TURRET IP 3 MEGAPIXEL / ULTRA BAJA ILUMINACIÓN / 30 M IR EXIR / WDR / IP67 / HIK-CONNECT / VIDEO ANALÍTICOS / POE / MICROSD / ONVIF / LENTE 2.8 MM',28,5,148.97,8,'15',2,'0000-00-00 00:00:00','0000-00-00 00:00:00'),(1304,1,'DS-2CD2343G0-I','TURRET IP 4 MEGAPIXEL / 30 MTS IR EXIR / EXTERIOR IP67 / WDR / POE / LENTE 2.8 MM',28,5,141.90,8,'15',2,'0000-00-00 00:00:00','0000-00-00 00:00:00'),(1305,1,'DS-2CD2345FWD-I','TURRET IP 4 MEGAPIXEL / LENTE 2.8 MM / ULTRA BAJA ILUMINACIÓN / 30 MTS IR EXIR / WDR / IP67 / HIK-CONNECT / VIDEO ANALÍTICOS / POE / MICRO SD / ONVIF',28,5,176.38,8,'15',2,'0000-00-00 00:00:00','0000-00-00 00:00:00'),(1306,1,'DS-2CD2355FWD-I','TURRET IP 5 MEGAPIXEL / 30 MTS IR EXIR / WDR / IP67 / VÍDEO ANALÍTICOS / POE / LENTE 2.8 MM / MICROSD',28,5,245.00,8,'15',2,'0000-00-00 00:00:00','0000-00-00 00:00:00'),(1307,1,'G35T10KF1B2S','UPS GALAXY 3500 10kVA/8KW, 208V/208V, con un módulo de baterías expandable a 2, INCLUYE SERVICIO DE ARRANQUE. Agregar Viatico. BIFASICO',24,4,9410.02,8,'1',2,'0000-00-00 00:00:00','0000-00-00 00:00:00'),(1308,1,'G35T15KF2B2S','UPS GALAXY 3500 15kVA/12KW, 208V/208V, con 2 módulos de baterías expandable a 2, INCLUYE SERVICIO DE ARRANQUE. Agregar Viatico BIFASICO',24,4,10947.68,8,'1',2,'0000-00-00 00:00:00','0000-00-00 00:00:00'),(1309,1,'G35T20KF2B4S','UPS GALAXY 3500 20kVA/16KW, 208V/208V, con 2 módulos de baterías expandable a 4, INCLUYE SERVICIO DE ARRANQUE. Agregar Viatico BIFASICO',24,4,13428.60,8,'1',2,'0000-00-00 00:00:00','0000-00-00 00:00:00'),(1310,1,'G35T30KF3B4S','UPS GALAXY 3500 30kVA/24KW, 208V/208V, con 3 módulos de baterías expandable a 4,  INCLUYE SERVICIO DE ARRANQUE. Agregar Viatico BIFASICO',24,4,15131.38,8,'1',2,'0000-00-00 00:00:00','0000-00-00 00:00:00'),(1311,1,'SMT2200RM2U','UPS, SMART UPS 2200VA/1980W RACKMNT MONOFASICA',24,4,914.09,8,'1',2,'0000-00-00 00:00:00','0000-00-00 00:00:00'),(1312,1,'SMT3000','UPS, SMART UPS 2700W/3000VA  120V  MONOFASICA',24,4,1106.00,8,'1',2,'0000-00-00 00:00:00','0000-00-00 00:00:00'),(1313,1,'SMT1000','UPS, SMART UPS 670W /1000VA 120V  MONOFASICA',24,4,452.62,8,'1',2,'0000-00-00 00:00:00','0000-00-00 00:00:00'),(1314,1,'SMT2200','UPS, SMART UPS SMT 2200VA / 1980W,  120V, CONECTIVIDAD USB & SERIAL, DISPLAY LCD, ACCESO FRONTAL, ADMINISTRABLE EN RED, LINEA INTERACTIVA, TORRE NEGRO, GARANTIA DE REMPLAZO 3 AÑOS MONOFASICA',24,4,892.46,8,'1',2,'0000-00-00 00:00:00','0000-00-00 00:00:00'),(1315,1,'SMT3000RM2U','UPS, SMART UPS SMT 3000VA / 2700W,  120V, CONECTIVIDAD USB & SERIAL, DISPLAY LCD, ACCESO FRONTAL, ADMINISTRABLE EN RED, LINEA INTERACTIVA, INCLUYE BRACKET PARA MONTAJE EN RACK Ó TORRE, NEGRO,',24,4,1125.37,8,'1',2,'0000-00-00 00:00:00','0000-00-00 00:00:00'),(1316,1,'SMT1000RM2U','UPS, SMART-UPS 1000VA RACKMOUNT     MONOFASICA',24,4,500.15,8,'1',2,'0000-00-00 00:00:00','0000-00-00 00:00:00'),(1317,1,'SMT1500RM2U','UPS, SMART-UPS 1500VA RACKMOUNT     MONOFASICA',24,4,640.17,8,'1',2,'0000-00-00 00:00:00','0000-00-00 00:00:00'),(1318,1,'SMT1500','UPS, SMART-UPS 980W/1440VA 120V MONOFASICA',24,4,575.03,8,'1',2,'0000-00-00 00:00:00','0000-00-00 00:00:00'),(1319,1,'SRT10KXLT','UPS, SMART-UPS RT 10000VA/10000W, 208V ENTRADA Y SALIDA, CONECTIVIDAD SERIAL, ACCESO FRONTAL, TARJETA DE SNMP, DOBLE CONVERSION EN LINEA, AUTONOMIA ESCALABLE, TORRE CONVERTIBLE A RACK, NEGRO ',24,4,4566.59,8,'1',2,'0000-00-00 00:00:00','0000-00-00 00:00:00'),(1320,1,'SRT3000XLA','UPS, SMART-UPS RT 3000VA/2100W, 120V ENTRADA Y SALIDA, CONECTIVIDAD SERIAL, ACCESO FRONTAL, ADMINISTRABLE EN RED, DOBLE CONVERSION EN LINEA, AUTONOMIA ESCALABLE, TORRE CONVERTIBLE A RACK, NEG',24,4,1339.31,8,'1',2,'0000-00-00 00:00:00','0000-00-00 00:00:00'),(1321,1,'SURTD3000XLT','UPS, SMART-UPS RT 3000VA/2100W, 208V ENTRADA Y SALIDA, CONECTIVIDAD SERIAL, ACCESO FRONTAL, ADMINISTRABLE EN RED, DOBLE CONVERSION EN LINEA, AUTONOMIA ESCALABLE, TORRE CONVERTIBLE A RACK, NEG',24,4,1271.77,8,'1',2,'0000-00-00 00:00:00','0000-00-00 00:00:00'),(1322,1,'SRT5KXLT','UPS, SMART-UPS RT 5000VA/3500W, 208V ENTRADA Y SALIDA, CONECTIVIDAD SERIAL, ACCESO FRONTAL, TARJETA DE SNMP, DOBLE CONVERSION EN LINEA, AUTONOMIA ESCALABLE, TORRE CONVERTIBLE A RACK, NEGRO BI',24,4,2764.66,8,'1',2,'0000-00-00 00:00:00','0000-00-00 00:00:00'),(1323,1,'SURTD5000RMXLP3U','UPS, SMART-UPS RT 5000VA/4000W, 208V ENTRADA Y SALIDA, CONECTIVIDAD SERIAL, ACCESO FRONTAL, TARJETA DE SNMP, DOBLE CONVERSION EN LINEA, AUTONOMIA ESCALABLE, TORRE CONVERTIBLE A RACK, NEGRO BI',24,4,3560.48,8,'1',2,'0000-00-00 00:00:00','0000-00-00 00:00:00'),(1324,1,'SRT6KXLT','UPS, SMART-UPS RT 6000VA/4200W, 208V ENTRADA Y SALIDA, CONECTIVIDAD SERIAL, ACCESO FRONTAL, TARJETA DE SNMP, DOBLE CONVERSION EN LINEA, AUTONOMIA ESCALABLE, TORRE CONVERTIBLE A RACK, NEGRO BI',24,4,3238.76,8,'1',2,'0000-00-00 00:00:00','0000-00-00 00:00:00'),(1325,1,'SRT8KXLT','UPS, SMART-UPS RT 8000VA/6400W, 208V ENTRADA Y SALIDA, CONECTIVIDAD SERIAL, ACCESO FRONTAL, TARJETA DE SNMP, DOBLE CONVERSION EN LINEA, AUTONOMIA ESCALABLE, TORRE CONVERTIBLE A RACK, NEGRO BI',24,4,4150.84,8,'1',2,'0000-00-00 00:00:00','0000-00-00 00:00:00'),(1326,1,'SMX1000','UPS, SMART-UPS SMX 1000VA / 800W, 120V, CONECTIVIDAD USB & SERIAL, DISPLAY LCD, ACCESO FRONTAL, ADMINISTRABLE EN RED, LINEA INTERACTIVA, AUTONOMIA ESCALABLE, INCLUYE BRACKET PARA MONTAJE EN R',24,4,563.02,8,'1',2,'0000-00-00 00:00:00','0000-00-00 00:00:00'),(1327,1,'SMX1500RM2U','UPS, SMART-UPS SMX 1500VA / 1200W, 120V, CONECTIVIDAD USB & SERIAL, DISPLAY LCD, ACCESO FRONTAL, ADMINISTRABLE EN RED, LINEA INTERACTIVA, AUTONOMIA ESCALABLE, INCLUYE BRACKET PARA MONTAJE EN ',24,4,705.75,8,'1',2,'0000-00-00 00:00:00','0000-00-00 00:00:00'),(1328,1,'SMX2000RMLV2U','UPS, SMART-UPS SMX 2200VA / 1980W, 120V, CONECTIVIDAD USB & SERIAL, DISPLAY LCD, ACCESO FRONTAL, ADMINISTRABLE EN RED, LINEA INTERACTIVA, AUTONOMIA ESCALABLE,INCLUYE BRACKET PARA MONTAJE EN R',24,4,1170.56,8,'1',2,'0000-00-00 00:00:00','0000-00-00 00:00:00'),(1329,1,'SMX3000RMLV2U','UPS, SMART-UPS SMX 2880VA/2700W, 120V, CONECTIVIDAD USB & SERIAL, DISPLAY LCD, ACCESO FRONTAL, ADMINISTRABLE EN RED, LINEA INTERACTIVA, AUTONOMIA ESCALABLE, RACK 2U - TORRE NEGRO MONOFASICA',24,4,1195.78,8,'1',2,'0000-00-00 00:00:00','0000-00-00 00:00:00'),(1330,1,'SMX750','UPS, SMART-UPS SMX 750VA/600W, 120V, CONECTIVIDAD USB & SERIAL, DISPLAY LCD, ACCESO FRONTAL, ADMINISTRABLE EN RED, LINEA INTERACTIVA, AUTONOMIA ESCALABLE, RACK - TORRE NEGRO MONOFASICA',24,4,476.92,8,'1',2,'0000-00-00 00:00:00','0000-00-00 00:00:00'),(1331,1,'SUVTP30KF3B4S','UPS, SMART-UPS VT 30KVA/24KW, ENTRADA 208V 3PH, SALIDA 120V, 208V, 208V 3PH, CONECTIVIDAD SERIA, ACCESO FRONTAL, TARJETA DE RED SNMP, DOBLE CONVERSION EN LINEA, AUTONOMIA ESCALABLE, PARALELAB',24,4,16278.52,8,'1',2,'0000-00-00 00:00:00','0000-00-00 00:00:00'),(1332,1,'CANA-0068','VARILLA ROSCADA DE 1/4\" DE 3 MTS CANALIZACION',17,4,1.06,8,'4',2,'0000-00-00 00:00:00','0000-00-00 00:00:00'),(1333,1,'CANA-0069','VARILLA ROSCADA DE 3/8\" DE 3 MTS CANALIZACION',17,4,2.19,8,'4',2,'0000-00-00 00:00:00','0000-00-00 00:00:00'),(1334,1,'XWM-9312-1600','VENTILADORES PARA GABINETE DE PARED (2 VENTILADORES DE 4\") 9',20,4,114.65,8,'1',2,'0000-00-00 00:00:00','0000-00-00 00:00:00'),(1335,1,'TT-104-VPADR','VIDEO + PODER + AUDIO + DATOS, RECEPTOR DE VIDEO PASIVO + ALIMENTACIÓN DE 4 CANALES',31,5,13.00,8,'15',2,'0000-00-00 00:00:00','0000-00-00 00:00:00'),(1336,1,'TT-108-VPADR','VIDEO + PODER + AUDIO + DATOS, RECEPTOR DE VIDEO PASIVO + ALIMENTACIÓN DE 8 CANALES',31,5,19.00,8,'15',2,'0000-00-00 00:00:00','0000-00-00 00:00:00'),(1337,1,'TT-104-PVR','VIDEO + PODER: 300 M RECEPTOR DE VIDEO PASIVO + ALIMENTACIÓN DE 4 CANALES',31,5,49.00,8,'15',2,'0000-00-00 00:00:00','0000-00-00 00:00:00'),(1338,1,'TT-101-PVT','VIDEO + PODER: 300 M. TRANSMISOR PASIVO DE VIDEO + ALIMENTACIÓN DE 1 CANAL 12VCD, 1A',31,5,12.00,8,'15',2,'0000-00-00 00:00:00','0000-00-00 00:00:00');
/*!40000 ALTER TABLE `materiales` ENABLE KEYS */;
UNLOCK TABLES;

--
-- Table structure for table `migrations`
--

DROP TABLE IF EXISTS `migrations`;
/*!40101 SET @saved_cs_client     = @@character_set_client */;
/*!40101 SET character_set_client = utf8 */;
CREATE TABLE `migrations` (
  `id` int(10) unsigned NOT NULL AUTO_INCREMENT,
  `migration` varchar(191) COLLATE utf8mb4_unicode_ci NOT NULL,
  `batch` int(11) NOT NULL,
  PRIMARY KEY (`id`)
) ENGINE=InnoDB AUTO_INCREMENT=29 DEFAULT CHARSET=utf8mb4 COLLATE=utf8mb4_unicode_ci;
/*!40101 SET character_set_client = @saved_cs_client */;

--
-- Dumping data for table `migrations`
--

LOCK TABLES `migrations` WRITE;
/*!40000 ALTER TABLE `migrations` DISABLE KEYS */;
INSERT INTO `migrations` VALUES (1,'2014_10_12_100000_create_password_resets_table',1),(2,'2019_03_11_072721_create_empresas_table',1),(3,'2019_03_11_072812_create_admins_table',1),(4,'2019_03_11_072829_create_status_cotizaciones_table',1),(5,'2019_03_11_072840_create_monedas_table',1),(6,'2019_03_11_072852_create_industrias_table',1),(7,'2019_03_11_072900_create_creditos_table',1),(8,'2019_03_11_072908_create_clientes_table',1),(9,'2019_03_11_072917_create_proveedores_table',1),(10,'2019_03_11_072929_create_contactos_clientes_table',1),(11,'2019_03_11_072939_create_contactos_proveedores_table',1),(12,'2019_03_11_072952_create_condiciones_comerciales_table',1),(13,'2019_03_11_073017_create_direcciones_clientes_table',1),(14,'2019_03_11_073029_create_direcciones_proveedores_table',1),(15,'2019_03_11_073043_create_emails_clientes_table',1),(16,'2019_03_11_073054_create_emails_proveedores_table',1),(17,'2019_03_11_073112_create_lineas_table',1),(18,'2019_03_11_073121_create_marcas_table',1),(19,'2019_03_11_073131_create_unidades_table',1),(20,'2019_03_11_073140_create_materiales_table',1),(21,'2019_03_11_073148_create_servicios_table',1),(22,'2019_03_11_073201_create_telefonos_clientes_table',1),(23,'2019_03_11_073210_create_telefonos_proveedores_table',1),(24,'2019_03_13_114540_create_oportunidades_table',1),(25,'2019_03_24_154426_create_valores_cotizaciones_table',1),(26,'2019_04_11_073005_create_cotizaciones_table',1),(27,'2019_04_12_012524_create_valores_ordenes_table',1),(28,'2019_04_12_160802_create_ordenes_table',1);
/*!40000 ALTER TABLE `migrations` ENABLE KEYS */;
UNLOCK TABLES;

--
-- Table structure for table `monedas`
--

DROP TABLE IF EXISTS `monedas`;
/*!40101 SET @saved_cs_client     = @@character_set_client */;
/*!40101 SET character_set_client = utf8 */;
CREATE TABLE `monedas` (
  `id` int(10) unsigned NOT NULL AUTO_INCREMENT,
  `moneda` varchar(191) COLLATE utf8mb4_unicode_ci NOT NULL,
  `descripcion` varchar(191) COLLATE utf8mb4_unicode_ci NOT NULL,
  `created_at` timestamp NULL DEFAULT NULL,
  `updated_at` timestamp NULL DEFAULT NULL,
  PRIMARY KEY (`id`)
) ENGINE=InnoDB AUTO_INCREMENT=4 DEFAULT CHARSET=utf8mb4 COLLATE=utf8mb4_unicode_ci;
/*!40101 SET character_set_client = @saved_cs_client */;

--
-- Dumping data for table `monedas`
--

LOCK TABLES `monedas` WRITE;
/*!40000 ALTER TABLE `monedas` DISABLE KEYS */;
INSERT INTO `monedas` VALUES (1,'MXN','Peso Mexicano','2019-03-18 11:23:45','2019-03-18 11:23:45'),(2,'USD','Dolar Americano','2019-03-18 11:23:45','2019-03-18 11:23:45'),(3,'CAD','Dolar Canadiense','2019-03-18 11:23:45','2019-03-18 11:23:45');
/*!40000 ALTER TABLE `monedas` ENABLE KEYS */;
UNLOCK TABLES;

--
-- Table structure for table `oportunidades`
--

DROP TABLE IF EXISTS `oportunidades`;
/*!40101 SET @saved_cs_client     = @@character_set_client */;
/*!40101 SET character_set_client = utf8 */;
CREATE TABLE `oportunidades` (
  `id` int(10) unsigned NOT NULL AUTO_INCREMENT,
  `empresa_id` int(10) unsigned DEFAULT NULL,
  `cliente_id` int(10) unsigned DEFAULT NULL,
  `oportunidad` varchar(191) COLLATE utf8mb4_unicode_ci NOT NULL,
  `fecha` text COLLATE utf8mb4_unicode_ci NOT NULL,
  `fechaCierre` text COLLATE utf8mb4_unicode_ci NOT NULL,
  `valor` decimal(10,2) NOT NULL,
  `moneda_id` int(10) unsigned DEFAULT NULL,
  `emails` text COLLATE utf8mb4_unicode_ci NOT NULL,
  `created_at` timestamp NULL DEFAULT NULL,
  `updated_at` timestamp NULL DEFAULT NULL,
  PRIMARY KEY (`id`),
  KEY `oportunidades_empresa_id_foreign` (`empresa_id`),
  KEY `oportunidades_cliente_id_foreign` (`cliente_id`),
  KEY `oportunidades_moneda_id_foreign` (`moneda_id`),
  CONSTRAINT `oportunidades_cliente_id_foreign` FOREIGN KEY (`cliente_id`) REFERENCES `clientes` (`id`),
  CONSTRAINT `oportunidades_empresa_id_foreign` FOREIGN KEY (`empresa_id`) REFERENCES `empresas` (`id`),
  CONSTRAINT `oportunidades_moneda_id_foreign` FOREIGN KEY (`moneda_id`) REFERENCES `monedas` (`id`)
) ENGINE=InnoDB AUTO_INCREMENT=3 DEFAULT CHARSET=utf8mb4 COLLATE=utf8mb4_unicode_ci;
/*!40101 SET character_set_client = @saved_cs_client */;

--
-- Dumping data for table `oportunidades`
--

LOCK TABLES `oportunidades` WRITE;
/*!40000 ALTER TABLE `oportunidades` DISABLE KEYS */;
INSERT INTO `oportunidades` VALUES (1,1,9,'200M DE CABLE DE COBRE PARA BOMBA SUMERGIBLE 3X 2/0 660V O 1000V','18 julio 2019','24 julio 2019',4554.60,2,'l.hernandez@bitsolutions.com.mx','2019-07-18 19:21:34','2019-07-18 19:21:34'),(2,1,1,'CAMARAS DE COLA AUTOPISTA ATLACOMULCO - MARAVATIO','19-11-19','11-12-19',110000.00,1,'l.hernandez@bitsolutions.com.mx, e.rivera@bitsolutions.com.mx, gerardocabestani@hotmail.com','2019-11-19 18:14:50','2019-11-19 18:14:50');
/*!40000 ALTER TABLE `oportunidades` ENABLE KEYS */;
UNLOCK TABLES;

--
-- Table structure for table `ordenes`
--

DROP TABLE IF EXISTS `ordenes`;
/*!40101 SET @saved_cs_client     = @@character_set_client */;
/*!40101 SET character_set_client = utf8 */;
CREATE TABLE `ordenes` (
  `id` int(10) unsigned NOT NULL AUTO_INCREMENT,
  `empresa_id` int(10) unsigned DEFAULT NULL,
  `orden` varchar(191) COLLATE utf8mb4_unicode_ci NOT NULL,
  `version` int(11) NOT NULL,
  `total` decimal(10,2) NOT NULL,
  `cotizacion` varchar(191) COLLATE utf8mb4_unicode_ci NOT NULL,
  `fechaProgramadaEntrega` varchar(191) COLLATE utf8mb4_unicode_ci NOT NULL,
  `fechaLLegada` varchar(191) COLLATE utf8mb4_unicode_ci NOT NULL,
  `condicionesPagos` text COLLATE utf8mb4_unicode_ci NOT NULL,
  `proveedor` varchar(191) COLLATE utf8mb4_unicode_ci NOT NULL,
  `contactoProveedor_id` int(10) unsigned DEFAULT NULL,
  `direccionProveedor_id` int(10) unsigned DEFAULT NULL,
  `emailProveedor_id` int(10) unsigned DEFAULT NULL,
  `telefonoProveedor_id` int(10) unsigned DEFAULT NULL,
  `created_at` timestamp NULL DEFAULT NULL,
  `updated_at` timestamp NULL DEFAULT NULL,
  PRIMARY KEY (`id`),
  KEY `ordenes_empresa_id_foreign` (`empresa_id`),
  KEY `ordenes_contactoproveedor_id_foreign` (`contactoProveedor_id`),
  KEY `ordenes_direccionproveedor_id_foreign` (`direccionProveedor_id`),
  KEY `ordenes_emailproveedor_id_foreign` (`emailProveedor_id`),
  KEY `ordenes_telefonoproveedor_id_foreign` (`telefonoProveedor_id`),
  CONSTRAINT `ordenes_contactoproveedor_id_foreign` FOREIGN KEY (`contactoProveedor_id`) REFERENCES `contactosProveedores` (`id`),
  CONSTRAINT `ordenes_direccionproveedor_id_foreign` FOREIGN KEY (`direccionProveedor_id`) REFERENCES `direccionesProveedores` (`id`),
  CONSTRAINT `ordenes_emailproveedor_id_foreign` FOREIGN KEY (`emailProveedor_id`) REFERENCES `emailsProveedores` (`id`),
  CONSTRAINT `ordenes_empresa_id_foreign` FOREIGN KEY (`empresa_id`) REFERENCES `empresas` (`id`),
  CONSTRAINT `ordenes_telefonoproveedor_id_foreign` FOREIGN KEY (`telefonoProveedor_id`) REFERENCES `telefonosProveedores` (`id`)
) ENGINE=InnoDB DEFAULT CHARSET=utf8mb4 COLLATE=utf8mb4_unicode_ci;
/*!40101 SET character_set_client = @saved_cs_client */;

--
-- Dumping data for table `ordenes`
--

LOCK TABLES `ordenes` WRITE;
/*!40000 ALTER TABLE `ordenes` DISABLE KEYS */;
/*!40000 ALTER TABLE `ordenes` ENABLE KEYS */;
UNLOCK TABLES;

--
-- Table structure for table `password_resets`
--

DROP TABLE IF EXISTS `password_resets`;
/*!40101 SET @saved_cs_client     = @@character_set_client */;
/*!40101 SET character_set_client = utf8 */;
CREATE TABLE `password_resets` (
  `email` varchar(191) COLLATE utf8mb4_unicode_ci NOT NULL,
  `token` varchar(191) COLLATE utf8mb4_unicode_ci NOT NULL,
  `created_at` timestamp NULL DEFAULT NULL,
  KEY `password_resets_email_index` (`email`)
) ENGINE=InnoDB DEFAULT CHARSET=utf8mb4 COLLATE=utf8mb4_unicode_ci;
/*!40101 SET character_set_client = @saved_cs_client */;

--
-- Dumping data for table `password_resets`
--

LOCK TABLES `password_resets` WRITE;
/*!40000 ALTER TABLE `password_resets` DISABLE KEYS */;
/*!40000 ALTER TABLE `password_resets` ENABLE KEYS */;
UNLOCK TABLES;

--
-- Table structure for table `proveedores`
--

DROP TABLE IF EXISTS `proveedores`;
/*!40101 SET @saved_cs_client     = @@character_set_client */;
/*!40101 SET character_set_client = utf8 */;
CREATE TABLE `proveedores` (
  `id` int(10) unsigned NOT NULL AUTO_INCREMENT,
  `empresa_id` int(10) unsigned DEFAULT NULL,
  `proveedor` varchar(191) COLLATE utf8mb4_unicode_ci NOT NULL,
  `credito_id` int(10) unsigned DEFAULT NULL,
  `logo` varchar(191) COLLATE utf8mb4_unicode_ci NOT NULL,
  `rfc` varchar(191) COLLATE utf8mb4_unicode_ci NOT NULL,
  `razonSocial` varchar(191) COLLATE utf8mb4_unicode_ci NOT NULL,
  `clabe` varchar(191) COLLATE utf8mb4_unicode_ci NOT NULL,
  `banco` varchar(191) COLLATE utf8mb4_unicode_ci NOT NULL,
  `created_at` timestamp NULL DEFAULT NULL,
  `updated_at` timestamp NULL DEFAULT NULL,
  PRIMARY KEY (`id`),
  KEY `proveedores_empresa_id_foreign` (`empresa_id`),
  KEY `proveedores_credito_id_foreign` (`credito_id`),
  CONSTRAINT `proveedores_credito_id_foreign` FOREIGN KEY (`credito_id`) REFERENCES `creditos` (`id`),
  CONSTRAINT `proveedores_empresa_id_foreign` FOREIGN KEY (`empresa_id`) REFERENCES `empresas` (`id`)
) ENGINE=InnoDB AUTO_INCREMENT=18 DEFAULT CHARSET=utf8mb4 COLLATE=utf8mb4_unicode_ci;
/*!40101 SET character_set_client = @saved_cs_client */;

--
-- Dumping data for table `proveedores`
--

LOCK TABLES `proveedores` WRITE;
/*!40000 ALTER TABLE `proveedores` DISABLE KEYS */;
INSERT INTO `proveedores` VALUES (1,1,'ANIXTER',1,'avatar.jpg','AME900814LM3','ANIXTER','.','.',NULL,NULL),(2,1,'CENTRO DE CONECTIVIDAD',1,'avatar.jpg','CCO9811304U0','CENTRO DE CONECTIVIDAD','.','.',NULL,NULL),(3,1,'CONSTRUELECTRICA',1,'avatar.jpg','CSM060602998','CONSTRUELECTRICA','.','.',NULL,NULL),(4,1,'ALCIONE',1,'avatar.jpg','GAL890228-6T7','ALCIONE','.','.',NULL,NULL),(5,1,'TAMEX',1,'avatar.jpg','DTA9601235Z9','TAMEX','.','.',NULL,NULL),(6,1,'KOBREX',1,'avatar.jpg','KOB961111PY3','KOBREX','.','.',NULL,NULL),(7,1,'RAFROS',1,'avatar.jpg','  GRA171004UE','RAFROS','.','.',NULL,NULL),(8,1,'VIAKON',1,'avatar.jpg','CMO560929522','VIAKON','.','.',NULL,NULL),(9,1,'FARAGAUSS',1,'avatar.jpg','FTE130607D68','FARAGAUSS','.','.',NULL,NULL),(10,1,'QST',1,'avatar.jpg','QQS130207J66','QST','.','.',NULL,NULL),(11,1,'SYSA INGENIERIA',1,'avatar.jpg','SIN170713TH2','SYSA INGENIERIA','.','.',NULL,NULL),(12,1,'UNI-SIGHT UNIFICADORA DE SERVICIOS',1,'avatar.jpg','UUS180615513','UNI-SIGHT UNIFICADORA DE SERVICIOS','.','.',NULL,NULL),(13,1,'GR PRODUCTOS',1,'avatar.jpg','GPR150414IJ5','GR PRODUCTOS','.','.',NULL,NULL),(14,1,'BIT',1,'avatar.jpg','','BIT SOLUTIONS','','',NULL,NULL),(15,1,'SYSCOM',1,'avatar.jpg','SSC840823JT3','SYSCOM','.','.',NULL,NULL),(16,1,'QUINTANA INGENIEROS',1,'avatar.jpg','QIN840102IX1','QUINTANA INGENIEROS SA DE CV','','',NULL,NULL),(17,1,'MAKA Y MAJO',1,'1565487254.png','POSA780509D84','ALEJANDRO POZOS SERRANO','012180001962383439','BANCOMER','2019-08-11 01:34:14','2019-08-11 01:34:14');
/*!40000 ALTER TABLE `proveedores` ENABLE KEYS */;
UNLOCK TABLES;

--
-- Table structure for table `servicios`
--

DROP TABLE IF EXISTS `servicios`;
/*!40101 SET @saved_cs_client     = @@character_set_client */;
/*!40101 SET character_set_client = utf8 */;
CREATE TABLE `servicios` (
  `id` int(10) unsigned NOT NULL AUTO_INCREMENT,
  `empresa_id` int(10) unsigned DEFAULT NULL,
  `codigo` varchar(191) COLLATE utf8mb4_unicode_ci NOT NULL,
  `nombre` varchar(191) COLLATE utf8mb4_unicode_ci NOT NULL,
  `marca_id` int(10) unsigned DEFAULT NULL,
  `linea_id` int(10) unsigned DEFAULT NULL,
  `costo` decimal(10,2) NOT NULL,
  `unidad_id` int(10) unsigned DEFAULT NULL,
  `proveedor` text COLLATE utf8mb4_unicode_ci NOT NULL,
  `moneda_id` int(10) unsigned DEFAULT NULL,
  `created_at` timestamp NULL DEFAULT NULL,
  `updated_at` timestamp NULL DEFAULT NULL,
  PRIMARY KEY (`id`),
  KEY `servicios_empresa_id_foreign` (`empresa_id`),
  KEY `servicios_marca_id_foreign` (`marca_id`),
  KEY `servicios_linea_id_foreign` (`linea_id`),
  KEY `servicios_unidad_id_foreign` (`unidad_id`),
  KEY `servicios_moneda_id_foreign` (`moneda_id`),
  CONSTRAINT `servicios_empresa_id_foreign` FOREIGN KEY (`empresa_id`) REFERENCES `empresas` (`id`),
  CONSTRAINT `servicios_linea_id_foreign` FOREIGN KEY (`linea_id`) REFERENCES `lineas` (`id`),
  CONSTRAINT `servicios_marca_id_foreign` FOREIGN KEY (`marca_id`) REFERENCES `marcas` (`id`),
  CONSTRAINT `servicios_moneda_id_foreign` FOREIGN KEY (`moneda_id`) REFERENCES `monedas` (`id`),
  CONSTRAINT `servicios_unidad_id_foreign` FOREIGN KEY (`unidad_id`) REFERENCES `unidades` (`id`)
) ENGINE=InnoDB AUTO_INCREMENT=78 DEFAULT CHARSET=utf8mb4 COLLATE=utf8mb4_unicode_ci;
/*!40101 SET character_set_client = @saved_cs_client */;

--
-- Dumping data for table `servicios`
--

LOCK TABLES `servicios` WRITE;
/*!40000 ALTER TABLE `servicios` DISABLE KEYS */;
INSERT INTO `servicios` VALUES (1,1,'SER-15-0001','CABLEADO CONEXIÓN PRUEBAS Y ETIQUETADO DE SERVICIO DE RED C. ESTRUCTURADO. MÍNIMO 20 14S. NO INCLUYE CERTIFICACIÓN. NO INCLUYE SUMINISTRO DE MATERIALES ACCESORIOS SOPORTERÍA',15,3,332.50,14,'10',1,'0000-00-00 00:00:00','0000-00-00 00:00:00'),(2,1,'SER-15-0002','REUBICACION DE CABLEADO CONEXIÓN PRUEBAS Y ETIQUETADO DE SERVICIO DE RED SOLO DEL LADO DEL USUARIO C. ESTRUCTURADO. MÍNIMO 20 14S.  NO INCLUYE CERTIFICACIÓN. NO INCLUYE SUMINISTRO DE MATERIAL',15,3,332.50,14,'10',1,'0000-00-00 00:00:00','0000-00-00 00:00:00'),(3,1,'SER-15-0003','REUBICACION DE CABLEADO CONEXIÓN PRUEBAS Y ETIQUETADO DE SERVICIO DE RED SOLO DEL LADO DEL PANEL C. ESTRUCTURADO. MÍNIMO 20 14S.  NO INCLUYE CERTIFICACIÓN. NO INCLUYE SUMINISTRO DE MATERIALES',15,3,332.50,14,'10',1,'0000-00-00 00:00:00','0000-00-00 00:00:00'),(4,1,'SER-15-0004','DOBLE ALTURA - CABLEADO CONEXIÓN PRUEBAS Y ETIQUETADO DE SERVICIO DE RED C.ESTRUCTURADO. MÍNIMO 20 14S. NO INCLUYE CERTIFICACIÓN. NO INCLUYE SUMINISTRO DE MATERIALES ACCESORIOS SOPORTERÍA',15,3,427.50,14,'10',1,'0000-00-00 00:00:00','0000-00-00 00:00:00'),(5,1,'SER-15-0005','DOBLE ALTURA - CABLEADO CONEXIÓN PRUEBAS Y ETIQUETADO DE SERVICIO DE RED SOLO DEL LADO DEL USUARIO C.ESTRUCTURADO. MÍNIMO 20 14S. NO INCLUYE CERTIFICACIÓN. NO INCLUYE SUMINISTRO DE MATERIALES',15,3,427.50,14,'10',1,'0000-00-00 00:00:00','0000-00-00 00:00:00'),(6,1,'SER-15-0006','DOBLE ALTURA - CABLEADO CONEXIÓN PRUEBAS Y ETIQUETADO DE SERVICIO DE RED SOLO DEL LADO DEL PANEL C.ESTRUCTURADO. MÍNIMO 20 14S. NO INCLUYE CERTIFICACIÓN. NO INCLUYE SUMINISTRO DE MATERIALES A',15,3,427.50,14,'10',1,'0000-00-00 00:00:00','0000-00-00 00:00:00'),(7,1,'SER-15-0007','TRIPLE ALTURA - CABLEADO CONEXIÓN PRUEBAS Y ETIQUETADO DE SERVICIO DE RED C.ESTRUCTURADO. MÍNIMO 20 14S. NO INCLUYE CERTIFICACIÓN. NO INCLUYE SUMINISTRO DE MATERIALES ACCESORIOS SOPORTERÍA',15,3,522.50,14,'10',1,'0000-00-00 00:00:00','0000-00-00 00:00:00'),(8,1,'SER-15-0008','TRIPLE ALTURA - CABLEADO  CONEXIÓN  PRUEBAS Y ETIQUETADO DE SERVICIO DE RED SOLO DEL LADO DEL USUARIO C.ESTRUCTURADO. MÍNIMO 20 14S. NO INCLUYE CERTIFICACIÓN. NO INCLUYE SUMINISTRO DE MATERIA',15,3,475.00,14,'10',1,'0000-00-00 00:00:00','0000-00-00 00:00:00'),(9,1,'SER-15-0009','TRIPLE ALTURA - CABLEADO  CONEXIÓN  PRUEBAS Y ETIQUETADO DE SERVICIO DE RED SOLO DEL LADO DEL PANEL C.ESTRUCTURADO. MÍNIMO 20 14S. NO INCLUYE CERTIFICACIÓN. NO INCLUYE SUMINISTRO DE MATERIALE',15,3,475.00,14,'10',1,'0000-00-00 00:00:00','0000-00-00 00:00:00'),(10,1,'SER-15-0010','RETIRO DE CABLEADO UTP Y ELECTRICO C. ESTRUCTURADO SIN RECUPERACIÓN DE MATERIAL. MÍNIMO 50 METROS. NO INCLUYE ACCESORIOS NI SOPORTERÍA',15,3,166.25,15,'10',1,'0000-00-00 00:00:00','0000-00-00 00:00:00'),(11,1,'SER-15-0011','RETIRO DE CABLEADO UTP Y ELECTRICO DOBLE ALTURA C.ESTRUCTURADO SIN RECUPERACIÓN DE MATERIAL. MÍNIMO 50 METROS. NO INCLUYE ACCESORIOS NI SOPORTERÍA',15,3,213.75,15,'10',1,'0000-00-00 00:00:00','0000-00-00 00:00:00'),(12,1,'SER-15-0012','RETIRO DE CABLEADO UTP Y ELECTRICO TRIPLE ALTURA C.ESTRUCTURADO SIN RECUPERACIÓN DE MATERIAL. MÍNIMO 50 METROS. NO INCLUYE ACCESORIOS NI SOPORTERÍA',15,3,280.25,15,'10',1,'0000-00-00 00:00:00','0000-00-00 00:00:00'),(13,1,'SER-15-0013','CONEXIÓN DE HILO DE FIBRA ÓPTICA POR MÉTODO DE FUSIÓN F.OPTICA. MÍNIMO 10 FUSIONES. NO INCLUYE SUMINISTRO DE MATERIALES  ACCESORIOS  SOPORTERÍA. EL CLIENTE SUMINISTRA FUSIONADORA  ',15,3,807.50,7,'10',1,'0000-00-00 00:00:00','0000-00-00 00:00:00'),(14,1,'SER-15-0014','CONEXIÓN DE HILO DE FIBRA ÓPTICA POR MÉTODO PREPULIDO F.OPTICA. MÍNIMO 10 FUSIONES. NO INCLUYE SUMINISTRO DE MATERIALES  ACCESORIOS  SOPORTERÍA. EL CLIENTE SUMINISTRA KIT DE PULIDO EN CAMPO',15,3,997.50,7,'10',1,'0000-00-00 00:00:00','0000-00-00 00:00:00'),(15,1,'SER-15-0015','CONEXIÓN DE HILO DE FIBRA ÓPTICA POR MÉTODO MECANICO F.OPTICA. MÍNIMO 10 FUSIONES. NO INCLUYE SUMINISTRO DE MATERIALES  ACCESORIOS  SOPORTERÍA.',15,3,712.50,7,'10',1,'0000-00-00 00:00:00','0000-00-00 00:00:00'),(16,1,'SER-15-0016','CONEXIÓN DE ELECTRICA 120V  220V  440V. NO INCLUYE SUMINISTRO DE MATERIALES  ACCESORIOS  SOPORTERÍA. CHALUPA DE SOBREPONER NO DE EMPOTRAR',15,3,332.50,7,'10',1,'0000-00-00 00:00:00','0000-00-00 00:00:00'),(17,1,'SER-15-0017','CABLEADO DE FIBRA OPTICA INCLUYE TENDIDO Y ETIQUETACIÓN F.OPTICA.',15,3,42.75,15,'10',1,'0000-00-00 00:00:00','0000-00-00 00:00:00'),(18,1,'SER-15-0018','CABLEADO DE POTENCIA INCLUYE TENDIDO Y ETIQUETACIÓN',15,3,71.25,15,'10',1,'0000-00-00 00:00:00','0000-00-00 00:00:00'),(19,1,'SER-15-0019','CABLEADO DE CONTROL INCLUYE TENDIDO Y ETIQUETACIÓN',15,3,71.25,15,'10',1,'0000-00-00 00:00:00','0000-00-00 00:00:00'),(20,1,'SER-15-0020','PRUEBA DE RENDIMIENTO POR HILO DE FIBRA OPTICA CON EQUIPO OTDR F.OPTICA',15,3,522.50,14,'10',1,'0000-00-00 00:00:00','0000-00-00 00:00:00'),(21,1,'SER-15-0021','INSTALACIÓN DE KIT DE TIERRA FÍSICA INCLUYENDO LA INSTALACIÓN DEL ELECTRODO T.FISICA. INCLUYE CIMENTACIÓN Y ORIENTACIÓN DE ELECTRODO',15,3,6175.00,7,'10',1,'0000-00-00 00:00:00','0000-00-00 00:00:00'),(22,1,'SER-15-0022','INSTALACIÓN DE RACK/GABINETE DE PARED  INCLUYE  FIJACIÓN DE RACK  PANELES  ORGANIZADORES Y MATERIAL DE FIJACIÓN ',15,3,1140.00,8,'10',1,'0000-00-00 00:00:00','0000-00-00 00:00:00'),(23,1,'SER-15-0023','TRIPLE ALTURA INSTALACIÓN DE GABINETE DE PARED INCLUYE FIJACIÓN Y MATERIAL DE FIJACIÓN  ORGANIZADORES ',15,3,2375.00,8,'10',1,'0000-00-00 00:00:00','0000-00-00 00:00:00'),(24,1,'SER-15-0024','MONTAJE DE ACCES POINT',15,3,332.50,8,'10',1,'0000-00-00 00:00:00','0000-00-00 00:00:00'),(25,1,'SER-15-0025','DOBLE ALTURA MONTAJE DE ACCES POINT',15,3,617.50,8,'10',1,'0000-00-00 00:00:00','0000-00-00 00:00:00'),(26,1,'SER-15-0026','TRIPLE ALTURA MONTAJE DE ACCES POINT',15,3,855.00,8,'10',1,'0000-00-00 00:00:00','0000-00-00 00:00:00'),(27,1,'SER-15-0027','PRUEBA E IDENTIFICACIÓN DE SERVICIO DE DATOS CON EQUIPO CERTIFICADO FLUKE PRECIO POR 14 ',15,3,114.00,16,'10',1,'0000-00-00 00:00:00','0000-00-00 00:00:00'),(28,1,'SER-15-0028','MANTENIMIENTO DE RACK/GABINETE DE COMUNICACIONES  INCLUYE LIMPIEZA EN 2 ETAPAS Y PEINADO Y ORGANIZACIÓN DE CABLEADO  NO INCLUYE LAS PRUEBAS E IDENTIFICACIÓN DE SERVICIO DE DATOS CON EQUIPO CE',15,3,2565.00,14,'10',1,'0000-00-00 00:00:00','0000-00-00 00:00:00'),(29,1,'SER-15-0029','MONTAJE DE CAMARA ',15,3,332.50,8,'10',1,'0000-00-00 00:00:00','0000-00-00 00:00:00'),(30,1,'SER-15-0030','MONTAJE DE CAMARA DOBLE ALTURA ',15,3,617.50,8,'10',1,'0000-00-00 00:00:00','0000-00-00 00:00:00'),(31,1,'SER-15-0031','MONTAJE DE CAMARA TRIPLE ALTURA ',15,3,855.00,8,'10',1,'0000-00-00 00:00:00','0000-00-00 00:00:00'),(32,1,'SER-15-0032','METRO LINEAL DE RANURA Y CIERRE EN CONCRETO ',15,3,807.50,15,'10',1,'0000-00-00 00:00:00','0000-00-00 00:00:00'),(33,1,'SER-15-0033','PASO DE MURO PARA TUBERIA HASTA 1\" ',15,3,997.50,16,'10',1,'0000-00-00 00:00:00','0000-00-00 00:00:00'),(34,1,'SER-15-0034','PASO DE MURO PARA TUBERIA HASTA 2\" ',15,3,997.50,16,'10',1,'0000-00-00 00:00:00','0000-00-00 00:00:00'),(35,1,'SER-15-0035','REGISTRO EN PLAFON CIEGO ',15,3,1187.50,16,'10',1,'0000-00-00 00:00:00','0000-00-00 00:00:00'),(36,1,'SER-15-0036','INSTALACION DE REGISTRO HERMETICO ALTURA SIMPLE ',15,3,380.00,16,'10',1,'0000-00-00 00:00:00','0000-00-00 00:00:00'),(37,1,'SER-15-0037','INSTALACION DE REGISTRO HERMETICO ALTURA DOBLE ',15,3,665.00,16,'10',1,'0000-00-00 00:00:00','0000-00-00 00:00:00'),(38,1,'SER-15-0038','INSTALACION DE REGISTRO HERMETICO ALTURA TRIPLE ',15,3,855.00,16,'10',1,'0000-00-00 00:00:00','0000-00-00 00:00:00'),(39,1,'SER-15-0039','INSTALACION DE REGISTRO POLIMERICO ',15,3,1710.00,16,'10',1,'0000-00-00 00:00:00','0000-00-00 00:00:00'),(40,1,'SER-15-0040','INSTALACION DE TRAMO DE CANALETA ALTURA SIMPLE ',15,3,66.50,17,'10',1,'0000-00-00 00:00:00','0000-00-00 00:00:00'),(41,1,'SER-15-0041','INSTALACION DE TRAMO DE TUBERIA P.D. DE 1/2\" Y 3/4\" ALTURA SIMPLE ',15,3,95.00,17,'10',1,'0000-00-00 00:00:00','0000-00-00 00:00:00'),(42,1,'SER-15-0042','INSTALACION DE TRAMO DE TUBERIA P.D. DE 1/2\" Y 3/4\" ALTURA DOBLE ',15,3,142.50,17,'10',1,'0000-00-00 00:00:00','0000-00-00 00:00:00'),(43,1,'SER-15-0043','INSTALACION DE TRAMO DE TUBERIA P.D. DE 1/2\" Y 3/4\" ALTURA TRIPLE ',15,3,180.50,17,'10',1,'0000-00-00 00:00:00','0000-00-00 00:00:00'),(44,1,'SER-15-0044','INSTALACION DE TRAMO DE TUBERIA P.G. DE 1/2\" Y 3/4\" ALTURA SIMPLE ',15,3,85.50,17,'10',1,'0000-00-00 00:00:00','0000-00-00 00:00:00'),(45,1,'SER-15-0045','INSTALACION DE TRAMO DE TUBERIA P.G. DE 1/2\" Y 3/4\" ALTURA DOBLE ',15,3,123.50,17,'10',1,'0000-00-00 00:00:00','0000-00-00 00:00:00'),(46,1,'SER-15-0046','INSTALACION DE TRAMO DE TUBERIA P.G. DE 1/2\" Y 3/4\" ALTURA TRIPLE ',15,3,161.50,17,'10',1,'0000-00-00 00:00:00','0000-00-00 00:00:00'),(47,1,'SER-15-0047','INSTALACION DE TRAMO DE TUBERIA P.D. DE 1\" A 2\" ALTURA SIMPLE ',15,3,123.50,17,'10',1,'0000-00-00 00:00:00','0000-00-00 00:00:00'),(48,1,'SER-15-0048','INSTALACION DE TRAMO DE TUBERIA P.D. DE 1\" A 2\" ALTURA DOBLE ',15,3,161.50,17,'10',1,'0000-00-00 00:00:00','0000-00-00 00:00:00'),(49,1,'SER-15-0049','INSTALACION DE TRAMO DE TUBERIA P.D. DE 1\" A 2\" ALTURA TRIPLE ',15,3,190.00,17,'10',1,'0000-00-00 00:00:00','0000-00-00 00:00:00'),(50,1,'SER-15-0050','INSTALACION DE TRAMO DE TUBERIA P.G. DE 1\" A 2\" ALTURA SIMPLE ',15,3,104.50,17,'10',1,'0000-00-00 00:00:00','0000-00-00 00:00:00'),(51,1,'SER-15-0051','INSTALACION DE TRAMO DE TUBERIA P.G. DE 1\" A 2\" ALTURA DOBLE ',15,3,142.50,17,'10',1,'0000-00-00 00:00:00','0000-00-00 00:00:00'),(52,1,'SER-15-0052','INSTALACION DE TRAMO DE TUBERIA P.G. DE 1\" A 2\" ALTURA TRIPLE ',15,3,171.00,17,'10',1,'0000-00-00 00:00:00','0000-00-00 00:00:00'),(53,1,'SER-15-0053','INSTALACION DE ESCALERILLA PORTA CABLE ALTURA SIMPLE ',15,3,123.50,17,'10',1,'0000-00-00 00:00:00','0000-00-00 00:00:00'),(54,1,'SER-15-0054','INSTALACION DE ESCALERILLA PORTA CABLE ALTURA DOBLE ',15,3,161.50,17,'10',1,'0000-00-00 00:00:00','0000-00-00 00:00:00'),(55,1,'SER-15-0055','INSTALACION DE ESCALERILLA PORTA CABLE ALTURA TRIPLE ',15,3,190.00,17,'10',1,'0000-00-00 00:00:00','0000-00-00 00:00:00'),(56,1,'SER-15-0056','INSTALACION DE TUBO FLEXIBLE ALTURA SIMPLE ',15,3,57.00,15,'10',1,'0000-00-00 00:00:00','0000-00-00 00:00:00'),(57,1,'SER-15-0057','INSTALACION DE TUBO FLEXIBLE ALTURA DOBLE ',15,3,80.75,15,'10',1,'0000-00-00 00:00:00','0000-00-00 00:00:00'),(58,1,'SER-15-0058','INSTALACION DE TUBO FLEXIBLE ALTURA TRIPLE ',15,3,95.00,15,'10',1,'0000-00-00 00:00:00','0000-00-00 00:00:00'),(59,1,'SER-15-0059','DIA DE INGENIERO JR. EN SITIO',15,3,1140.00,18,'10',1,'0000-00-00 00:00:00','0000-00-00 00:00:00'),(60,1,'SER-15-0060','DIA DE INGENIERO SR. EN SITIO',15,3,1995.00,18,'10',1,'0000-00-00 00:00:00','0000-00-00 00:00:00'),(61,1,'SER-15-0061','HORA DE SOPORTE TECNICO ESPECIALIZADO REMOTO',15,3,237.50,19,'10',1,'0000-00-00 00:00:00','0000-00-00 00:00:00'),(62,1,'SER-15-0062','CONFIGURACION DE CCTV HASTA 5 CAMARAS',15,3,1710.00,16,'10',1,'0000-00-00 00:00:00','0000-00-00 00:00:00'),(63,1,'SER-15-0063','CONFIGURACION DE CCTV DE 6 A 10 CAMARAS',15,3,2185.00,16,'10',1,'0000-00-00 00:00:00','0000-00-00 00:00:00'),(64,1,'SER-15-0064','CONFIGURACION DE CCTV DE 11 A 25 CAMARAS',15,3,2565.00,16,'10',1,'0000-00-00 00:00:00','0000-00-00 00:00:00'),(66,1,'SER-15-0066','CONFIGURACION DE CCTV DE 26 A 70 CAMARAS',15,3,3087.50,16,'10',1,'0000-00-00 00:00:00','0000-00-00 00:00:00'),(67,1,'SER-15-0067','CONFIGURACION DE CCTV DE 71 A 120 CAMARAS',15,3,3325.00,16,'10',1,'0000-00-00 00:00:00','0000-00-00 00:00:00'),(68,1,'SER-15-0068','INSTALACIÓN Y CONFIGURACIÓN DE 1 ACCESO PEATONAL (CONTROLADOR)',15,3,2375.00,16,'10',1,'0000-00-00 00:00:00','0000-00-00 00:00:00'),(69,1,'SER-15-0069','INSTALACIÓN Y CONFIGURACION DE 1 ACCESO VEHICULAR (BRAZOS HIDRÁULICOS O ELÉCTRICOS + SENSOR MASA)',15,3,4750.00,16,'10',1,'0000-00-00 00:00:00','0000-00-00 00:00:00'),(70,1,'SER-15-0070','INSTALACIÓN Y CONFIGURACION DE 1 ACCESO VEHICULAR (BARRERA + SENSOR MASA)',15,3,7600.00,16,'10',1,'0000-00-00 00:00:00','0000-00-00 00:00:00'),(71,1,'SER-15-0071','CONFIGURACION DE SWITCH PLANO 24 PUERTOS',15,3,6175.00,8,'10',1,'0000-00-00 00:00:00','0000-00-00 00:00:00'),(72,1,'SER-15-0072','CONFIGURACION DE SWITCH SEGMENTADO 2 A 4 VLANS',15,3,7125.00,8,'10',1,'0000-00-00 00:00:00','0000-00-00 00:00:00'),(73,1,'SER-15-0073','CONFIGURACION DE SWITCH SEGMENTADO 5 A 8 VLANS',15,3,8075.00,8,'10',1,'0000-00-00 00:00:00','0000-00-00 00:00:00'),(74,1,'SER-15-0074','CONFIGURACION DE SWITCH SEGMENTADO 9 A 15 VLANS',15,3,9025.00,8,'10',1,'0000-00-00 00:00:00','0000-00-00 00:00:00'),(75,1,'SER-15-0075','INSTALACION DE PUERTA DE CORTESIA',15,3,2375.00,8,'10',1,'0000-00-00 00:00:00','0000-00-00 00:00:00'),(76,1,'SER-15-0076','INSTALACION DE TORNIQUETE MEDIO CUERPO',15,3,3800.00,8,'10',1,'0000-00-00 00:00:00','0000-00-00 00:00:00'),(77,1,'SER-15-0077','INSTALACION DE TORNIQUETE CUERPO COMPLETO',15,3,9500.00,8,'10',1,'0000-00-00 00:00:00','0000-00-00 00:00:00');
/*!40000 ALTER TABLE `servicios` ENABLE KEYS */;
UNLOCK TABLES;

--
-- Table structure for table `statusCotizaciones`
--

DROP TABLE IF EXISTS `statusCotizaciones`;
/*!40101 SET @saved_cs_client     = @@character_set_client */;
/*!40101 SET character_set_client = utf8 */;
CREATE TABLE `statusCotizaciones` (
  `id` int(10) unsigned NOT NULL AUTO_INCREMENT,
  `status` varchar(191) COLLATE utf8mb4_unicode_ci NOT NULL,
  `created_at` timestamp NULL DEFAULT NULL,
  `updated_at` timestamp NULL DEFAULT NULL,
  PRIMARY KEY (`id`)
) ENGINE=InnoDB AUTO_INCREMENT=6 DEFAULT CHARSET=utf8mb4 COLLATE=utf8mb4_unicode_ci;
/*!40101 SET character_set_client = @saved_cs_client */;

--
-- Dumping data for table `statusCotizaciones`
--

LOCK TABLES `statusCotizaciones` WRITE;
/*!40000 ALTER TABLE `statusCotizaciones` DISABLE KEYS */;
INSERT INTO `statusCotizaciones` VALUES (1,'Nuevo','2019-03-20 12:00:00','2019-03-20 12:00:00'),(2,'Proceso',NULL,NULL),(3,'Autorizado',NULL,NULL),(4,'Venta',NULL,NULL),(5,'Cancelación',NULL,NULL);
/*!40000 ALTER TABLE `statusCotizaciones` ENABLE KEYS */;
UNLOCK TABLES;

--
-- Table structure for table `telefonosClientes`
--

DROP TABLE IF EXISTS `telefonosClientes`;
/*!40101 SET @saved_cs_client     = @@character_set_client */;
/*!40101 SET character_set_client = utf8 */;
CREATE TABLE `telefonosClientes` (
  `id` int(10) unsigned NOT NULL AUTO_INCREMENT,
  `empresa_id` int(10) unsigned DEFAULT NULL,
  `tipoTelefono` varchar(191) COLLATE utf8mb4_unicode_ci NOT NULL,
  `pais` int(11) NOT NULL,
  `area` int(11) NOT NULL,
  `telefono` varchar(191) COLLATE utf8mb4_unicode_ci NOT NULL,
  `contacto_id` int(10) unsigned DEFAULT NULL,
  `created_at` timestamp NULL DEFAULT NULL,
  `updated_at` timestamp NULL DEFAULT NULL,
  PRIMARY KEY (`id`),
  KEY `telefonosclientes_empresa_id_foreign` (`empresa_id`),
  KEY `telefonosclientes_contacto_id_foreign` (`contacto_id`),
  CONSTRAINT `telefonosclientes_contacto_id_foreign` FOREIGN KEY (`contacto_id`) REFERENCES `contactosClientes` (`id`),
  CONSTRAINT `telefonosclientes_empresa_id_foreign` FOREIGN KEY (`empresa_id`) REFERENCES `empresas` (`id`)
) ENGINE=InnoDB AUTO_INCREMENT=2 DEFAULT CHARSET=utf8mb4 COLLATE=utf8mb4_unicode_ci;
/*!40101 SET character_set_client = @saved_cs_client */;

--
-- Dumping data for table `telefonosClientes`
--

LOCK TABLES `telefonosClientes` WRITE;
/*!40000 ALTER TABLE `telefonosClientes` DISABLE KEYS */;
INSERT INTO `telefonosClientes` VALUES (1,1,'Principal',52,1,'5567871593',1,'2019-04-08 05:21:04','2019-04-08 05:21:04');
/*!40000 ALTER TABLE `telefonosClientes` ENABLE KEYS */;
UNLOCK TABLES;

--
-- Table structure for table `telefonosProveedores`
--

DROP TABLE IF EXISTS `telefonosProveedores`;
/*!40101 SET @saved_cs_client     = @@character_set_client */;
/*!40101 SET character_set_client = utf8 */;
CREATE TABLE `telefonosProveedores` (
  `id` int(10) unsigned NOT NULL AUTO_INCREMENT,
  `empresa_id` int(10) unsigned DEFAULT NULL,
  `tipoTelefono` varchar(191) COLLATE utf8mb4_unicode_ci NOT NULL,
  `pais` int(11) NOT NULL,
  `area` int(11) NOT NULL,
  `telefono` varchar(191) COLLATE utf8mb4_unicode_ci NOT NULL,
  `contacto_id` int(10) unsigned DEFAULT NULL,
  `created_at` timestamp NULL DEFAULT NULL,
  `updated_at` timestamp NULL DEFAULT NULL,
  PRIMARY KEY (`id`),
  KEY `telefonosproveedores_empresa_id_foreign` (`empresa_id`),
  KEY `telefonosproveedores_contacto_id_foreign` (`contacto_id`),
  CONSTRAINT `telefonosproveedores_contacto_id_foreign` FOREIGN KEY (`contacto_id`) REFERENCES `contactosProveedores` (`id`),
  CONSTRAINT `telefonosproveedores_empresa_id_foreign` FOREIGN KEY (`empresa_id`) REFERENCES `empresas` (`id`)
) ENGINE=InnoDB AUTO_INCREMENT=3 DEFAULT CHARSET=utf8mb4 COLLATE=utf8mb4_unicode_ci;
/*!40101 SET character_set_client = @saved_cs_client */;

--
-- Dumping data for table `telefonosProveedores`
--

LOCK TABLES `telefonosProveedores` WRITE;
/*!40000 ALTER TABLE `telefonosProveedores` DISABLE KEYS */;
INSERT INTO `telefonosProveedores` VALUES (1,1,'Celular',52,55,'55553000',7,'2019-04-09 01:39:25','2019-04-09 01:39:25'),(2,1,'CELULAR',52,55,'5529825759',22,'2019-08-11 01:38:03','2019-08-11 01:38:03');
/*!40000 ALTER TABLE `telefonosProveedores` ENABLE KEYS */;
UNLOCK TABLES;

--
-- Table structure for table `unidades`
--

DROP TABLE IF EXISTS `unidades`;
/*!40101 SET @saved_cs_client     = @@character_set_client */;
/*!40101 SET character_set_client = utf8 */;
CREATE TABLE `unidades` (
  `id` int(10) unsigned NOT NULL AUTO_INCREMENT,
  `empresa_id` int(10) unsigned DEFAULT NULL,
  `unidad` varchar(191) COLLATE utf8mb4_unicode_ci NOT NULL,
  `descripcion` varchar(191) COLLATE utf8mb4_unicode_ci NOT NULL,
  `created_at` timestamp NULL DEFAULT NULL,
  `updated_at` timestamp NULL DEFAULT NULL,
  PRIMARY KEY (`id`),
  KEY `unidades_empresa_id_foreign` (`empresa_id`),
  CONSTRAINT `unidades_empresa_id_foreign` FOREIGN KEY (`empresa_id`) REFERENCES `empresas` (`id`)
) ENGINE=InnoDB AUTO_INCREMENT=20 DEFAULT CHARSET=utf8mb4 COLLATE=utf8mb4_unicode_ci;
/*!40101 SET character_set_client = @saved_cs_client */;

--
-- Dumping data for table `unidades`
--

LOCK TABLES `unidades` WRITE;
/*!40000 ALTER TABLE `unidades` DISABLE KEYS */;
INSERT INTO `unidades` VALUES (2,1,'Kg','Kilogramo',NULL,NULL),(3,1,'M.O.','Mano de obra',NULL,NULL),(4,1,'FT','Pie',NULL,NULL),(5,1,'Renta','',NULL,NULL),(6,1,'Traslado','',NULL,NULL),(7,1,'Pendiente','No se ha asignado la unidad',NULL,NULL),(8,1,'PZA.','Pieza',NULL,NULL),(9,1,'KIT','',NULL,NULL),(14,1,'NODO','',NULL,NULL),(15,1,'M','Metro',NULL,NULL),(16,1,'Servicio','',NULL,NULL),(17,1,'Tramo','',NULL,NULL),(18,1,'Dia','Dia',NULL,NULL),(19,1,'Hr.','Hora',NULL,NULL);
/*!40000 ALTER TABLE `unidades` ENABLE KEYS */;
UNLOCK TABLES;

--
-- Table structure for table `valoresCotizaciones`
--

DROP TABLE IF EXISTS `valoresCotizaciones`;
/*!40101 SET @saved_cs_client     = @@character_set_client */;
/*!40101 SET character_set_client = utf8 */;
CREATE TABLE `valoresCotizaciones` (
  `id` int(10) unsigned NOT NULL AUTO_INCREMENT,
  `cotizacion` varchar(191) COLLATE utf8mb4_unicode_ci NOT NULL,
  `version` varchar(191) COLLATE utf8mb4_unicode_ci NOT NULL,
  `empresa_id` int(10) unsigned DEFAULT NULL,
  `material` int(11) NOT NULL,
  `servicio` int(11) NOT NULL,
  `codigo` varchar(191) COLLATE utf8mb4_unicode_ci NOT NULL,
  `nombre` varchar(191) COLLATE utf8mb4_unicode_ci NOT NULL,
  `marca_id` int(10) unsigned DEFAULT NULL,
  `linea_id` int(10) unsigned DEFAULT NULL,
  `costo` decimal(10,2) NOT NULL,
  `margen` decimal(8,2) NOT NULL,
  `cantidad` int(11) NOT NULL,
  `restanteOrdenes` int(11) NOT NULL,
  `unidad_id` int(10) unsigned DEFAULT NULL,
  `proveedor` text COLLATE utf8mb4_unicode_ci NOT NULL,
  `moneda_id` int(10) unsigned DEFAULT NULL,
  `created_at` timestamp NULL DEFAULT NULL,
  `updated_at` timestamp NULL DEFAULT NULL,
  PRIMARY KEY (`id`),
  KEY `valorescotizaciones_empresa_id_foreign` (`empresa_id`),
  KEY `valorescotizaciones_marca_id_foreign` (`marca_id`),
  KEY `valorescotizaciones_linea_id_foreign` (`linea_id`),
  KEY `valorescotizaciones_unidad_id_foreign` (`unidad_id`),
  KEY `valorescotizaciones_moneda_id_foreign` (`moneda_id`),
  CONSTRAINT `valorescotizaciones_empresa_id_foreign` FOREIGN KEY (`empresa_id`) REFERENCES `empresas` (`id`),
  CONSTRAINT `valorescotizaciones_linea_id_foreign` FOREIGN KEY (`linea_id`) REFERENCES `lineas` (`id`),
  CONSTRAINT `valorescotizaciones_marca_id_foreign` FOREIGN KEY (`marca_id`) REFERENCES `marcas` (`id`),
  CONSTRAINT `valorescotizaciones_moneda_id_foreign` FOREIGN KEY (`moneda_id`) REFERENCES `monedas` (`id`),
  CONSTRAINT `valorescotizaciones_unidad_id_foreign` FOREIGN KEY (`unidad_id`) REFERENCES `unidades` (`id`)
) ENGINE=InnoDB AUTO_INCREMENT=31 DEFAULT CHARSET=utf8mb4 COLLATE=utf8mb4_unicode_ci;
/*!40101 SET character_set_client = @saved_cs_client */;

--
-- Dumping data for table `valoresCotizaciones`
--

LOCK TABLES `valoresCotizaciones` WRITE;
/*!40000 ALTER TABLE `valoresCotizaciones` DISABLE KEYS */;
INSERT INTO `valoresCotizaciones` VALUES (11,'4','0',1,1,0,'TT-101-PVT','VIDEO + PODER: 300 M. TRANSMISOR PASIVO DE VIDEO + ALIMENTACIÓN DE 1 CANAL 12VCD, 1A',31,5,12.00,22.00,10,10,8,'15',2,'2019-07-22 00:37:58','2019-07-22 00:37:58'),(12,'4','0',1,1,0,'TT-104-PVR','VIDEO + PODER: 300 M RECEPTOR DE VIDEO PASIVO + ALIMENTACIÓN DE 4 CANALES',31,5,49.00,22.00,5,5,8,'15',2,'2019-07-22 00:38:06','2019-07-22 00:38:06'),(13,'4','0',1,0,1,'SER-15-0077','INSTALACION DE TORNIQUETE CUERPO COMPLETO',15,3,9500.00,37.00,2,2,8,'10',1,'2019-07-22 00:38:33','2019-07-22 00:38:33'),(14,'4','1',1,1,0,'TT-101-PVT','VIDEO + PODER: 300 M. TRANSMISOR PASIVO DE VIDEO + ALIMENTACIÓN DE 1 CANAL 12VCD, 1A',31,5,12.00,22.00,10,10,8,'15',2,'2019-07-22 00:39:15','2019-07-22 00:39:15'),(15,'4','1',1,1,0,'TT-104-PVR','VIDEO + PODER: 300 M RECEPTOR DE VIDEO PASIVO + ALIMENTACIÓN DE 4 CANALES',31,5,49.00,22.00,5,5,8,'15',2,'2019-07-22 00:39:15','2019-07-22 00:39:15'),(16,'4','1',1,0,1,'SER-15-0077','INSTALACION DE TORNIQUETE CUERPO COMPLETO',15,3,9500.00,37.00,2,2,8,'10',1,'2019-07-22 00:39:15','2019-07-22 00:39:15'),(17,'6','0',1,1,0,'TT-101-PVT','VIDEO + PODER: 300 M. TRANSMISOR PASIVO DE VIDEO + ALIMENTACIÓN DE 1 CANAL 12VCD, 1A',31,5,12.00,22.00,1,1,8,'15',2,'2019-07-22 03:01:59','2019-07-22 03:01:59'),(18,'6','0',1,1,0,'TT-108-VPADR','VIDEO + PODER + AUDIO + DATOS, RECEPTOR DE VIDEO PASIVO + ALIMENTACIÓN DE 8 CANALES',31,5,19.00,22.00,5,5,8,'15',2,'2019-07-22 03:02:11','2019-07-22 03:02:11'),(19,'6','0',1,0,1,'SER-15-0077','INSTALACION DE TORNIQUETE CUERPO COMPLETO',15,3,9500.00,37.00,4,4,8,'10',1,'2019-07-22 03:02:55','2019-07-22 03:02:55'),(20,'6','1',1,1,0,'TT-101-PVT','VIDEO + PODER: 300 M. TRANSMISOR PASIVO DE VIDEO + ALIMENTACIÓN DE 1 CANAL 12VCD, 1A',31,5,12.00,22.00,1,1,8,'15',2,'2019-07-22 03:04:33','2019-07-22 03:04:33'),(21,'6','1',1,1,0,'TT-108-VPADR','VIDEO + PODER + AUDIO + DATOS, RECEPTOR DE VIDEO PASIVO + ALIMENTACIÓN DE 8 CANALES',31,5,19.00,22.00,5,5,8,'15',2,'2019-07-22 03:04:33','2019-07-22 03:04:33'),(22,'6','1',1,0,1,'SER-15-0077','INSTALACION DE TORNIQUETE CUERPO COMPLETO',15,3,9500.00,37.00,4,4,8,'10',1,'2019-07-22 03:04:33','2019-07-22 03:04:33'),(23,'11','0',1,1,0,'TT-101-PVT','VIDEO + PODER: 300 M. TRANSMISOR PASIVO DE VIDEO + ALIMENTACIÓN DE 1 CANAL 12VCD, 1A',31,5,12.00,15.00,5,5,8,'15',2,'2019-11-19 17:56:22','2019-11-19 17:56:22'),(24,'11','0',1,1,0,'SMX3000RMLV2U','UPS, SMART-UPS SMX 2880VA/2700W, 120V, CONECTIVIDAD USB & SERIAL, DISPLAY LCD, ACCESO FRONTAL, ADMINISTRABLE EN RED, LINEA INTERACTIVA, AUTONOMIA ESCALABLE, RACK 2U - TORRE NEGRO MONOFASICA',24,4,1195.78,22.00,6,6,8,'1',2,'2019-11-19 17:56:39','2019-11-19 17:56:39'),(25,'11','0',1,0,1,'SER-15-0077','INSTALACION DE TORNIQUETE CUERPO COMPLETO',15,3,9500.00,20.00,2,2,8,'10',1,'2019-11-19 17:57:00','2019-11-19 17:57:00'),(26,'11','0',1,0,1,'SER-15-0076','INSTALACION DE TORNIQUETE MEDIO CUERPO',15,3,3800.00,37.00,7,7,8,'10',1,'2019-11-19 17:57:08','2019-11-19 17:57:08'),(27,'11','1',1,1,0,'TT-101-PVT','VIDEO + PODER: 300 M. TRANSMISOR PASIVO DE VIDEO + ALIMENTACIÓN DE 1 CANAL 12VCD, 1A',31,5,12.00,15.00,5,5,8,'15',2,'2019-11-19 18:07:11','2019-11-19 18:07:11'),(28,'11','1',1,1,0,'SMX3000RMLV2U','UPS, SMART-UPS SMX 2880VA/2700W, 120V, CONECTIVIDAD USB & SERIAL, DISPLAY LCD, ACCESO FRONTAL, ADMINISTRABLE EN RED, LINEA INTERACTIVA, AUTONOMIA ESCALABLE, RACK 2U - TORRE NEGRO MONOFASICA',24,4,1195.78,22.00,6,6,8,'1',2,'2019-11-19 18:07:11','2019-11-19 18:07:11'),(29,'11','1',1,0,1,'SER-15-0077','INSTALACION DE TORNIQUETE CUERPO COMPLETO',15,3,9500.00,20.00,2,2,8,'10',1,'2019-11-19 18:07:11','2019-11-19 18:07:11'),(30,'11','1',1,0,1,'SER-15-0076','INSTALACION DE TORNIQUETE MEDIO CUERPO',15,3,3800.00,37.00,7,7,8,'10',1,'2019-11-19 18:07:11','2019-11-19 18:07:11');
/*!40000 ALTER TABLE `valoresCotizaciones` ENABLE KEYS */;
UNLOCK TABLES;

--
-- Table structure for table `valoresOrdenes`
--

DROP TABLE IF EXISTS `valoresOrdenes`;
/*!40101 SET @saved_cs_client     = @@character_set_client */;
/*!40101 SET character_set_client = utf8 */;
CREATE TABLE `valoresOrdenes` (
  `id` int(10) unsigned NOT NULL AUTO_INCREMENT,
  `cotizacion` varchar(191) COLLATE utf8mb4_unicode_ci NOT NULL,
  `orden` varchar(191) COLLATE utf8mb4_unicode_ci NOT NULL,
  `version` varchar(191) COLLATE utf8mb4_unicode_ci NOT NULL,
  `empresa_id` int(10) unsigned DEFAULT NULL,
  `material` int(11) NOT NULL,
  `servicio` int(11) NOT NULL,
  `codigo` varchar(191) COLLATE utf8mb4_unicode_ci NOT NULL,
  `nombre` varchar(191) COLLATE utf8mb4_unicode_ci NOT NULL,
  `marca_id` int(10) unsigned DEFAULT NULL,
  `linea_id` int(10) unsigned DEFAULT NULL,
  `costo` decimal(10,2) NOT NULL,
  `cantidad` int(11) NOT NULL,
  `unidad_id` int(10) unsigned DEFAULT NULL,
  `proveedor` varchar(191) COLLATE utf8mb4_unicode_ci NOT NULL,
  `moneda_id` int(10) unsigned DEFAULT NULL,
  `created_at` timestamp NULL DEFAULT NULL,
  `updated_at` timestamp NULL DEFAULT NULL,
  PRIMARY KEY (`id`),
  KEY `valoresordenes_empresa_id_foreign` (`empresa_id`),
  KEY `valoresordenes_marca_id_foreign` (`marca_id`),
  KEY `valoresordenes_linea_id_foreign` (`linea_id`),
  KEY `valoresordenes_unidad_id_foreign` (`unidad_id`),
  KEY `valoresordenes_moneda_id_foreign` (`moneda_id`),
  CONSTRAINT `valoresordenes_empresa_id_foreign` FOREIGN KEY (`empresa_id`) REFERENCES `empresas` (`id`),
  CONSTRAINT `valoresordenes_linea_id_foreign` FOREIGN KEY (`linea_id`) REFERENCES `lineas` (`id`),
  CONSTRAINT `valoresordenes_marca_id_foreign` FOREIGN KEY (`marca_id`) REFERENCES `marcas` (`id`),
  CONSTRAINT `valoresordenes_moneda_id_foreign` FOREIGN KEY (`moneda_id`) REFERENCES `monedas` (`id`),
  CONSTRAINT `valoresordenes_unidad_id_foreign` FOREIGN KEY (`unidad_id`) REFERENCES `unidades` (`id`)
) ENGINE=InnoDB DEFAULT CHARSET=utf8mb4 COLLATE=utf8mb4_unicode_ci;
/*!40101 SET character_set_client = @saved_cs_client */;

--
-- Dumping data for table `valoresOrdenes`
--

LOCK TABLES `valoresOrdenes` WRITE;
/*!40000 ALTER TABLE `valoresOrdenes` DISABLE KEYS */;
/*!40000 ALTER TABLE `valoresOrdenes` ENABLE KEYS */;
UNLOCK TABLES;
/*!40103 SET TIME_ZONE=@OLD_TIME_ZONE */;

/*!40101 SET SQL_MODE=@OLD_SQL_MODE */;
/*!40014 SET FOREIGN_KEY_CHECKS=@OLD_FOREIGN_KEY_CHECKS */;
/*!40014 SET UNIQUE_CHECKS=@OLD_UNIQUE_CHECKS */;
/*!40101 SET CHARACTER_SET_CLIENT=@OLD_CHARACTER_SET_CLIENT */;
/*!40101 SET CHARACTER_SET_RESULTS=@OLD_CHARACTER_SET_RESULTS */;
/*!40101 SET COLLATION_CONNECTION=@OLD_COLLATION_CONNECTION */;
/*!40111 SET SQL_NOTES=@OLD_SQL_NOTES */;

-- Dump completed on 2020-01-27 23:23:18

